source,listing_id,detail_url,search_url,area_m2,is_furnished,bedrooms,region,address,photo_id,subtitle,label,image_url,image_path,downloaded,bytes
quintoandar,892937132,https://www.quintoandar.com.br/imovel/892937132/alugar/casa-5-quartos-vila-jacui-sao-paulo,https://www.quintoandar.com.br/alugar/imovel/sao-paulo-sp-brasil/mobiliado,340,True,5,Vila Jacuí,"Avenida Tenente Laudelino Ferreira do Amaral, Vila Jacuí, São Paulo",3813686,Sala,sala,https://www.quintoandar.com.br/img/med/892937132-601.8884705279253IMG0233.jpg,data/external/quintoandar/images/sala/892937132_002_3813686_sala.jpg,True,17024
quintoandar,892937132,https://www.quintoandar.com.br/imovel/892937132/alugar/casa-5-quartos-vila-jacui-sao-paulo,https://www.quintoandar.com.br/alugar/imovel/sao-paulo-sp-brasil/mobiliado,340,True,5,Vila Jacuí,"Avenida Tenente Laudelino Ferreira do Amaral, Vila Jacuí, São Paulo",3813687,Sala,sala,https://www.quintoandar.com.br/img/med/892937132-346.5513398329897IMG0234.jpg,data/external/quintoandar/images/sala/892937132_003_3813687_sala.jpg,True,20420
quintoandar,892937132,https://www.quintoandar.com.br/imovel/892937132/alugar/casa-5-quartos-vila-jacui-sao-paulo,https://www.quintoandar.com.br/alugar/imovel/sao-paulo-sp-brasil/mobiliado,340,True,5,Vila Jacuí,"Avenida Tenente Laudelino Ferreira do Amaral, Vila Jacuí, São Paulo",3813688,Sala,sala,https://www.quintoandar.com.br/img/med/892937132-827.5020360002669IMG0235.jpg,data/external/quintoandar/images/sala/892937132_004_3813688_sala.jpg,True,20574
quintoandar,892937132,https://www.quintoandar.com.br/imovel/892937132/alugar/casa-5-quartos-vila-jacui-sao-paulo,https://www.quintoandar.com.br/alugar/imovel/sao-paulo-sp-brasil/mobiliado,340,True,5,Vila Jacuí,"Avenida Tenente Laudelino Ferreira do Amaral, Vila Jacuí, São Paulo",3813626,Detalhe sala,sala,https://www.quintoandar.com.br/img/med/892937132-711.2888053382566IMG0164.jpg,data/external/quintoandar/images/sala/892937132_005_3813626_detalhe_sala.jpg,True,14433
quintoandar,892937132,https://www.quintoandar.com.br/imovel/892937132/alugar/casa-5-quartos-vila-jacui-sao-paulo,https://www.quintoandar.com.br/alugar/imovel/sao-paulo-sp-brasil/mobiliado,340,True,5,Vila Jacuí,"Avenida Tenente Laudelino Ferreira do Amaral, Vila Jacuí, São Paulo",3813627,Ar condicionado Sala,sala,https://www.quintoandar.com.br/img/med/892937132-503.35102983656685IMG0165.jpg,data/external/quintoandar/images/sala/892937132_006_3813627_ar_condicionado_sala.jpg,True,9370
quintoandar,892937132,https://www.quintoandar.com.br/imovel/892937132/alugar/casa-5-quartos-vila-jacui-sao-paulo,https://www.quintoandar.com.br/alugar/imovel/sao-paulo-sp-brasil/mobiliado,340,True,5,Vila Jacuí,"Avenida Tenente Laudelino Ferreira do Amaral, Vila Jacuí, São Paulo",3813628,Corredor,corredor,https://www.quintoandar.com.br/img/med/892937132-668.9866287351314IMG0166.jpg,data/external/quintoandar/images/corredor/892937132_007_3813628_corredor.jpg,True,9041
quintoandar,892937132,https://www.quintoandar.com.br/imovel/892937132/alugar/casa-5-quartos-vila-jacui-sao-paulo,https://www.quintoandar.com.br/alugar/imovel/sao-paulo-sp-brasil/mobiliado,340,True,5,Vila Jacuí,"Avenida Tenente Laudelino Ferreira do Amaral, Vila Jacuí, São Paulo",3813629,Lavabo,banheiro,https://www.quintoandar.com.br/img/med/892937132-49.79913251604917IMG0167.jpg,data/external/quintoandar/images/banheiro/892937132_008_3813629_lavabo.jpg,True,10077
quintoandar,892937132,https://www.quintoandar.com.br/imovel/892937132/alugar/casa-5-quartos-vila-jacui-sao-paulo,https://www.quintoandar.com.br/alugar/imovel/sao-paulo-sp-brasil/mobiliado,340,True,5,Vila Jacuí,"Avenida Tenente Laudelino Ferreira do Amaral, Vila Jacuí, São Paulo",3813630,Detalhe lavabo,banheiro,https://www.quintoandar.com.br/img/med/892937132-368.6274796333335IMG0168.jpg,data/external/quintoandar/images/banheiro/892937132_009_3813630_detalhe_lavabo.jpg,True,25479
quintoandar,892937132,https://www.quintoandar.com.br/imovel/892937132/alugar/casa-5-quartos-vila-jacui-sao-paulo,https://www.quintoandar.com.br/alugar/imovel/sao-paulo-sp-brasil/mobiliado,340,True,5,Vila Jacuí,"Avenida Tenente Laudelino Ferreira do Amaral, Vila Jacuí, São Paulo",3813667,Quarto 1,quarto,https://www.quintoandar.com.br/img/med/892937132-295.02595223262887IMG0210.jpg,data/external/quintoandar/images/quarto/892937132_011_3813667_quarto_1.jpg,True,18974
quintoandar,892937132,https://www.quintoandar.com.br/imovel/892937132/alugar/casa-5-quartos-vila-jacui-sao-paulo,https://www.quintoandar.com.br/alugar/imovel/sao-paulo-sp-brasil/mobiliado,340,True,5,Vila Jacuí,"Avenida Tenente Laudelino Ferreira do Amaral, Vila Jacuí, São Paulo",3813668,Quarto 1,quarto,https://www.quintoandar.com.br/img/med/892937132-98.51643386041874IMG0211.jpg,data/external/quintoandar/images/quarto/892937132_012_3813668_quarto_1.jpg,True,23710
quintoandar,892937132,https://www.quintoandar.com.br/imovel/892937132/alugar/casa-5-quartos-vila-jacui-sao-paulo,https://www.quintoandar.com.br/alugar/imovel/sao-paulo-sp-brasil/mobiliado,340,True,5,Vila Jacuí,"Avenida Tenente Laudelino Ferreira do Amaral, Vila Jacuí, São Paulo",3813669,Quarto 1,quarto,https://www.quintoandar.com.br/img/med/892937132-823.7627908081718IMG0212.jpg,data/external/quintoandar/images/quarto/892937132_013_3813669_quarto_1.jpg,True,25449
quintoandar,892937132,https://www.quintoandar.com.br/imovel/892937132/alugar/casa-5-quartos-vila-jacui-sao-paulo,https://www.quintoandar.com.br/alugar/imovel/sao-paulo-sp-brasil/mobiliado,340,True,5,Vila Jacuí,"Avenida Tenente Laudelino Ferreira do Amaral, Vila Jacuí, São Paulo",3813670,Ar condicionado quarto 1,quarto,https://www.quintoandar.com.br/img/med/892937132-785.9517905264236IMG0213.jpg,data/external/quintoandar/images/quarto/892937132_014_3813670_ar_condicionado_quarto_1.jpg,True,10527
quintoandar,892937132,https://www.quintoandar.com.br/imovel/892937132/alugar/casa-5-quartos-vila-jacui-sao-paulo,https://www.quintoandar.com.br/alugar/imovel/sao-paulo-sp-brasil/mobiliado,340,True,5,Vila Jacuí,"Avenida Tenente Laudelino Ferreira do Amaral, Vila Jacuí, São Paulo",3813671,Quarto 2,quarto,https://www.quintoandar.com.br/img/med/892937132-759.479613144408IMG0214.jpg,data/external/quintoandar/images/quarto/892937132_015_3813671_quarto_2.jpg,True,13971
quintoandar,892937132,https://www.quintoandar.com.br/imovel/892937132/alugar/casa-5-quartos-vila-jacui-sao-paulo,https://www.quintoandar.com.br/alugar/imovel/sao-paulo-sp-brasil/mobiliado,340,True,5,Vila Jacuí,"Avenida Tenente Laudelino Ferreira do Amaral, Vila Jacuí, São Paulo",3813672,Quarto 2,quarto,https://www.quintoandar.com.br/img/med/892937132-731.6461883703685IMG0215.jpg,data/external/quintoandar/images/quarto/892937132_016_3813672_quarto_2.jpg,True,17322
quintoandar,892937132,https://www.quintoandar.com.br/imovel/892937132/alugar/casa-5-quartos-vila-jacui-sao-paulo,https://www.quintoandar.com.br/alugar/imovel/sao-paulo-sp-brasil/mobiliado,340,True,5,Vila Jacuí,"Avenida Tenente Laudelino Ferreira do Amaral, Vila Jacuí, São Paulo",3813673,Quarto 2,quarto,https://www.quintoandar.com.br/img/med/892937132-506.3864115951977IMG0216.jpg,data/external/quintoandar/images/quarto/892937132_017_3813673_quarto_2.jpg,True,17163
quintoandar,892937132,https://www.quintoandar.com.br/imovel/892937132/alugar/casa-5-quartos-vila-jacui-sao-paulo,https://www.quintoandar.com.br/alugar/imovel/sao-paulo-sp-brasil/mobiliado,340,True,5,Vila Jacuí,"Avenida Tenente Laudelino Ferreira do Amaral, Vila Jacuí, São Paulo",3813674,Banheiro Quartos,quarto_banheiro,https://www.quintoandar.com.br/img/med/892937132-707.5323298887729IMG0217.jpg,data/external/quintoandar/images/quarto_banheiro/892937132_018_3813674_banheiro_quartos.jpg,True,12633
quintoandar,892937132,https://www.quintoandar.com.br/imovel/892937132/alugar/casa-5-quartos-vila-jacui-sao-paulo,https://www.quintoandar.com.br/alugar/imovel/sao-paulo-sp-brasil/mobiliado,340,True,5,Vila Jacuí,"Avenida Tenente Laudelino Ferreira do Amaral, Vila Jacuí, São Paulo",3813675,Banheiro Quartos,quarto_banheiro,https://www.quintoandar.com.br/img/med/892937132-601.9168546189419IMG0218.jpg,data/external/quintoandar/images/quarto_banheiro/892937132_019_3813675_banheiro_quartos.jpg,True,10849
quintoandar,892937132,https://www.quintoandar.com.br/imovel/892937132/alugar/casa-5-quartos-vila-jacui-sao-paulo,https://www.quintoandar.com.br/alugar/imovel/sao-paulo-sp-brasil/mobiliado,340,True,5,Vila Jacuí,"Avenida Tenente Laudelino Ferreira do Amaral, Vila Jacuí, São Paulo",3813677,Banheiro Quartos,quarto_banheiro,https://www.quintoandar.com.br/img/med/892937132-253.24296346661455IMG0221.jpg,data/external/quintoandar/images/quarto_banheiro/892937132_020_3813677_banheiro_quartos.jpg,True,10288
quintoandar,892937132,https://www.quintoandar.com.br/imovel/892937132/alugar/casa-5-quartos-vila-jacui-sao-paulo,https://www.quintoandar.com.br/alugar/imovel/sao-paulo-sp-brasil/mobiliado,340,True,5,Vila Jacuí,"Avenida Tenente Laudelino Ferreira do Amaral, Vila Jacuí, São Paulo",3813676,Detalhe banheiro quartos,quarto_banheiro,https://www.quintoandar.com.br/img/med/892937132-717.6574897449512IMG0220.jpg,data/external/quintoandar/images/quarto_banheiro/892937132_021_3813676_detalhe_banheiro_quartos.jpg,True,14266
quintoandar,892937132,https://www.quintoandar.com.br/imovel/892937132/alugar/casa-5-quartos-vila-jacui-sao-paulo,https://www.quintoandar.com.br/alugar/imovel/sao-paulo-sp-brasil/mobiliado,340,True,5,Vila Jacuí,"Avenida Tenente Laudelino Ferreira do Amaral, Vila Jacuí, São Paulo",3813678,Suíte,quarto,https://www.quintoandar.com.br/img/med/892937132-432.9050007753069IMG0222.jpg,data/external/quintoandar/images/quarto/892937132_022_3813678_suite.jpg,True,16635
quintoandar,892937132,https://www.quintoandar.com.br/imovel/892937132/alugar/casa-5-quartos-vila-jacui-sao-paulo,https://www.quintoandar.com.br/alugar/imovel/sao-paulo-sp-brasil/mobiliado,340,True,5,Vila Jacuí,"Avenida Tenente Laudelino Ferreira do Amaral, Vila Jacuí, São Paulo",3813679,Suíte,quarto,https://www.quintoandar.com.br/img/med/892937132-93.33586092596269IMG0223.jpg,data/external/quintoandar/images/quarto/892937132_023_3813679_suite.jpg,True,21127
quintoandar,892937132,https://www.quintoandar.com.br/imovel/892937132/alugar/casa-5-quartos-vila-jacui-sao-paulo,https://www.quintoandar.com.br/alugar/imovel/sao-paulo-sp-brasil/mobiliado,340,True,5,Vila Jacuí,"Avenida Tenente Laudelino Ferreira do Amaral, Vila Jacuí, São Paulo",3813680,Suíte,quarto,https://www.quintoandar.com.br/img/med/892937132-980.9442596281924IMG0224.jpg,data/external/quintoandar/images/quarto/892937132_024_3813680_suite.jpg,True,17246
quintoandar,892937132,https://www.quintoandar.com.br/imovel/892937132/alugar/casa-5-quartos-vila-jacui-sao-paulo,https://www.quintoandar.com.br/alugar/imovel/sao-paulo-sp-brasil/mobiliado,340,True,5,Vila Jacuí,"Avenida Tenente Laudelino Ferreira do Amaral, Vila Jacuí, São Paulo",3813681,Ar condicionado suíte,quarto,https://www.quintoandar.com.br/img/med/892937132-133.08592883251603IMG0225.jpg,data/external/quintoandar/images/quarto/892937132_025_3813681_ar_condicionado_suite.jpg,True,10023
quintoandar,892937132,https://www.quintoandar.com.br/imovel/892937132/alugar/casa-5-quartos-vila-jacui-sao-paulo,https://www.quintoandar.com.br/alugar/imovel/sao-paulo-sp-brasil/mobiliado,340,True,5,Vila Jacuí,"Avenida Tenente Laudelino Ferreira do Amaral, Vila Jacuí, São Paulo",3813682,Banheiro da Suíte,quarto_banheiro,https://www.quintoandar.com.br/img/med/892937132-537.4430851004962IMG0227.jpg,data/external/quintoandar/images/quarto_banheiro/892937132_026_3813682_banheiro_da_suite.jpg,True,12350
quintoandar,892937132,https://www.quintoandar.com.br/imovel/892937132/alugar/casa-5-quartos-vila-jacui-sao-paulo,https://www.quintoandar.com.br/alugar/imovel/sao-paulo-sp-brasil/mobiliado,340,True,5,Vila Jacuí,"Avenida Tenente Laudelino Ferreira do Amaral, Vila Jacuí, São Paulo",3813685,Banheiro da Suíte,quarto_banheiro,https://www.quintoandar.com.br/img/med/892937132-133.66022979522086IMG0230.jpg,data/external/quintoandar/images/quarto_banheiro/892937132_027_3813685_banheiro_da_suite.jpg,True,10507
quintoandar,892937132,https://www.quintoandar.com.br/imovel/892937132/alugar/casa-5-quartos-vila-jacui-sao-paulo,https://www.quintoandar.com.br/alugar/imovel/sao-paulo-sp-brasil/mobiliado,340,True,5,Vila Jacuí,"Avenida Tenente Laudelino Ferreira do Amaral, Vila Jacuí, São Paulo",3813683,Detalhe banheiro da suíte,quarto_banheiro,https://www.quintoandar.com.br/img/med/892937132-606.218755478073IMG0228.jpg,data/external/quintoandar/images/quarto_banheiro/892937132_028_3813683_detalhe_banheiro_da_suite.jpg,True,39884
quintoandar,892937132,https://www.quintoandar.com.br/imovel/892937132/alugar/casa-5-quartos-vila-jacui-sao-paulo,https://www.quintoandar.com.br/alugar/imovel/sao-paulo-sp-brasil/mobiliado,340,True,5,Vila Jacuí,"Avenida Tenente Laudelino Ferreira do Amaral, Vila Jacuí, São Paulo",3813684,Detalhe banheiro da suíte,quarto_banheiro,https://www.quintoandar.com.br/img/med/892937132-246.26744056515204IMG0229.jpg,data/external/quintoandar/images/quarto_banheiro/892937132_029_3813684_detalhe_banheiro_da_suite.jpg,True,6940
quintoandar,892937132,https://www.quintoandar.com.br/imovel/892937132/alugar/casa-5-quartos-vila-jacui-sao-paulo,https://www.quintoandar.com.br/alugar/imovel/sao-paulo-sp-brasil/mobiliado,340,True,5,Vila Jacuí,"Avenida Tenente Laudelino Ferreira do Amaral, Vila Jacuí, São Paulo",3813632,Cozinha,cozinha,https://www.quintoandar.com.br/img/med/892937132-826.0660445576649IMG0170.jpg,data/external/quintoandar/images/cozinha/892937132_031_3813632_cozinha.jpg,True,27011
quintoandar,892937132,https://www.quintoandar.com.br/imovel/892937132/alugar/casa-5-quartos-vila-jacui-sao-paulo,https://www.quintoandar.com.br/alugar/imovel/sao-paulo-sp-brasil/mobiliado,340,True,5,Vila Jacuí,"Avenida Tenente Laudelino Ferreira do Amaral, Vila Jacuí, São Paulo",3813633,Cozinha,cozinha,https://www.quintoandar.com.br/img/med/892937132-202.2875559065167IMG0171.jpg,data/external/quintoandar/images/cozinha/892937132_032_3813633_cozinha.jpg,True,27005
quintoandar,892937132,https://www.quintoandar.com.br/imovel/892937132/alugar/casa-5-quartos-vila-jacui-sao-paulo,https://www.quintoandar.com.br/alugar/imovel/sao-paulo-sp-brasil/mobiliado,340,True,5,Vila Jacuí,"Avenida Tenente Laudelino Ferreira do Amaral, Vila Jacuí, São Paulo",3813634,Detalhe cozinha,cozinha,https://www.quintoandar.com.br/img/med/892937132-112.19465529319316IMG0173.jpg,data/external/quintoandar/images/cozinha/892937132_033_3813634_detalhe_cozinha.jpg,True,25901
quintoandar,892937132,https://www.quintoandar.com.br/imovel/892937132/alugar/casa-5-quartos-vila-jacui-sao-paulo,https://www.quintoandar.com.br/alugar/imovel/sao-paulo-sp-brasil/mobiliado,340,True,5,Vila Jacuí,"Avenida Tenente Laudelino Ferreira do Amaral, Vila Jacuí, São Paulo",3813635,Quarto de Serviço 1,quarto,https://www.quintoandar.com.br/img/med/892937132-329.4069967855846IMG0174.jpg,data/external/quintoandar/images/quarto/892937132_034_3813635_quarto_de_servico_1.jpg,True,21050
quintoandar,892937132,https://www.quintoandar.com.br/imovel/892937132/alugar/casa-5-quartos-vila-jacui-sao-paulo,https://www.quintoandar.com.br/alugar/imovel/sao-paulo-sp-brasil/mobiliado,340,True,5,Vila Jacuí,"Avenida Tenente Laudelino Ferreira do Amaral, Vila Jacuí, São Paulo",3813636,Quarto de Serviço 1,quarto,https://www.quintoandar.com.br/img/med/892937132-988.0479108568233IMG0175.jpg,data/external/quintoandar/images/quarto/892937132_035_3813636_quarto_de_servico_1.jpg,True,13807
quintoandar,892937132,https://www.quintoandar.com.br/imovel/892937132/alugar/casa-5-quartos-vila-jacui-sao-paulo,https://www.quintoandar.com.br/alugar/imovel/sao-paulo-sp-brasil/mobiliado,340,True,5,Vila Jacuí,"Avenida Tenente Laudelino Ferreira do Amaral, Vila Jacuí, São Paulo",3813637,Banheiro de Serviço 1,banheiro,https://www.quintoandar.com.br/img/med/892937132-99.17942133968793IMG0176.jpg,data/external/quintoandar/images/banheiro/892937132_036_3813637_banheiro_de_servico_1.jpg,True,12611
quintoandar,892937132,https://www.quintoandar.com.br/imovel/892937132/alugar/casa-5-quartos-vila-jacui-sao-paulo,https://www.quintoandar.com.br/alugar/imovel/sao-paulo-sp-brasil/mobiliado,340,True,5,Vila Jacuí,"Avenida Tenente Laudelino Ferreira do Amaral, Vila Jacuí, São Paulo",3813638,Banheiro de Serviço 1,banheiro,https://www.quintoandar.com.br/img/med/892937132-339.2303805928701IMG0177.jpg,data/external/quintoandar/images/banheiro/892937132_037_3813638_banheiro_de_servico_1.jpg,True,9331
quintoandar,892937132,https://www.quintoandar.com.br/imovel/892937132/alugar/casa-5-quartos-vila-jacui-sao-paulo,https://www.quintoandar.com.br/alugar/imovel/sao-paulo-sp-brasil/mobiliado,340,True,5,Vila Jacuí,"Avenida Tenente Laudelino Ferreira do Amaral, Vila Jacuí, São Paulo",3813639,Detalhe banheiro de serviço 1,banheiro,https://www.quintoandar.com.br/img/med/892937132-976.4985263608535IMG0178.jpg,data/external/quintoandar/images/banheiro/892937132_038_3813639_detalhe_banheiro_de_servico_1.jpg,True,8132
quintoandar,892937132,https://www.quintoandar.com.br/imovel/892937132/alugar/casa-5-quartos-vila-jacui-sao-paulo,https://www.quintoandar.com.br/alugar/imovel/sao-paulo-sp-brasil/mobiliado,340,True,5,Vila Jacuí,"Avenida Tenente Laudelino Ferreira do Amaral, Vila Jacuí, São Paulo",3813640,Detalhe banheiro de serviço 1,banheiro,https://www.quintoandar.com.br/img/med/892937132-455.04059366785964IMG0179.jpg,data/external/quintoandar/images/banheiro/892937132_039_3813640_detalhe_banheiro_de_servico_1.jpg,True,33353
quintoandar,892937132,https://www.quintoandar.com.br/imovel/892937132/alugar/casa-5-quartos-vila-jacui-sao-paulo,https://www.quintoandar.com.br/alugar/imovel/sao-paulo-sp-brasil/mobiliado,340,True,5,Vila Jacuí,"Avenida Tenente Laudelino Ferreira do Amaral, Vila Jacuí, São Paulo",3813643,Área de Serviço,area_servico,https://www.quintoandar.com.br/img/med/892937132-271.64504649737296IMG0182.jpg,data/external/quintoandar/images/area_servico/892937132_042_3813643_area_de_servico.jpg,True,22464
quintoandar,892937132,https://www.quintoandar.com.br/imovel/892937132/alugar/casa-5-quartos-vila-jacui-sao-paulo,https://www.quintoandar.com.br/alugar/imovel/sao-paulo-sp-brasil/mobiliado,340,True,5,Vila Jacuí,"Avenida Tenente Laudelino Ferreira do Amaral, Vila Jacuí, São Paulo",3813644,Área de Serviço,area_servico,https://www.quintoandar.com.br/img/med/892937132-576.8598690288012IMG0183.jpg,data/external/quintoandar/images/area_servico/892937132_043_3813644_area_de_servico.jpg,True,17765
quintoandar,892937132,https://www.quintoandar.com.br/imovel/892937132/alugar/casa-5-quartos-vila-jacui-sao-paulo,https://www.quintoandar.com.br/alugar/imovel/sao-paulo-sp-brasil/mobiliado,340,True,5,Vila Jacuí,"Avenida Tenente Laudelino Ferreira do Amaral, Vila Jacuí, São Paulo",3813645,Quarto de Serviço 2,quarto,https://www.quintoandar.com.br/img/med/892937132-61.77759802739058IMG0184.jpg,data/external/quintoandar/images/quarto/892937132_044_3813645_quarto_de_servico_2.jpg,True,27793
quintoandar,892937132,https://www.quintoandar.com.br/imovel/892937132/alugar/casa-5-quartos-vila-jacui-sao-paulo,https://www.quintoandar.com.br/alugar/imovel/sao-paulo-sp-brasil/mobiliado,340,True,5,Vila Jacuí,"Avenida Tenente Laudelino Ferreira do Amaral, Vila Jacuí, São Paulo",3813646,Quarto de Serviço 2,quarto,https://www.quintoandar.com.br/img/med/892937132-120.36015026191748IMG0185.jpg,data/external/quintoandar/images/quarto/892937132_045_3813646_quarto_de_servico_2.jpg,True,24690
quintoandar,892937132,https://www.quintoandar.com.br/imovel/892937132/alugar/casa-5-quartos-vila-jacui-sao-paulo,https://www.quintoandar.com.br/alugar/imovel/sao-paulo-sp-brasil/mobiliado,340,True,5,Vila Jacuí,"Avenida Tenente Laudelino Ferreira do Amaral, Vila Jacuí, São Paulo",3813647,Banheiro de Serviço 2,banheiro,https://www.quintoandar.com.br/img/med/892937132-573.6088472932814IMG0187.jpg,data/external/quintoandar/images/banheiro/892937132_046_3813647_banheiro_de_servico_2.jpg,True,14464
quintoandar,892937132,https://www.quintoandar.com.br/imovel/892937132/alugar/casa-5-quartos-vila-jacui-sao-paulo,https://www.quintoandar.com.br/alugar/imovel/sao-paulo-sp-brasil/mobiliado,340,True,5,Vila Jacuí,"Avenida Tenente Laudelino Ferreira do Amaral, Vila Jacuí, São Paulo",3813648,Banheiro de Serviço 2,banheiro,https://www.quintoandar.com.br/img/med/892937132-224.94464677072435IMG0188.jpg,data/external/quintoandar/images/banheiro/892937132_047_3813648_banheiro_de_servico_2.jpg,True,13376
quintoandar,892937132,https://www.quintoandar.com.br/imovel/892937132/alugar/casa-5-quartos-vila-jacui-sao-paulo,https://www.quintoandar.com.br/alugar/imovel/sao-paulo-sp-brasil/mobiliado,340,True,5,Vila Jacuí,"Avenida Tenente Laudelino Ferreira do Amaral, Vila Jacuí, São Paulo",3813649,Detalhe banheiro de serviço 2,banheiro,https://www.quintoandar.com.br/img/med/892937132-609.4384460609721IMG0189.jpg,data/external/quintoandar/images/banheiro/892937132_048_3813649_detalhe_banheiro_de_servico_2.jpg,True,16952
quintoandar,892937132,https://www.quintoandar.com.br/imovel/892937132/alugar/casa-5-quartos-vila-jacui-sao-paulo,https://www.quintoandar.com.br/alugar/imovel/sao-paulo-sp-brasil/mobiliado,340,True,5,Vila Jacuí,"Avenida Tenente Laudelino Ferreira do Amaral, Vila Jacuí, São Paulo",3813650,Detalhe banheiro de serviço 2,banheiro,https://www.quintoandar.com.br/img/med/892937132-652.3700674748744IMG0190.jpg,data/external/quintoandar/images/banheiro/892937132_049_3813650_detalhe_banheiro_de_servico_2.jpg,True,10528
quintoandar,892937132,https://www.quintoandar.com.br/imovel/892937132/alugar/casa-5-quartos-vila-jacui-sao-paulo,https://www.quintoandar.com.br/alugar/imovel/sao-paulo-sp-brasil/mobiliado,340,True,5,Vila Jacuí,"Avenida Tenente Laudelino Ferreira do Amaral, Vila Jacuí, São Paulo",3813652,Churrasqueira,churrasqueira,https://www.quintoandar.com.br/img/med/892937132-321.5208436873568IMG0193.jpg,data/external/quintoandar/images/churrasqueira/892937132_051_3813652_churrasqueira.jpg,True,30223
quintoandar,892937132,https://www.quintoandar.com.br/imovel/892937132/alugar/casa-5-quartos-vila-jacui-sao-paulo,https://www.quintoandar.com.br/alugar/imovel/sao-paulo-sp-brasil/mobiliado,340,True,5,Vila Jacuí,"Avenida Tenente Laudelino Ferreira do Amaral, Vila Jacuí, São Paulo",3813653,Churrasqueira,churrasqueira,https://www.quintoandar.com.br/img/med/892937132-757.4134961272557IMG0194.jpg,data/external/quintoandar/images/churrasqueira/892937132_052_3813653_churrasqueira.jpg,True,22531
quintoandar,892937132,https://www.quintoandar.com.br/imovel/892937132/alugar/casa-5-quartos-vila-jacui-sao-paulo,https://www.quintoandar.com.br/alugar/imovel/sao-paulo-sp-brasil/mobiliado,340,True,5,Vila Jacuí,"Avenida Tenente Laudelino Ferreira do Amaral, Vila Jacuí, São Paulo",3813658,Churrasqueira,churrasqueira,https://www.quintoandar.com.br/img/med/892937132-587.2022905874369IMG0199.jpg,data/external/quintoandar/images/churrasqueira/892937132_053_3813658_churrasqueira.jpg,True,25816
quintoandar,892937132,https://www.quintoandar.com.br/imovel/892937132/alugar/casa-5-quartos-vila-jacui-sao-paulo,https://www.quintoandar.com.br/alugar/imovel/sao-paulo-sp-brasil/mobiliado,340,True,5,Vila Jacuí,"Avenida Tenente Laudelino Ferreira do Amaral, Vila Jacuí, São Paulo",3813654,Detalhe churrasqueira,churrasqueira,https://www.quintoandar.com.br/img/med/892937132-929.5075455683656IMG0195.jpg,data/external/quintoandar/images/churrasqueira/892937132_054_3813654_detalhe_churrasqueira.jpg,True,30868
quintoandar,892937132,https://www.quintoandar.com.br/imovel/892937132/alugar/casa-5-quartos-vila-jacui-sao-paulo,https://www.quintoandar.com.br/alugar/imovel/sao-paulo-sp-brasil/mobiliado,340,True,5,Vila Jacuí,"Avenida Tenente Laudelino Ferreira do Amaral, Vila Jacuí, São Paulo",3813655,Banheiro da Churrasqueira,banheiro_churrasqueira,https://www.quintoandar.com.br/img/med/892937132-703.2357383759629IMG0196.jpg,data/external/quintoandar/images/banheiro_churrasqueira/892937132_055_3813655_banheiro_da_churrasqueira.jpg,True,12620
quintoandar,892937132,https://www.quintoandar.com.br/imovel/892937132/alugar/casa-5-quartos-vila-jacui-sao-paulo,https://www.quintoandar.com.br/alugar/imovel/sao-paulo-sp-brasil/mobiliado,340,True,5,Vila Jacuí,"Avenida Tenente Laudelino Ferreira do Amaral, Vila Jacuí, São Paulo",3813656,Banheiro da Churrasqueira,banheiro_churrasqueira,https://www.quintoandar.com.br/img/med/892937132-529.3735350420825IMG0197.jpg,data/external/quintoandar/images/banheiro_churrasqueira/892937132_056_3813656_banheiro_da_churrasqueira.jpg,True,13301
quintoandar,892937132,https://www.quintoandar.com.br/imovel/892937132/alugar/casa-5-quartos-vila-jacui-sao-paulo,https://www.quintoandar.com.br/alugar/imovel/sao-paulo-sp-brasil/mobiliado,340,True,5,Vila Jacuí,"Avenida Tenente Laudelino Ferreira do Amaral, Vila Jacuí, São Paulo",3813657,Detalhe banheiro da Churrasqueira,banheiro_churrasqueira,https://www.quintoandar.com.br/img/med/892937132-662.032450611631IMG0198.jpg,data/external/quintoandar/images/banheiro_churrasqueira/892937132_057_3813657_detalhe_banheiro_da_churrasqueira.jpg,True,20162
quintoandar,892937132,https://www.quintoandar.com.br/imovel/892937132/alugar/casa-5-quartos-vila-jacui-sao-paulo,https://www.quintoandar.com.br/alugar/imovel/sao-paulo-sp-brasil/mobiliado,340,True,5,Vila Jacuí,"Avenida Tenente Laudelino Ferreira do Amaral, Vila Jacuí, São Paulo",3813659,Varanda,varanda,https://www.quintoandar.com.br/img/med/892937132-44.03843125212526IMG0200.jpg,data/external/quintoandar/images/varanda/892937132_058_3813659_varanda.jpg,True,22840
quintoandar,892937132,https://www.quintoandar.com.br/imovel/892937132/alugar/casa-5-quartos-vila-jacui-sao-paulo,https://www.quintoandar.com.br/alugar/imovel/sao-paulo-sp-brasil/mobiliado,340,True,5,Vila Jacuí,"Avenida Tenente Laudelino Ferreira do Amaral, Vila Jacuí, São Paulo",3813660,Varanda,varanda,https://www.quintoandar.com.br/img/med/892937132-193.90253309197482IMG0201.jpg,data/external/quintoandar/images/varanda/892937132_059_3813660_varanda.jpg,True,26079
quintoandar,892937132,https://www.quintoandar.com.br/imovel/892937132/alugar/casa-5-quartos-vila-jacui-sao-paulo,https://www.quintoandar.com.br/alugar/imovel/sao-paulo-sp-brasil/mobiliado,340,True,5,Vila Jacuí,"Avenida Tenente Laudelino Ferreira do Amaral, Vila Jacuí, São Paulo",3813661,Varanda,varanda,https://www.quintoandar.com.br/img/med/892937132-570.516190230805IMG0202.jpg,data/external/quintoandar/images/varanda/892937132_060_3813661_varanda.jpg,True,16679
quintoandar,892937132,https://www.quintoandar.com.br/imovel/892937132/alugar/casa-5-quartos-vila-jacui-sao-paulo,https://www.quintoandar.com.br/alugar/imovel/sao-paulo-sp-brasil/mobiliado,340,True,5,Vila Jacuí,"Avenida Tenente Laudelino Ferreira do Amaral, Vila Jacuí, São Paulo",3813662,Garagem,garagem,https://www.quintoandar.com.br/img/med/892937132-217.88907788858103IMG0204.jpg,data/external/quintoandar/images/garagem/892937132_061_3813662_garagem.jpg,True,11162
quintoandar,892937132,https://www.quintoandar.com.br/imovel/892937132/alugar/casa-5-quartos-vila-jacui-sao-paulo,https://www.quintoandar.com.br/alugar/imovel/sao-paulo-sp-brasil/mobiliado,340,True,5,Vila Jacuí,"Avenida Tenente Laudelino Ferreira do Amaral, Vila Jacuí, São Paulo",3813689,Fachada,area_externa,https://www.quintoandar.com.br/img/med/892937132-615.3791315109838IMG0238.jpg,data/external/quintoandar/images/area_externa/892937132_064_3813689_fachada.jpg,True,28721
quintoandar,893474550,https://www.quintoandar.com.br/imovel/893474550/alugar/casa-3-quartos-vila-jacui-sao-paulo,https://www.quintoandar.com.br/alugar/imovel/sao-paulo-sp-brasil/mobiliado,120,True,3,Vila Jacuí,"Rua Américo Sugai, Vila Jacuí, São Paulo",19649316,Sala,sala,https://www.quintoandar.com.br/img/med/893474550-860.5295907242246IMG7215.JPG,data/external/quintoandar/images/sala/893474550_001_19649316_sala.jpg,True,20866
quintoandar,893474550,https://www.quintoandar.com.br/imovel/893474550/alugar/casa-3-quartos-vila-jacui-sao-paulo,https://www.quintoandar.com.br/alugar/imovel/sao-paulo-sp-brasil/mobiliado,120,True,3,Vila Jacuí,"Rua Américo Sugai, Vila Jacuí, São Paulo",19649317,Sala,sala,https://www.quintoandar.com.br/img/med/893474550-107.93292042766855IMG7216.JPG,data/external/quintoandar/images/sala/893474550_002_19649317_sala.jpg,True,20171
quintoandar,893474550,https://www.quintoandar.com.br/imovel/893474550/alugar/casa-3-quartos-vila-jacui-sao-paulo,https://www.quintoandar.com.br/alugar/imovel/sao-paulo-sp-brasil/mobiliado,120,True,3,Vila Jacuí,"Rua Américo Sugai, Vila Jacuí, São Paulo",19649320,Sala,sala,https://www.quintoandar.com.br/img/med/893474550-46.036309778067164IMG7217.JPG,data/external/quintoandar/images/sala/893474550_003_19649320_sala.jpg,True,22083
quintoandar,893474550,https://www.quintoandar.com.br/imovel/893474550/alugar/casa-3-quartos-vila-jacui-sao-paulo,https://www.quintoandar.com.br/alugar/imovel/sao-paulo-sp-brasil/mobiliado,120,True,3,Vila Jacuí,"Rua Américo Sugai, Vila Jacuí, São Paulo",19649323,Sala,sala,https://www.quintoandar.com.br/img/med/893474550-417.6155972429403IMG7218.JPG,data/external/quintoandar/images/sala/893474550_004_19649323_sala.jpg,True,22673
quintoandar,893474550,https://www.quintoandar.com.br/imovel/893474550/alugar/casa-3-quartos-vila-jacui-sao-paulo,https://www.quintoandar.com.br/alugar/imovel/sao-paulo-sp-brasil/mobiliado,120,True,3,Vila Jacuí,"Rua Américo Sugai, Vila Jacuí, São Paulo",19649324,Sala,sala,https://www.quintoandar.com.br/img/med/893474550-177.8964442644686IMG7219.JPG,data/external/quintoandar/images/sala/893474550_005_19649324_sala.jpg,True,21317
quintoandar,893474550,https://www.quintoandar.com.br/imovel/893474550/alugar/casa-3-quartos-vila-jacui-sao-paulo,https://www.quintoandar.com.br/alugar/imovel/sao-paulo-sp-brasil/mobiliado,120,True,3,Vila Jacuí,"Rua Américo Sugai, Vila Jacuí, São Paulo",19649326,Sala,sala,https://www.quintoandar.com.br/img/med/893474550-283.00730697846365IMG7220.JPG,data/external/quintoandar/images/sala/893474550_006_19649326_sala.jpg,True,19266
quintoandar,893474550,https://www.quintoandar.com.br/imovel/893474550/alugar/casa-3-quartos-vila-jacui-sao-paulo,https://www.quintoandar.com.br/alugar/imovel/sao-paulo-sp-brasil/mobiliado,120,True,3,Vila Jacuí,"Rua Américo Sugai, Vila Jacuí, São Paulo",19649329,Sala,sala,https://www.quintoandar.com.br/img/med/893474550-19.243856098910218IMG7221.JPG,data/external/quintoandar/images/sala/893474550_007_19649329_sala.jpg,True,17724
quintoandar,893474550,https://www.quintoandar.com.br/imovel/893474550/alugar/casa-3-quartos-vila-jacui-sao-paulo,https://www.quintoandar.com.br/alugar/imovel/sao-paulo-sp-brasil/mobiliado,120,True,3,Vila Jacuí,"Rua Américo Sugai, Vila Jacuí, São Paulo",19649331,Sala,sala,https://www.quintoandar.com.br/img/med/893474550-705.0038093752429IMG7223.JPG,data/external/quintoandar/images/sala/893474550_008_19649331_sala.jpg,True,21597
quintoandar,893474550,https://www.quintoandar.com.br/imovel/893474550/alugar/casa-3-quartos-vila-jacui-sao-paulo,https://www.quintoandar.com.br/alugar/imovel/sao-paulo-sp-brasil/mobiliado,120,True,3,Vila Jacuí,"Rua Américo Sugai, Vila Jacuí, São Paulo",19649332,Quarto 1,quarto,https://www.quintoandar.com.br/img/med/893474550-966.1842173930889IMG7224.JPG,data/external/quintoandar/images/quarto/893474550_009_19649332_quarto_1.jpg,True,18550
quintoandar,893474550,https://www.quintoandar.com.br/imovel/893474550/alugar/casa-3-quartos-vila-jacui-sao-paulo,https://www.quintoandar.com.br/alugar/imovel/sao-paulo-sp-brasil/mobiliado,120,True,3,Vila Jacuí,"Rua Américo Sugai, Vila Jacuí, São Paulo",19649334,Quarto 1,quarto,https://www.quintoandar.com.br/img/med/893474550-299.67889877757335IMG7225.JPG,data/external/quintoandar/images/quarto/893474550_010_19649334_quarto_1.jpg,True,19858
quintoandar,893474550,https://www.quintoandar.com.br/imovel/893474550/alugar/casa-3-quartos-vila-jacui-sao-paulo,https://www.quintoandar.com.br/alugar/imovel/sao-paulo-sp-brasil/mobiliado,120,True,3,Vila Jacuí,"Rua Américo Sugai, Vila Jacuí, São Paulo",19649337,Quarto 1,quarto,https://www.quintoandar.com.br/img/med/893474550-775.4427834191291IMG7226.JPG,data/external/quintoandar/images/quarto/893474550_011_19649337_quarto_1.jpg,True,18713
quintoandar,893474550,https://www.quintoandar.com.br/imovel/893474550/alugar/casa-3-quartos-vila-jacui-sao-paulo,https://www.quintoandar.com.br/alugar/imovel/sao-paulo-sp-brasil/mobiliado,120,True,3,Vila Jacuí,"Rua Américo Sugai, Vila Jacuí, São Paulo",19649338,Quarto 1,quarto,https://www.quintoandar.com.br/img/med/893474550-82.80681866746752IMG7227.JPG,data/external/quintoandar/images/quarto/893474550_012_19649338_quarto_1.jpg,True,17235
quintoandar,893474550,https://www.quintoandar.com.br/imovel/893474550/alugar/casa-3-quartos-vila-jacui-sao-paulo,https://www.quintoandar.com.br/alugar/imovel/sao-paulo-sp-brasil/mobiliado,120,True,3,Vila Jacuí,"Rua Américo Sugai, Vila Jacuí, São Paulo",19649341,Quarto 1,quarto,https://www.quintoandar.com.br/img/med/893474550-968.5568685342478IMG7228.JPG,data/external/quintoandar/images/quarto/893474550_013_19649341_quarto_1.jpg,True,13615
quintoandar,893474550,https://www.quintoandar.com.br/imovel/893474550/alugar/casa-3-quartos-vila-jacui-sao-paulo,https://www.quintoandar.com.br/alugar/imovel/sao-paulo-sp-brasil/mobiliado,120,True,3,Vila Jacuí,"Rua Américo Sugai, Vila Jacuí, São Paulo",19649343,Quarto 1,quarto,https://www.quintoandar.com.br/img/med/893474550-196.4333125914186IMG7229.JPG,data/external/quintoandar/images/quarto/893474550_014_19649343_quarto_1.jpg,True,11478
quintoandar,893474550,https://www.quintoandar.com.br/imovel/893474550/alugar/casa-3-quartos-vila-jacui-sao-paulo,https://www.quintoandar.com.br/alugar/imovel/sao-paulo-sp-brasil/mobiliado,120,True,3,Vila Jacuí,"Rua Américo Sugai, Vila Jacuí, São Paulo",19649345,Quarto 1,quarto,https://www.quintoandar.com.br/img/med/893474550-633.0312048791822IMG7231.JPG,data/external/quintoandar/images/quarto/893474550_015_19649345_quarto_1.jpg,True,18382
quintoandar,893474550,https://www.quintoandar.com.br/imovel/893474550/alugar/casa-3-quartos-vila-jacui-sao-paulo,https://www.quintoandar.com.br/alugar/imovel/sao-paulo-sp-brasil/mobiliado,120,True,3,Vila Jacuí,"Rua Américo Sugai, Vila Jacuí, São Paulo",19649347,Banheiro 1,banheiro,https://www.quintoandar.com.br/img/med/893474550-275.76971740987057IMG7232.JPG,data/external/quintoandar/images/banheiro/893474550_016_19649347_banheiro_1.jpg,True,25181
quintoandar,893474550,https://www.quintoandar.com.br/imovel/893474550/alugar/casa-3-quartos-vila-jacui-sao-paulo,https://www.quintoandar.com.br/alugar/imovel/sao-paulo-sp-brasil/mobiliado,120,True,3,Vila Jacuí,"Rua Américo Sugai, Vila Jacuí, São Paulo",19649348,Banheiro 1,banheiro,https://www.quintoandar.com.br/img/med/893474550-127.67996559346462IMG7233.JPG,data/external/quintoandar/images/banheiro/893474550_017_19649348_banheiro_1.jpg,True,14117
quintoandar,893474550,https://www.quintoandar.com.br/imovel/893474550/alugar/casa-3-quartos-vila-jacui-sao-paulo,https://www.quintoandar.com.br/alugar/imovel/sao-paulo-sp-brasil/mobiliado,120,True,3,Vila Jacuí,"Rua Américo Sugai, Vila Jacuí, São Paulo",19649351,Banheiro 1,banheiro,https://www.quintoandar.com.br/img/med/893474550-208.2078477751901IMG7234.JPG,data/external/quintoandar/images/banheiro/893474550_018_19649351_banheiro_1.jpg,True,14250
quintoandar,893474550,https://www.quintoandar.com.br/imovel/893474550/alugar/casa-3-quartos-vila-jacui-sao-paulo,https://www.quintoandar.com.br/alugar/imovel/sao-paulo-sp-brasil/mobiliado,120,True,3,Vila Jacuí,"Rua Américo Sugai, Vila Jacuí, São Paulo",19649353,Detalhe banheiro 1,banheiro,https://www.quintoandar.com.br/img/med/893474550-684.5493967437549IMG7235.JPG,data/external/quintoandar/images/banheiro/893474550_019_19649353_detalhe_banheiro_1.jpg,True,18491
quintoandar,893474550,https://www.quintoandar.com.br/imovel/893474550/alugar/casa-3-quartos-vila-jacui-sao-paulo,https://www.quintoandar.com.br/alugar/imovel/sao-paulo-sp-brasil/mobiliado,120,True,3,Vila Jacuí,"Rua Américo Sugai, Vila Jacuí, São Paulo",19649355,Banheiro 1,banheiro,https://www.quintoandar.com.br/img/med/893474550-963.597191721765IMG7236.JPG,data/external/quintoandar/images/banheiro/893474550_020_19649355_banheiro_1.jpg,True,13071
quintoandar,893474550,https://www.quintoandar.com.br/imovel/893474550/alugar/casa-3-quartos-vila-jacui-sao-paulo,https://www.quintoandar.com.br/alugar/imovel/sao-paulo-sp-brasil/mobiliado,120,True,3,Vila Jacuí,"Rua Américo Sugai, Vila Jacuí, São Paulo",19649358,Banheiro 1,banheiro,https://www.quintoandar.com.br/img/med/893474550-727.2337429060007IMG7237.JPG,data/external/quintoandar/images/banheiro/893474550_021_19649358_banheiro_1.jpg,True,21200
quintoandar,893474550,https://www.quintoandar.com.br/imovel/893474550/alugar/casa-3-quartos-vila-jacui-sao-paulo,https://www.quintoandar.com.br/alugar/imovel/sao-paulo-sp-brasil/mobiliado,120,True,3,Vila Jacuí,"Rua Américo Sugai, Vila Jacuí, São Paulo",19649360,Detalhe banheiro 1,banheiro,https://www.quintoandar.com.br/img/med/893474550-872.6819277206923IMG7238.JPG,data/external/quintoandar/images/banheiro/893474550_022_19649360_detalhe_banheiro_1.jpg,True,9576
quintoandar,893474550,https://www.quintoandar.com.br/imovel/893474550/alugar/casa-3-quartos-vila-jacui-sao-paulo,https://www.quintoandar.com.br/alugar/imovel/sao-paulo-sp-brasil/mobiliado,120,True,3,Vila Jacuí,"Rua Américo Sugai, Vila Jacuí, São Paulo",19649362,Quarto 2,quarto,https://www.quintoandar.com.br/img/med/893474550-267.34502561925666IMG7239.JPG,data/external/quintoandar/images/quarto/893474550_023_19649362_quarto_2.jpg,True,16248
quintoandar,893474550,https://www.quintoandar.com.br/imovel/893474550/alugar/casa-3-quartos-vila-jacui-sao-paulo,https://www.quintoandar.com.br/alugar/imovel/sao-paulo-sp-brasil/mobiliado,120,True,3,Vila Jacuí,"Rua Américo Sugai, Vila Jacuí, São Paulo",19649363,Quarto 2,quarto,https://www.quintoandar.com.br/img/med/893474550-319.7375055711266IMG7240.JPG,data/external/quintoandar/images/quarto/893474550_024_19649363_quarto_2.jpg,True,18268
quintoandar,893474550,https://www.quintoandar.com.br/imovel/893474550/alugar/casa-3-quartos-vila-jacui-sao-paulo,https://www.quintoandar.com.br/alugar/imovel/sao-paulo-sp-brasil/mobiliado,120,True,3,Vila Jacuí,"Rua Américo Sugai, Vila Jacuí, São Paulo",19649366,Quarto 2,quarto,https://www.quintoandar.com.br/img/med/893474550-931.1194654754713IMG7241.JPG,data/external/quintoandar/images/quarto/893474550_025_19649366_quarto_2.jpg,True,18218
quintoandar,893474550,https://www.quintoandar.com.br/imovel/893474550/alugar/casa-3-quartos-vila-jacui-sao-paulo,https://www.quintoandar.com.br/alugar/imovel/sao-paulo-sp-brasil/mobiliado,120,True,3,Vila Jacuí,"Rua Américo Sugai, Vila Jacuí, São Paulo",19649368,Quarto 2,quarto,https://www.quintoandar.com.br/img/med/893474550-60.46951481107765IMG7242.JPG,data/external/quintoandar/images/quarto/893474550_026_19649368_quarto_2.jpg,True,19615
quintoandar,893474550,https://www.quintoandar.com.br/imovel/893474550/alugar/casa-3-quartos-vila-jacui-sao-paulo,https://www.quintoandar.com.br/alugar/imovel/sao-paulo-sp-brasil/mobiliado,120,True,3,Vila Jacuí,"Rua Américo Sugai, Vila Jacuí, São Paulo",19649370,Quarto 2,quarto,https://www.quintoandar.com.br/img/med/893474550-600.0750166299348IMG7244.JPG,data/external/quintoandar/images/quarto/893474550_027_19649370_quarto_2.jpg,True,19331
quintoandar,893474550,https://www.quintoandar.com.br/imovel/893474550/alugar/casa-3-quartos-vila-jacui-sao-paulo,https://www.quintoandar.com.br/alugar/imovel/sao-paulo-sp-brasil/mobiliado,120,True,3,Vila Jacuí,"Rua Américo Sugai, Vila Jacuí, São Paulo",19649418,Banheiro 2,banheiro,https://www.quintoandar.com.br/img/med/893474550-298.7879608521703IMG7263.JPG,data/external/quintoandar/images/banheiro/893474550_028_19649418_banheiro_2.jpg,True,18785
quintoandar,893474550,https://www.quintoandar.com.br/imovel/893474550/alugar/casa-3-quartos-vila-jacui-sao-paulo,https://www.quintoandar.com.br/alugar/imovel/sao-paulo-sp-brasil/mobiliado,120,True,3,Vila Jacuí,"Rua Américo Sugai, Vila Jacuí, São Paulo",19649422,Banheiro 2,banheiro,https://www.quintoandar.com.br/img/med/893474550-892.9367398734373IMG7264.JPG,data/external/quintoandar/images/banheiro/893474550_029_19649422_banheiro_2.jpg,True,19203
quintoandar,893474550,https://www.quintoandar.com.br/imovel/893474550/alugar/casa-3-quartos-vila-jacui-sao-paulo,https://www.quintoandar.com.br/alugar/imovel/sao-paulo-sp-brasil/mobiliado,120,True,3,Vila Jacuí,"Rua Américo Sugai, Vila Jacuí, São Paulo",19649426,Detalhe banheiro 2,banheiro,https://www.quintoandar.com.br/img/med/893474550-624.198842134178IMG7266.JPG,data/external/quintoandar/images/banheiro/893474550_030_19649426_detalhe_banheiro_2.jpg,True,10727
quintoandar,893474550,https://www.quintoandar.com.br/imovel/893474550/alugar/casa-3-quartos-vila-jacui-sao-paulo,https://www.quintoandar.com.br/alugar/imovel/sao-paulo-sp-brasil/mobiliado,120,True,3,Vila Jacuí,"Rua Américo Sugai, Vila Jacuí, São Paulo",19649427,Detalhe banheiro 2,banheiro,https://www.quintoandar.com.br/img/med/893474550-277.3468638740081IMG7267.JPG,data/external/quintoandar/images/banheiro/893474550_031_19649427_detalhe_banheiro_2.jpg,True,18845
quintoandar,893474550,https://www.quintoandar.com.br/imovel/893474550/alugar/casa-3-quartos-vila-jacui-sao-paulo,https://www.quintoandar.com.br/alugar/imovel/sao-paulo-sp-brasil/mobiliado,120,True,3,Vila Jacuí,"Rua Américo Sugai, Vila Jacuí, São Paulo",19649430,Detalhe banheiro 2,banheiro,https://www.quintoandar.com.br/img/med/893474550-847.9215715872494IMG7268.JPG,data/external/quintoandar/images/banheiro/893474550_032_19649430_detalhe_banheiro_2.jpg,True,10218
quintoandar,893474550,https://www.quintoandar.com.br/imovel/893474550/alugar/casa-3-quartos-vila-jacui-sao-paulo,https://www.quintoandar.com.br/alugar/imovel/sao-paulo-sp-brasil/mobiliado,120,True,3,Vila Jacuí,"Rua Américo Sugai, Vila Jacuí, São Paulo",19649437,Detalhe banheiro 2,banheiro,https://www.quintoandar.com.br/img/med/893474550-287.83225337360454IMG7270.JPG,data/external/quintoandar/images/banheiro/893474550_033_19649437_detalhe_banheiro_2.jpg,True,14918
quintoandar,893474550,https://www.quintoandar.com.br/imovel/893474550/alugar/casa-3-quartos-vila-jacui-sao-paulo,https://www.quintoandar.com.br/alugar/imovel/sao-paulo-sp-brasil/mobiliado,120,True,3,Vila Jacuí,"Rua Américo Sugai, Vila Jacuí, São Paulo",19649440,Banheiro 2,banheiro,https://www.quintoandar.com.br/img/med/893474550-27.993231742753476IMG7271.JPG,data/external/quintoandar/images/banheiro/893474550_034_19649440_banheiro_2.jpg,True,17075
quintoandar,893474550,https://www.quintoandar.com.br/imovel/893474550/alugar/casa-3-quartos-vila-jacui-sao-paulo,https://www.quintoandar.com.br/alugar/imovel/sao-paulo-sp-brasil/mobiliado,120,True,3,Vila Jacuí,"Rua Américo Sugai, Vila Jacuí, São Paulo",19649442,Banheiro 2,banheiro,https://www.quintoandar.com.br/img/med/893474550-562.0135111191101IMG7272.JPG,data/external/quintoandar/images/banheiro/893474550_035_19649442_banheiro_2.jpg,True,9877
quintoandar,893474550,https://www.quintoandar.com.br/imovel/893474550/alugar/casa-3-quartos-vila-jacui-sao-paulo,https://www.quintoandar.com.br/alugar/imovel/sao-paulo-sp-brasil/mobiliado,120,True,3,Vila Jacuí,"Rua Américo Sugai, Vila Jacuí, São Paulo",19649444,Quarto 3,quarto,https://www.quintoandar.com.br/img/med/893474550-456.564240954572IMG7273.JPG,data/external/quintoandar/images/quarto/893474550_036_19649444_quarto_3.jpg,True,23105
quintoandar,893474550,https://www.quintoandar.com.br/imovel/893474550/alugar/casa-3-quartos-vila-jacui-sao-paulo,https://www.quintoandar.com.br/alugar/imovel/sao-paulo-sp-brasil/mobiliado,120,True,3,Vila Jacuí,"Rua Américo Sugai, Vila Jacuí, São Paulo",19649449,Quarto 3,quarto,https://www.quintoandar.com.br/img/med/893474550-218.50844371476774IMG7274.JPG,data/external/quintoandar/images/quarto/893474550_037_19649449_quarto_3.jpg,True,21521
quintoandar,893474550,https://www.quintoandar.com.br/imovel/893474550/alugar/casa-3-quartos-vila-jacui-sao-paulo,https://www.quintoandar.com.br/alugar/imovel/sao-paulo-sp-brasil/mobiliado,120,True,3,Vila Jacuí,"Rua Américo Sugai, Vila Jacuí, São Paulo",19649450,Quarto 3,quarto,https://www.quintoandar.com.br/img/med/893474550-146.24657484115355IMG7275.JPG,data/external/quintoandar/images/quarto/893474550_038_19649450_quarto_3.jpg,True,17910
quintoandar,893474550,https://www.quintoandar.com.br/imovel/893474550/alugar/casa-3-quartos-vila-jacui-sao-paulo,https://www.quintoandar.com.br/alugar/imovel/sao-paulo-sp-brasil/mobiliado,120,True,3,Vila Jacuí,"Rua Américo Sugai, Vila Jacuí, São Paulo",19649451,Quarto 3,quarto,https://www.quintoandar.com.br/img/med/893474550-957.1375045793849IMG7276.JPG,data/external/quintoandar/images/quarto/893474550_039_19649451_quarto_3.jpg,True,20092
quintoandar,893474550,https://www.quintoandar.com.br/imovel/893474550/alugar/casa-3-quartos-vila-jacui-sao-paulo,https://www.quintoandar.com.br/alugar/imovel/sao-paulo-sp-brasil/mobiliado,120,True,3,Vila Jacuí,"Rua Américo Sugai, Vila Jacuí, São Paulo",19649452,Quarto 3,quarto,https://www.quintoandar.com.br/img/med/893474550-982.7970326422677IMG7277.JPG,data/external/quintoandar/images/quarto/893474550_040_19649452_quarto_3.jpg,True,19868
quintoandar,893474550,https://www.quintoandar.com.br/imovel/893474550/alugar/casa-3-quartos-vila-jacui-sao-paulo,https://www.quintoandar.com.br/alugar/imovel/sao-paulo-sp-brasil/mobiliado,120,True,3,Vila Jacuí,"Rua Américo Sugai, Vila Jacuí, São Paulo",19649453,Quarto 3,quarto,https://www.quintoandar.com.br/img/med/893474550-202.1839131303207IMG7279.JPG,data/external/quintoandar/images/quarto/893474550_041_19649453_quarto_3.jpg,True,22652
quintoandar,893474550,https://www.quintoandar.com.br/imovel/893474550/alugar/casa-3-quartos-vila-jacui-sao-paulo,https://www.quintoandar.com.br/alugar/imovel/sao-paulo-sp-brasil/mobiliado,120,True,3,Vila Jacuí,"Rua Américo Sugai, Vila Jacuí, São Paulo",19649533,Cozinha,cozinha,https://www.quintoandar.com.br/img/med/893474550-627.6679667925965IMG7245.JPG,data/external/quintoandar/images/cozinha/893474550_042_19649533_cozinha.jpg,True,28797
quintoandar,893474550,https://www.quintoandar.com.br/imovel/893474550/alugar/casa-3-quartos-vila-jacui-sao-paulo,https://www.quintoandar.com.br/alugar/imovel/sao-paulo-sp-brasil/mobiliado,120,True,3,Vila Jacuí,"Rua Américo Sugai, Vila Jacuí, São Paulo",19649534,Cozinha,cozinha,https://www.quintoandar.com.br/img/med/893474550-23.416146666699888IMG7246.JPG,data/external/quintoandar/images/cozinha/893474550_043_19649534_cozinha.jpg,True,28854
quintoandar,893474550,https://www.quintoandar.com.br/imovel/893474550/alugar/casa-3-quartos-vila-jacui-sao-paulo,https://www.quintoandar.com.br/alugar/imovel/sao-paulo-sp-brasil/mobiliado,120,True,3,Vila Jacuí,"Rua Américo Sugai, Vila Jacuí, São Paulo",19649535,Cozinha,cozinha,https://www.quintoandar.com.br/img/med/893474550-988.5997103557688IMG7247.JPG,data/external/quintoandar/images/cozinha/893474550_044_19649535_cozinha.jpg,True,27611
quintoandar,893474550,https://www.quintoandar.com.br/imovel/893474550/alugar/casa-3-quartos-vila-jacui-sao-paulo,https://www.quintoandar.com.br/alugar/imovel/sao-paulo-sp-brasil/mobiliado,120,True,3,Vila Jacuí,"Rua Américo Sugai, Vila Jacuí, São Paulo",19649536,Cozinha,cozinha,https://www.quintoandar.com.br/img/med/893474550-840.4154749149584IMG7248.JPG,data/external/quintoandar/images/cozinha/893474550_045_19649536_cozinha.jpg,True,26421
quintoandar,893474550,https://www.quintoandar.com.br/imovel/893474550/alugar/casa-3-quartos-vila-jacui-sao-paulo,https://www.quintoandar.com.br/alugar/imovel/sao-paulo-sp-brasil/mobiliado,120,True,3,Vila Jacuí,"Rua Américo Sugai, Vila Jacuí, São Paulo",19649539,Cozinha,cozinha,https://www.quintoandar.com.br/img/med/893474550-431.9801770640905IMG7249.JPG,data/external/quintoandar/images/cozinha/893474550_046_19649539_cozinha.jpg,True,28199
quintoandar,893474550,https://www.quintoandar.com.br/imovel/893474550/alugar/casa-3-quartos-vila-jacui-sao-paulo,https://www.quintoandar.com.br/alugar/imovel/sao-paulo-sp-brasil/mobiliado,120,True,3,Vila Jacuí,"Rua Américo Sugai, Vila Jacuí, São Paulo",19649541,Cozinha,cozinha,https://www.quintoandar.com.br/img/med/893474550-911.0824963634084IMG7250.JPG,data/external/quintoandar/images/cozinha/893474550_047_19649541_cozinha.jpg,True,26681
quintoandar,893474550,https://www.quintoandar.com.br/imovel/893474550/alugar/casa-3-quartos-vila-jacui-sao-paulo,https://www.quintoandar.com.br/alugar/imovel/sao-paulo-sp-brasil/mobiliado,120,True,3,Vila Jacuí,"Rua Américo Sugai, Vila Jacuí, São Paulo",19649543,Cozinha,cozinha,https://www.quintoandar.com.br/img/med/893474550-173.63415764594103IMG7251.JPG,data/external/quintoandar/images/cozinha/893474550_048_19649543_cozinha.jpg,True,28509
quintoandar,893474550,https://www.quintoandar.com.br/imovel/893474550/alugar/casa-3-quartos-vila-jacui-sao-paulo,https://www.quintoandar.com.br/alugar/imovel/sao-paulo-sp-brasil/mobiliado,120,True,3,Vila Jacuí,"Rua Américo Sugai, Vila Jacuí, São Paulo",19649550,Cozinha,cozinha,https://www.quintoandar.com.br/img/med/893474550-562.3279765192025IMG7253.JPG,data/external/quintoandar/images/cozinha/893474550_049_19649550_cozinha.jpg,True,26407
quintoandar,893474550,https://www.quintoandar.com.br/imovel/893474550/alugar/casa-3-quartos-vila-jacui-sao-paulo,https://www.quintoandar.com.br/alugar/imovel/sao-paulo-sp-brasil/mobiliado,120,True,3,Vila Jacuí,"Rua Américo Sugai, Vila Jacuí, São Paulo",19649552,Cozinha,cozinha,https://www.quintoandar.com.br/img/med/893474550-402.8870159402831IMG7254.JPG,data/external/quintoandar/images/cozinha/893474550_050_19649552_cozinha.jpg,True,27119
quintoandar,893474550,https://www.quintoandar.com.br/imovel/893474550/alugar/casa-3-quartos-vila-jacui-sao-paulo,https://www.quintoandar.com.br/alugar/imovel/sao-paulo-sp-brasil/mobiliado,120,True,3,Vila Jacuí,"Rua Américo Sugai, Vila Jacuí, São Paulo",19649554,Varanda / lavanderia,varanda_area_servico,https://www.quintoandar.com.br/img/med/893474550-69.87557499182839IMG7255.JPG,data/external/quintoandar/images/varanda_area_servico/893474550_051_19649554_varanda_lavanderia.jpg,True,25599
quintoandar,893474550,https://www.quintoandar.com.br/imovel/893474550/alugar/casa-3-quartos-vila-jacui-sao-paulo,https://www.quintoandar.com.br/alugar/imovel/sao-paulo-sp-brasil/mobiliado,120,True,3,Vila Jacuí,"Rua Américo Sugai, Vila Jacuí, São Paulo",19649556,Varanda / lavanderia,varanda_area_servico,https://www.quintoandar.com.br/img/med/893474550-674.569179029625IMG7256.JPG,data/external/quintoandar/images/varanda_area_servico/893474550_052_19649556_varanda_lavanderia.jpg,True,25375
quintoandar,893474550,https://www.quintoandar.com.br/imovel/893474550/alugar/casa-3-quartos-vila-jacui-sao-paulo,https://www.quintoandar.com.br/alugar/imovel/sao-paulo-sp-brasil/mobiliado,120,True,3,Vila Jacuí,"Rua Américo Sugai, Vila Jacuí, São Paulo",19649560,Varanda / lavanderia,varanda_area_servico,https://www.quintoandar.com.br/img/med/893474550-727.1595758571669IMG7257.JPG,data/external/quintoandar/images/varanda_area_servico/893474550_053_19649560_varanda_lavanderia.jpg,True,26312
quintoandar,893474550,https://www.quintoandar.com.br/imovel/893474550/alugar/casa-3-quartos-vila-jacui-sao-paulo,https://www.quintoandar.com.br/alugar/imovel/sao-paulo-sp-brasil/mobiliado,120,True,3,Vila Jacuí,"Rua Américo Sugai, Vila Jacuí, São Paulo",19649562,Varanda / lavanderia,varanda_area_servico,https://www.quintoandar.com.br/img/med/893474550-141.68234070635233IMG7258.JPG,data/external/quintoandar/images/varanda_area_servico/893474550_054_19649562_varanda_lavanderia.jpg,True,27654
quintoandar,893474550,https://www.quintoandar.com.br/imovel/893474550/alugar/casa-3-quartos-vila-jacui-sao-paulo,https://www.quintoandar.com.br/alugar/imovel/sao-paulo-sp-brasil/mobiliado,120,True,3,Vila Jacuí,"Rua Américo Sugai, Vila Jacuí, São Paulo",19649564,Varanda / lavanderia,varanda_area_servico,https://www.quintoandar.com.br/img/med/893474550-91.16824682322344IMG7259.JPG,data/external/quintoandar/images/varanda_area_servico/893474550_055_19649564_varanda_lavanderia.jpg,True,29152
quintoandar,893474550,https://www.quintoandar.com.br/imovel/893474550/alugar/casa-3-quartos-vila-jacui-sao-paulo,https://www.quintoandar.com.br/alugar/imovel/sao-paulo-sp-brasil/mobiliado,120,True,3,Vila Jacuí,"Rua Américo Sugai, Vila Jacuí, São Paulo",19649568,Vista da Varanda,varanda,https://www.quintoandar.com.br/img/med/893474550-953.0200535621173IMG7260.JPG,data/external/quintoandar/images/varanda/893474550_056_19649568_vista_da_varanda.jpg,True,27096
quintoandar,893474550,https://www.quintoandar.com.br/imovel/893474550/alugar/casa-3-quartos-vila-jacui-sao-paulo,https://www.quintoandar.com.br/alugar/imovel/sao-paulo-sp-brasil/mobiliado,120,True,3,Vila Jacuí,"Rua Américo Sugai, Vila Jacuí, São Paulo",19649588,Garagem 1,garagem,https://www.quintoandar.com.br/img/med/893474550-363.68392442621166IMG7281.JPG,data/external/quintoandar/images/garagem/893474550_057_19649588_garagem_1.jpg,True,21146
quintoandar,893474550,https://www.quintoandar.com.br/imovel/893474550/alugar/casa-3-quartos-vila-jacui-sao-paulo,https://www.quintoandar.com.br/alugar/imovel/sao-paulo-sp-brasil/mobiliado,120,True,3,Vila Jacuí,"Rua Américo Sugai, Vila Jacuí, São Paulo",19649590,Garagem 1,garagem,https://www.quintoandar.com.br/img/med/893474550-19.824923408639727IMG7282.JPG,data/external/quintoandar/images/garagem/893474550_058_19649590_garagem_1.jpg,True,19509
quintoandar,893474550,https://www.quintoandar.com.br/imovel/893474550/alugar/casa-3-quartos-vila-jacui-sao-paulo,https://www.quintoandar.com.br/alugar/imovel/sao-paulo-sp-brasil/mobiliado,120,True,3,Vila Jacuí,"Rua Américo Sugai, Vila Jacuí, São Paulo",19649591,Garagem 1,garagem,https://www.quintoandar.com.br/img/med/893474550-327.0443373634331IMG7283.JPG,data/external/quintoandar/images/garagem/893474550_059_19649591_garagem_1.jpg,True,21487
quintoandar,893474550,https://www.quintoandar.com.br/imovel/893474550/alugar/casa-3-quartos-vila-jacui-sao-paulo,https://www.quintoandar.com.br/alugar/imovel/sao-paulo-sp-brasil/mobiliado,120,True,3,Vila Jacuí,"Rua Américo Sugai, Vila Jacuí, São Paulo",19649592,Garagem 1,garagem,https://www.quintoandar.com.br/img/med/893474550-237.95673690797636IMG7284.JPG,data/external/quintoandar/images/garagem/893474550_060_19649592_garagem_1.jpg,True,21808
quintoandar,893474550,https://www.quintoandar.com.br/imovel/893474550/alugar/casa-3-quartos-vila-jacui-sao-paulo,https://www.quintoandar.com.br/alugar/imovel/sao-paulo-sp-brasil/mobiliado,120,True,3,Vila Jacuí,"Rua Américo Sugai, Vila Jacuí, São Paulo",19649593,Churrasqueira,churrasqueira,https://www.quintoandar.com.br/img/med/893474550-786.8073834913525IMG7285.JPG,data/external/quintoandar/images/churrasqueira/893474550_061_19649593_churrasqueira.jpg,True,10860
quintoandar,893474550,https://www.quintoandar.com.br/imovel/893474550/alugar/casa-3-quartos-vila-jacui-sao-paulo,https://www.quintoandar.com.br/alugar/imovel/sao-paulo-sp-brasil/mobiliado,120,True,3,Vila Jacuí,"Rua Américo Sugai, Vila Jacuí, São Paulo",19649594,Garagem 2,garagem,https://www.quintoandar.com.br/img/med/893474550-436.02700622429614IMG7288.JPG,data/external/quintoandar/images/garagem/893474550_062_19649594_garagem_2.jpg,True,19482
quintoandar,893474550,https://www.quintoandar.com.br/imovel/893474550/alugar/casa-3-quartos-vila-jacui-sao-paulo,https://www.quintoandar.com.br/alugar/imovel/sao-paulo-sp-brasil/mobiliado,120,True,3,Vila Jacuí,"Rua Américo Sugai, Vila Jacuí, São Paulo",19649596,Garagem 2,garagem,https://www.quintoandar.com.br/img/med/893474550-988.2074568296835IMG7289.JPG,data/external/quintoandar/images/garagem/893474550_063_19649596_garagem_2.jpg,True,24454
quintoandar,893474550,https://www.quintoandar.com.br/imovel/893474550/alugar/casa-3-quartos-vila-jacui-sao-paulo,https://www.quintoandar.com.br/alugar/imovel/sao-paulo-sp-brasil/mobiliado,120,True,3,Vila Jacuí,"Rua Américo Sugai, Vila Jacuí, São Paulo",19649598,Garagem 2,garagem,https://www.quintoandar.com.br/img/med/893474550-16.44465020144814IMG7291.JPG,data/external/quintoandar/images/garagem/893474550_064_19649598_garagem_2.jpg,True,25758
quintoandar,893474550,https://www.quintoandar.com.br/imovel/893474550/alugar/casa-3-quartos-vila-jacui-sao-paulo,https://www.quintoandar.com.br/alugar/imovel/sao-paulo-sp-brasil/mobiliado,120,True,3,Vila Jacuí,"Rua Américo Sugai, Vila Jacuí, São Paulo",19649599,Fachada,area_externa,https://www.quintoandar.com.br/img/med/893474550-541.7716701853308IMG7293.JPG,data/external/quintoandar/images/area_externa/893474550_065_19649599_fachada.jpg,True,13272
quintoandar,894478813,https://www.quintoandar.com.br/imovel/894478813/alugar/casa-4-quartos-vila-jacui-sao-paulo,https://www.quintoandar.com.br/alugar/imovel/sao-paulo-sp-brasil/mobiliado,500,True,4,Vila Jacuí,"Rua Dona Ana Flora Pinheiro de Sousa, Vila Jacuí, São Paulo",52503891,Sala,sala,https://www.quintoandar.com.br/img/med/894478813-747.0712358341295IMG8519.jpg,data/external/quintoandar/images/sala/894478813_001_52503891_sala.jpg,True,19527
quintoandar,894478813,https://www.quintoandar.com.br/imovel/894478813/alugar/casa-4-quartos-vila-jacui-sao-paulo,https://www.quintoandar.com.br/alugar/imovel/sao-paulo-sp-brasil/mobiliado,500,True,4,Vila Jacuí,"Rua Dona Ana Flora Pinheiro de Sousa, Vila Jacuí, São Paulo",52503916,Sala,sala,https://www.quintoandar.com.br/img/med/894478813-452.5673973469484IMG8524.jpg,data/external/quintoandar/images/sala/894478813_002_52503916_sala.jpg,True,20307
quintoandar,894478813,https://www.quintoandar.com.br/imovel/894478813/alugar/casa-4-quartos-vila-jacui-sao-paulo,https://www.quintoandar.com.br/alugar/imovel/sao-paulo-sp-brasil/mobiliado,500,True,4,Vila Jacuí,"Rua Dona Ana Flora Pinheiro de Sousa, Vila Jacuí, São Paulo",52503907,Sala,sala,https://www.quintoandar.com.br/img/med/894478813-477.09290075284486IMG8523.jpg,data/external/quintoandar/images/sala/894478813_003_52503907_sala.jpg,True,20741
quintoandar,894478813,https://www.quintoandar.com.br/imovel/894478813/alugar/casa-4-quartos-vila-jacui-sao-paulo,https://www.quintoandar.com.br/alugar/imovel/sao-paulo-sp-brasil/mobiliado,500,True,4,Vila Jacuí,"Rua Dona Ana Flora Pinheiro de Sousa, Vila Jacuí, São Paulo",52503896,Sala,sala,https://www.quintoandar.com.br/img/med/894478813-378.3369199739115IMG8520.jpg,data/external/quintoandar/images/sala/894478813_004_52503896_sala.jpg,True,18056
quintoandar,894478813,https://www.quintoandar.com.br/imovel/894478813/alugar/casa-4-quartos-vila-jacui-sao-paulo,https://www.quintoandar.com.br/alugar/imovel/sao-paulo-sp-brasil/mobiliado,500,True,4,Vila Jacuí,"Rua Dona Ana Flora Pinheiro de Sousa, Vila Jacuí, São Paulo",52503883,Sala,sala,https://www.quintoandar.com.br/img/med/894478813-687.944098840929IMG8518.jpg,data/external/quintoandar/images/sala/894478813_005_52503883_sala.jpg,True,19253
quintoandar,894478813,https://www.quintoandar.com.br/imovel/894478813/alugar/casa-4-quartos-vila-jacui-sao-paulo,https://www.quintoandar.com.br/alugar/imovel/sao-paulo-sp-brasil/mobiliado,500,True,4,Vila Jacuí,"Rua Dona Ana Flora Pinheiro de Sousa, Vila Jacuí, São Paulo",52503902,Sala,sala,https://www.quintoandar.com.br/img/med/894478813-913.7873174320907IMG8522.jpg,data/external/quintoandar/images/sala/894478813_006_52503902_sala.jpg,True,17523
quintoandar,894478813,https://www.quintoandar.com.br/imovel/894478813/alugar/casa-4-quartos-vila-jacui-sao-paulo,https://www.quintoandar.com.br/alugar/imovel/sao-paulo-sp-brasil/mobiliado,500,True,4,Vila Jacuí,"Rua Dona Ana Flora Pinheiro de Sousa, Vila Jacuí, São Paulo",52503923,Sala,sala,https://www.quintoandar.com.br/img/med/894478813-497.4904974523231IMG8525.jpg,data/external/quintoandar/images/sala/894478813_007_52503923_sala.jpg,True,17138
quintoandar,894478813,https://www.quintoandar.com.br/imovel/894478813/alugar/casa-4-quartos-vila-jacui-sao-paulo,https://www.quintoandar.com.br/alugar/imovel/sao-paulo-sp-brasil/mobiliado,500,True,4,Vila Jacuí,"Rua Dona Ana Flora Pinheiro de Sousa, Vila Jacuí, São Paulo",52503928,Sala,sala,https://www.quintoandar.com.br/img/med/894478813-910.9706504781212IMG8526.jpg,data/external/quintoandar/images/sala/894478813_008_52503928_sala.jpg,True,18593
quintoandar,894478813,https://www.quintoandar.com.br/imovel/894478813/alugar/casa-4-quartos-vila-jacui-sao-paulo,https://www.quintoandar.com.br/alugar/imovel/sao-paulo-sp-brasil/mobiliado,500,True,4,Vila Jacuí,"Rua Dona Ana Flora Pinheiro de Sousa, Vila Jacuí, São Paulo",52504073,Sala 2,sala,https://www.quintoandar.com.br/img/med/894478813-839.6028135036586IMG8549.jpg,data/external/quintoandar/images/sala/894478813_009_52504073_sala_2.jpg,True,13348
quintoandar,894478813,https://www.quintoandar.com.br/imovel/894478813/alugar/casa-4-quartos-vila-jacui-sao-paulo,https://www.quintoandar.com.br/alugar/imovel/sao-paulo-sp-brasil/mobiliado,500,True,4,Vila Jacuí,"Rua Dona Ana Flora Pinheiro de Sousa, Vila Jacuí, São Paulo",52504088,Sala 2,sala,https://www.quintoandar.com.br/img/med/894478813-367.7369219540781IMG8551.jpg,data/external/quintoandar/images/sala/894478813_010_52504088_sala_2.jpg,True,11856
quintoandar,894478813,https://www.quintoandar.com.br/imovel/894478813/alugar/casa-4-quartos-vila-jacui-sao-paulo,https://www.quintoandar.com.br/alugar/imovel/sao-paulo-sp-brasil/mobiliado,500,True,4,Vila Jacuí,"Rua Dona Ana Flora Pinheiro de Sousa, Vila Jacuí, São Paulo",52504082,Sala 2,sala,https://www.quintoandar.com.br/img/med/894478813-795.7036609261459IMG8550.jpg,data/external/quintoandar/images/sala/894478813_011_52504082_sala_2.jpg,True,15382
quintoandar,894478813,https://www.quintoandar.com.br/imovel/894478813/alugar/casa-4-quartos-vila-jacui-sao-paulo,https://www.quintoandar.com.br/alugar/imovel/sao-paulo-sp-brasil/mobiliado,500,True,4,Vila Jacuí,"Rua Dona Ana Flora Pinheiro de Sousa, Vila Jacuí, São Paulo",52503766,Quarto 1,quarto,https://www.quintoandar.com.br/img/med/894478813-987.6351127930254IMG8488.jpg,data/external/quintoandar/images/quarto/894478813_012_52503766_quarto_1.jpg,True,20500
quintoandar,894478813,https://www.quintoandar.com.br/imovel/894478813/alugar/casa-4-quartos-vila-jacui-sao-paulo,https://www.quintoandar.com.br/alugar/imovel/sao-paulo-sp-brasil/mobiliado,500,True,4,Vila Jacuí,"Rua Dona Ana Flora Pinheiro de Sousa, Vila Jacuí, São Paulo",52503770,Quarto 1,quarto,https://www.quintoandar.com.br/img/med/894478813-21.80968578139153IMG8489.jpg,data/external/quintoandar/images/quarto/894478813_013_52503770_quarto_1.jpg,True,18881
quintoandar,894478813,https://www.quintoandar.com.br/imovel/894478813/alugar/casa-4-quartos-vila-jacui-sao-paulo,https://www.quintoandar.com.br/alugar/imovel/sao-paulo-sp-brasil/mobiliado,500,True,4,Vila Jacuí,"Rua Dona Ana Flora Pinheiro de Sousa, Vila Jacuí, São Paulo",52503774,Quarto 1,quarto,https://www.quintoandar.com.br/img/med/894478813-627.6221570388082IMG8490.jpg,data/external/quintoandar/images/quarto/894478813_014_52503774_quarto_1.jpg,True,18725
quintoandar,894478813,https://www.quintoandar.com.br/imovel/894478813/alugar/casa-4-quartos-vila-jacui-sao-paulo,https://www.quintoandar.com.br/alugar/imovel/sao-paulo-sp-brasil/mobiliado,500,True,4,Vila Jacuí,"Rua Dona Ana Flora Pinheiro de Sousa, Vila Jacuí, São Paulo",52503780,Quarto 1,quarto,https://www.quintoandar.com.br/img/med/894478813-324.11360542348444IMG8491.jpg,data/external/quintoandar/images/quarto/894478813_015_52503780_quarto_1.jpg,True,18366
quintoandar,894478813,https://www.quintoandar.com.br/imovel/894478813/alugar/casa-4-quartos-vila-jacui-sao-paulo,https://www.quintoandar.com.br/alugar/imovel/sao-paulo-sp-brasil/mobiliado,500,True,4,Vila Jacuí,"Rua Dona Ana Flora Pinheiro de Sousa, Vila Jacuí, São Paulo",52503785,Quarto 2,quarto,https://www.quintoandar.com.br/img/med/894478813-201.84221257316526IMG8492.jpg,data/external/quintoandar/images/quarto/894478813_016_52503785_quarto_2.jpg,True,18850
quintoandar,894478813,https://www.quintoandar.com.br/imovel/894478813/alugar/casa-4-quartos-vila-jacui-sao-paulo,https://www.quintoandar.com.br/alugar/imovel/sao-paulo-sp-brasil/mobiliado,500,True,4,Vila Jacuí,"Rua Dona Ana Flora Pinheiro de Sousa, Vila Jacuí, São Paulo",52503787,Quarto 2,quarto,https://www.quintoandar.com.br/img/med/894478813-993.5066163412648IMG8493.jpg,data/external/quintoandar/images/quarto/894478813_017_52503787_quarto_2.jpg,True,21988
quintoandar,894478813,https://www.quintoandar.com.br/imovel/894478813/alugar/casa-4-quartos-vila-jacui-sao-paulo,https://www.quintoandar.com.br/alugar/imovel/sao-paulo-sp-brasil/mobiliado,500,True,4,Vila Jacuí,"Rua Dona Ana Flora Pinheiro de Sousa, Vila Jacuí, São Paulo",52503790,Quarto 2,quarto,https://www.quintoandar.com.br/img/med/894478813-400.5954329108581IMG8494.jpg,data/external/quintoandar/images/quarto/894478813_018_52503790_quarto_2.jpg,True,21403
quintoandar,894478813,https://www.quintoandar.com.br/imovel/894478813/alugar/casa-4-quartos-vila-jacui-sao-paulo,https://www.quintoandar.com.br/alugar/imovel/sao-paulo-sp-brasil/mobiliado,500,True,4,Vila Jacuí,"Rua Dona Ana Flora Pinheiro de Sousa, Vila Jacuí, São Paulo",52503795,Quarto 2,quarto,https://www.quintoandar.com.br/img/med/894478813-901.4972325766526IMG8495.jpg,data/external/quintoandar/images/quarto/894478813_019_52503795_quarto_2.jpg,True,18785
quintoandar,894478813,https://www.quintoandar.com.br/imovel/894478813/alugar/casa-4-quartos-vila-jacui-sao-paulo,https://www.quintoandar.com.br/alugar/imovel/sao-paulo-sp-brasil/mobiliado,500,True,4,Vila Jacuí,"Rua Dona Ana Flora Pinheiro de Sousa, Vila Jacuí, São Paulo",52503800,Sacada,varanda,https://www.quintoandar.com.br/img/med/894478813-74.97646506140964IMG8496.jpg,data/external/quintoandar/images/varanda/894478813_020_52503800_sacada.jpg,True,12884
quintoandar,894478813,https://www.quintoandar.com.br/imovel/894478813/alugar/casa-4-quartos-vila-jacui-sao-paulo,https://www.quintoandar.com.br/alugar/imovel/sao-paulo-sp-brasil/mobiliado,500,True,4,Vila Jacuí,"Rua Dona Ana Flora Pinheiro de Sousa, Vila Jacuí, São Paulo",52503805,Sacada,varanda,https://www.quintoandar.com.br/img/med/894478813-461.44782728495693IMG8497.jpg,data/external/quintoandar/images/varanda/894478813_021_52503805_sacada.jpg,True,17849
quintoandar,894478813,https://www.quintoandar.com.br/imovel/894478813/alugar/casa-4-quartos-vila-jacui-sao-paulo,https://www.quintoandar.com.br/alugar/imovel/sao-paulo-sp-brasil/mobiliado,500,True,4,Vila Jacuí,"Rua Dona Ana Flora Pinheiro de Sousa, Vila Jacuí, São Paulo",52503821,Quarto 3,quarto,https://www.quintoandar.com.br/img/med/894478813-760.5881981247259IMG8504.jpg,data/external/quintoandar/images/quarto/894478813_022_52503821_quarto_3.jpg,True,18443
quintoandar,894478813,https://www.quintoandar.com.br/imovel/894478813/alugar/casa-4-quartos-vila-jacui-sao-paulo,https://www.quintoandar.com.br/alugar/imovel/sao-paulo-sp-brasil/mobiliado,500,True,4,Vila Jacuí,"Rua Dona Ana Flora Pinheiro de Sousa, Vila Jacuí, São Paulo",52503825,Quarto 3,quarto,https://www.quintoandar.com.br/img/med/894478813-618.5112092904844IMG8505.jpg,data/external/quintoandar/images/quarto/894478813_023_52503825_quarto_3.jpg,True,19660
quintoandar,894478813,https://www.quintoandar.com.br/imovel/894478813/alugar/casa-4-quartos-vila-jacui-sao-paulo,https://www.quintoandar.com.br/alugar/imovel/sao-paulo-sp-brasil/mobiliado,500,True,4,Vila Jacuí,"Rua Dona Ana Flora Pinheiro de Sousa, Vila Jacuí, São Paulo",52503829,Quarto 3,quarto,https://www.quintoandar.com.br/img/med/894478813-471.27255948223257IMG8506.jpg,data/external/quintoandar/images/quarto/894478813_024_52503829_quarto_3.jpg,True,18147
quintoandar,894478813,https://www.quintoandar.com.br/imovel/894478813/alugar/casa-4-quartos-vila-jacui-sao-paulo,https://www.quintoandar.com.br/alugar/imovel/sao-paulo-sp-brasil/mobiliado,500,True,4,Vila Jacuí,"Rua Dona Ana Flora Pinheiro de Sousa, Vila Jacuí, São Paulo",52503833,Suíte,quarto,https://www.quintoandar.com.br/img/med/894478813-828.3634327537019IMG8507.jpg,data/external/quintoandar/images/quarto/894478813_025_52503833_suite.jpg,True,22960
quintoandar,894478813,https://www.quintoandar.com.br/imovel/894478813/alugar/casa-4-quartos-vila-jacui-sao-paulo,https://www.quintoandar.com.br/alugar/imovel/sao-paulo-sp-brasil/mobiliado,500,True,4,Vila Jacuí,"Rua Dona Ana Flora Pinheiro de Sousa, Vila Jacuí, São Paulo",52503838,Suíte,quarto,https://www.quintoandar.com.br/img/med/894478813-112.07218266329555IMG8508.jpg,data/external/quintoandar/images/quarto/894478813_026_52503838_suite.jpg,True,21199
quintoandar,894478813,https://www.quintoandar.com.br/imovel/894478813/alugar/casa-4-quartos-vila-jacui-sao-paulo,https://www.quintoandar.com.br/alugar/imovel/sao-paulo-sp-brasil/mobiliado,500,True,4,Vila Jacuí,"Rua Dona Ana Flora Pinheiro de Sousa, Vila Jacuí, São Paulo",52503842,Suíte,quarto,https://www.quintoandar.com.br/img/med/894478813-988.7566015938908IMG8509.jpg,data/external/quintoandar/images/quarto/894478813_027_52503842_suite.jpg,True,16629
quintoandar,894478813,https://www.quintoandar.com.br/imovel/894478813/alugar/casa-4-quartos-vila-jacui-sao-paulo,https://www.quintoandar.com.br/alugar/imovel/sao-paulo-sp-brasil/mobiliado,500,True,4,Vila Jacuí,"Rua Dona Ana Flora Pinheiro de Sousa, Vila Jacuí, São Paulo",52503845,Suíte,quarto,https://www.quintoandar.com.br/img/med/894478813-787.0760963974193IMG8510.jpg,data/external/quintoandar/images/quarto/894478813_028_52503845_suite.jpg,True,22814
quintoandar,894478813,https://www.quintoandar.com.br/imovel/894478813/alugar/casa-4-quartos-vila-jacui-sao-paulo,https://www.quintoandar.com.br/alugar/imovel/sao-paulo-sp-brasil/mobiliado,500,True,4,Vila Jacuí,"Rua Dona Ana Flora Pinheiro de Sousa, Vila Jacuí, São Paulo",52503848,Banheiro da Suíte,quarto_banheiro,https://www.quintoandar.com.br/img/med/894478813-410.7686659046981IMG8511.jpg,data/external/quintoandar/images/quarto_banheiro/894478813_029_52503848_banheiro_da_suite.jpg,True,10466
quintoandar,894478813,https://www.quintoandar.com.br/imovel/894478813/alugar/casa-4-quartos-vila-jacui-sao-paulo,https://www.quintoandar.com.br/alugar/imovel/sao-paulo-sp-brasil/mobiliado,500,True,4,Vila Jacuí,"Rua Dona Ana Flora Pinheiro de Sousa, Vila Jacuí, São Paulo",52503851,Banheiro da Suíte,quarto_banheiro,https://www.quintoandar.com.br/img/med/894478813-440.63198507377064IMG8512.jpg,data/external/quintoandar/images/quarto_banheiro/894478813_030_52503851_banheiro_da_suite.jpg,True,24986
quintoandar,894478813,https://www.quintoandar.com.br/imovel/894478813/alugar/casa-4-quartos-vila-jacui-sao-paulo,https://www.quintoandar.com.br/alugar/imovel/sao-paulo-sp-brasil/mobiliado,500,True,4,Vila Jacuí,"Rua Dona Ana Flora Pinheiro de Sousa, Vila Jacuí, São Paulo",52503855,Banheiro da Suíte,quarto_banheiro,https://www.quintoandar.com.br/img/med/894478813-414.4466312689041IMG8513.jpg,data/external/quintoandar/images/quarto_banheiro/894478813_031_52503855_banheiro_da_suite.jpg,True,19732
quintoandar,894478813,https://www.quintoandar.com.br/imovel/894478813/alugar/casa-4-quartos-vila-jacui-sao-paulo,https://www.quintoandar.com.br/alugar/imovel/sao-paulo-sp-brasil/mobiliado,500,True,4,Vila Jacuí,"Rua Dona Ana Flora Pinheiro de Sousa, Vila Jacuí, São Paulo",52503859,Banheiro da Suíte,quarto_banheiro,https://www.quintoandar.com.br/img/med/894478813-614.2663308363549IMG8514.jpg,data/external/quintoandar/images/quarto_banheiro/894478813_032_52503859_banheiro_da_suite.jpg,True,17920
quintoandar,894478813,https://www.quintoandar.com.br/imovel/894478813/alugar/casa-4-quartos-vila-jacui-sao-paulo,https://www.quintoandar.com.br/alugar/imovel/sao-paulo-sp-brasil/mobiliado,500,True,4,Vila Jacuí,"Rua Dona Ana Flora Pinheiro de Sousa, Vila Jacuí, São Paulo",52503808,Banheiro 1,banheiro,https://www.quintoandar.com.br/img/med/894478813-701.4691135120736IMG8498.jpg,data/external/quintoandar/images/banheiro/894478813_034_52503808_banheiro_1.jpg,True,13107
quintoandar,894478813,https://www.quintoandar.com.br/imovel/894478813/alugar/casa-4-quartos-vila-jacui-sao-paulo,https://www.quintoandar.com.br/alugar/imovel/sao-paulo-sp-brasil/mobiliado,500,True,4,Vila Jacuí,"Rua Dona Ana Flora Pinheiro de Sousa, Vila Jacuí, São Paulo",52503811,Banheiro 1,banheiro,https://www.quintoandar.com.br/img/med/894478813-628.8717720364469IMG8499.jpg,data/external/quintoandar/images/banheiro/894478813_035_52503811_banheiro_1.jpg,True,11412
quintoandar,894478813,https://www.quintoandar.com.br/imovel/894478813/alugar/casa-4-quartos-vila-jacui-sao-paulo,https://www.quintoandar.com.br/alugar/imovel/sao-paulo-sp-brasil/mobiliado,500,True,4,Vila Jacuí,"Rua Dona Ana Flora Pinheiro de Sousa, Vila Jacuí, São Paulo",52503814,Banheiro 1,banheiro,https://www.quintoandar.com.br/img/med/894478813-879.7278919319112IMG8501.jpg,data/external/quintoandar/images/banheiro/894478813_036_52503814_banheiro_1.jpg,True,17939
quintoandar,894478813,https://www.quintoandar.com.br/imovel/894478813/alugar/casa-4-quartos-vila-jacui-sao-paulo,https://www.quintoandar.com.br/alugar/imovel/sao-paulo-sp-brasil/mobiliado,500,True,4,Vila Jacuí,"Rua Dona Ana Flora Pinheiro de Sousa, Vila Jacuí, São Paulo",52503817,Banheiro 1,banheiro,https://www.quintoandar.com.br/img/med/894478813-494.51035466729985IMG8502.jpg,data/external/quintoandar/images/banheiro/894478813_037_52503817_banheiro_1.jpg,True,11992
quintoandar,894478813,https://www.quintoandar.com.br/imovel/894478813/alugar/casa-4-quartos-vila-jacui-sao-paulo,https://www.quintoandar.com.br/alugar/imovel/sao-paulo-sp-brasil/mobiliado,500,True,4,Vila Jacuí,"Rua Dona Ana Flora Pinheiro de Sousa, Vila Jacuí, São Paulo",52503934,Banheiro 2,banheiro,https://www.quintoandar.com.br/img/med/894478813-763.0771573106093IMG8527.jpg,data/external/quintoandar/images/banheiro/894478813_038_52503934_banheiro_2.jpg,True,9380
quintoandar,894478813,https://www.quintoandar.com.br/imovel/894478813/alugar/casa-4-quartos-vila-jacui-sao-paulo,https://www.quintoandar.com.br/alugar/imovel/sao-paulo-sp-brasil/mobiliado,500,True,4,Vila Jacuí,"Rua Dona Ana Flora Pinheiro de Sousa, Vila Jacuí, São Paulo",52503949,Banheiro 2,banheiro,https://www.quintoandar.com.br/img/med/894478813-235.1067087811013IMG8529.jpg,data/external/quintoandar/images/banheiro/894478813_039_52503949_banheiro_2.jpg,True,15330
quintoandar,894478813,https://www.quintoandar.com.br/imovel/894478813/alugar/casa-4-quartos-vila-jacui-sao-paulo,https://www.quintoandar.com.br/alugar/imovel/sao-paulo-sp-brasil/mobiliado,500,True,4,Vila Jacuí,"Rua Dona Ana Flora Pinheiro de Sousa, Vila Jacuí, São Paulo",52503954,Banheiro 2,banheiro,https://www.quintoandar.com.br/img/med/894478813-259.57502833252966IMG8530.jpg,data/external/quintoandar/images/banheiro/894478813_040_52503954_banheiro_2.jpg,True,9435
quintoandar,894478813,https://www.quintoandar.com.br/imovel/894478813/alugar/casa-4-quartos-vila-jacui-sao-paulo,https://www.quintoandar.com.br/alugar/imovel/sao-paulo-sp-brasil/mobiliado,500,True,4,Vila Jacuí,"Rua Dona Ana Flora Pinheiro de Sousa, Vila Jacuí, São Paulo",52503941,Banheiro 2,banheiro,https://www.quintoandar.com.br/img/med/894478813-392.319474338222IMG8528.jpg,data/external/quintoandar/images/banheiro/894478813_041_52503941_banheiro_2.jpg,True,20234
quintoandar,894478813,https://www.quintoandar.com.br/imovel/894478813/alugar/casa-4-quartos-vila-jacui-sao-paulo,https://www.quintoandar.com.br/alugar/imovel/sao-paulo-sp-brasil/mobiliado,500,True,4,Vila Jacuí,"Rua Dona Ana Flora Pinheiro de Sousa, Vila Jacuí, São Paulo",52504023,Banheiro de Serviço,banheiro,https://www.quintoandar.com.br/img/med/894478813-928.4814614771174IMG8542.jpg,data/external/quintoandar/images/banheiro/894478813_042_52504023_banheiro_de_servico.jpg,True,10605
quintoandar,894478813,https://www.quintoandar.com.br/imovel/894478813/alugar/casa-4-quartos-vila-jacui-sao-paulo,https://www.quintoandar.com.br/alugar/imovel/sao-paulo-sp-brasil/mobiliado,500,True,4,Vila Jacuí,"Rua Dona Ana Flora Pinheiro de Sousa, Vila Jacuí, São Paulo",52504065,Cozinha,cozinha,https://www.quintoandar.com.br/img/med/894478813-645.2331353424958IMG8548.jpg,data/external/quintoandar/images/cozinha/894478813_045_52504065_cozinha.jpg,True,19356
quintoandar,894478813,https://www.quintoandar.com.br/imovel/894478813/alugar/casa-4-quartos-vila-jacui-sao-paulo,https://www.quintoandar.com.br/alugar/imovel/sao-paulo-sp-brasil/mobiliado,500,True,4,Vila Jacuí,"Rua Dona Ana Flora Pinheiro de Sousa, Vila Jacuí, São Paulo",52504044,Cozinha,cozinha,https://www.quintoandar.com.br/img/med/894478813-739.3427278185708IMG8545.jpg,data/external/quintoandar/images/cozinha/894478813_046_52504044_cozinha.jpg,True,18732
quintoandar,894478813,https://www.quintoandar.com.br/imovel/894478813/alugar/casa-4-quartos-vila-jacui-sao-paulo,https://www.quintoandar.com.br/alugar/imovel/sao-paulo-sp-brasil/mobiliado,500,True,4,Vila Jacuí,"Rua Dona Ana Flora Pinheiro de Sousa, Vila Jacuí, São Paulo",52504052,Cozinha,cozinha,https://www.quintoandar.com.br/img/med/894478813-490.92222667682074IMG8546.jpg,data/external/quintoandar/images/cozinha/894478813_047_52504052_cozinha.jpg,True,17018
quintoandar,894478813,https://www.quintoandar.com.br/imovel/894478813/alugar/casa-4-quartos-vila-jacui-sao-paulo,https://www.quintoandar.com.br/alugar/imovel/sao-paulo-sp-brasil/mobiliado,500,True,4,Vila Jacuí,"Rua Dona Ana Flora Pinheiro de Sousa, Vila Jacuí, São Paulo",52504039,Cozinha,cozinha,https://www.quintoandar.com.br/img/med/894478813-96.30587987539296IMG8544.jpg,data/external/quintoandar/images/cozinha/894478813_048_52504039_cozinha.jpg,True,18717
quintoandar,894478813,https://www.quintoandar.com.br/imovel/894478813/alugar/casa-4-quartos-vila-jacui-sao-paulo,https://www.quintoandar.com.br/alugar/imovel/sao-paulo-sp-brasil/mobiliado,500,True,4,Vila Jacuí,"Rua Dona Ana Flora Pinheiro de Sousa, Vila Jacuí, São Paulo",52504059,Cozinha,cozinha,https://www.quintoandar.com.br/img/med/894478813-194.65411986553693IMG8547.jpg,data/external/quintoandar/images/cozinha/894478813_049_52504059_cozinha.jpg,True,18865
quintoandar,894478813,https://www.quintoandar.com.br/imovel/894478813/alugar/casa-4-quartos-vila-jacui-sao-paulo,https://www.quintoandar.com.br/alugar/imovel/sao-paulo-sp-brasil/mobiliado,500,True,4,Vila Jacuí,"Rua Dona Ana Flora Pinheiro de Sousa, Vila Jacuí, São Paulo",52503960,Área Externa,area_externa,https://www.quintoandar.com.br/img/med/894478813-861.4182202229997IMG8532.jpg,data/external/quintoandar/images/area_externa/894478813_050_52503960_area_externa.jpg,True,11787
quintoandar,894478813,https://www.quintoandar.com.br/imovel/894478813/alugar/casa-4-quartos-vila-jacui-sao-paulo,https://www.quintoandar.com.br/alugar/imovel/sao-paulo-sp-brasil/mobiliado,500,True,4,Vila Jacuí,"Rua Dona Ana Flora Pinheiro de Sousa, Vila Jacuí, São Paulo",52503965,Área Externa,area_externa,https://www.quintoandar.com.br/img/med/894478813-200.96504678509507IMG8533.jpg,data/external/quintoandar/images/area_externa/894478813_051_52503965_area_externa.jpg,True,16119
quintoandar,894478813,https://www.quintoandar.com.br/imovel/894478813/alugar/casa-4-quartos-vila-jacui-sao-paulo,https://www.quintoandar.com.br/alugar/imovel/sao-paulo-sp-brasil/mobiliado,500,True,4,Vila Jacuí,"Rua Dona Ana Flora Pinheiro de Sousa, Vila Jacuí, São Paulo",52503971,Área Externa,area_externa,https://www.quintoandar.com.br/img/med/894478813-448.2835258319682IMG8534.jpg,data/external/quintoandar/images/area_externa/894478813_052_52503971_area_externa.jpg,True,24159
quintoandar,894478813,https://www.quintoandar.com.br/imovel/894478813/alugar/casa-4-quartos-vila-jacui-sao-paulo,https://www.quintoandar.com.br/alugar/imovel/sao-paulo-sp-brasil/mobiliado,500,True,4,Vila Jacuí,"Rua Dona Ana Flora Pinheiro de Sousa, Vila Jacuí, São Paulo",52503978,Área Externa,area_externa,https://www.quintoandar.com.br/img/med/894478813-784.908916792296IMG8535.jpg,data/external/quintoandar/images/area_externa/894478813_053_52503978_area_externa.jpg,True,26996
quintoandar,894478813,https://www.quintoandar.com.br/imovel/894478813/alugar/casa-4-quartos-vila-jacui-sao-paulo,https://www.quintoandar.com.br/alugar/imovel/sao-paulo-sp-brasil/mobiliado,500,True,4,Vila Jacuí,"Rua Dona Ana Flora Pinheiro de Sousa, Vila Jacuí, São Paulo",52503984,Área de Serviço,area_servico,https://www.quintoandar.com.br/img/med/894478813-726.6554560312725IMG8536.jpg,data/external/quintoandar/images/area_servico/894478813_054_52503984_area_de_servico.jpg,True,13495
quintoandar,894478813,https://www.quintoandar.com.br/imovel/894478813/alugar/casa-4-quartos-vila-jacui-sao-paulo,https://www.quintoandar.com.br/alugar/imovel/sao-paulo-sp-brasil/mobiliado,500,True,4,Vila Jacuí,"Rua Dona Ana Flora Pinheiro de Sousa, Vila Jacuí, São Paulo",52503990,Área de Serviço,area_servico,https://www.quintoandar.com.br/img/med/894478813-661.0981131606379IMG8537.jpg,data/external/quintoandar/images/area_servico/894478813_055_52503990_area_de_servico.jpg,True,10750
quintoandar,894478813,https://www.quintoandar.com.br/imovel/894478813/alugar/casa-4-quartos-vila-jacui-sao-paulo,https://www.quintoandar.com.br/alugar/imovel/sao-paulo-sp-brasil/mobiliado,500,True,4,Vila Jacuí,"Rua Dona Ana Flora Pinheiro de Sousa, Vila Jacuí, São Paulo",52503996,Área de Serviço,area_servico,https://www.quintoandar.com.br/img/med/894478813-62.39212469173538IMG8538.jpg,data/external/quintoandar/images/area_servico/894478813_056_52503996_area_de_servico.jpg,True,12370
quintoandar,894478813,https://www.quintoandar.com.br/imovel/894478813/alugar/casa-4-quartos-vila-jacui-sao-paulo,https://www.quintoandar.com.br/alugar/imovel/sao-paulo-sp-brasil/mobiliado,500,True,4,Vila Jacuí,"Rua Dona Ana Flora Pinheiro de Sousa, Vila Jacuí, São Paulo",52504002,Salão de Festas,sala,https://www.quintoandar.com.br/img/med/894478813-596.6774178102016IMG8539.jpg,data/external/quintoandar/images/sala/894478813_057_52504002_salao_de_festas.jpg,True,21999
quintoandar,894478813,https://www.quintoandar.com.br/imovel/894478813/alugar/casa-4-quartos-vila-jacui-sao-paulo,https://www.quintoandar.com.br/alugar/imovel/sao-paulo-sp-brasil/mobiliado,500,True,4,Vila Jacuí,"Rua Dona Ana Flora Pinheiro de Sousa, Vila Jacuí, São Paulo",52504008,Salão de Festas,sala,https://www.quintoandar.com.br/img/med/894478813-924.1541449337916IMG8540.jpg,data/external/quintoandar/images/sala/894478813_058_52504008_salao_de_festas.jpg,True,21282
quintoandar,894478813,https://www.quintoandar.com.br/imovel/894478813/alugar/casa-4-quartos-vila-jacui-sao-paulo,https://www.quintoandar.com.br/alugar/imovel/sao-paulo-sp-brasil/mobiliado,500,True,4,Vila Jacuí,"Rua Dona Ana Flora Pinheiro de Sousa, Vila Jacuí, São Paulo",52504015,Garagem,garagem,https://www.quintoandar.com.br/img/med/894478813-426.1036459423744IMG8541.jpg,data/external/quintoandar/images/garagem/894478813_059_52504015_garagem.jpg,True,22057
quintoandar,894478813,https://www.quintoandar.com.br/imovel/894478813/alugar/casa-4-quartos-vila-jacui-sao-paulo,https://www.quintoandar.com.br/alugar/imovel/sao-paulo-sp-brasil/mobiliado,500,True,4,Vila Jacuí,"Rua Dona Ana Flora Pinheiro de Sousa, Vila Jacuí, São Paulo",52504031,Jardim,jardim,https://www.quintoandar.com.br/img/med/894478813-166.52304792096783IMG8543.jpg,data/external/quintoandar/images/jardim/894478813_060_52504031_jardim.jpg,True,37115
quintoandar,895283179,https://www.quintoandar.com.br/imovel/895283179/alugar/apartamento-3-quartos-sao-miguel-paulista-sao-paulo,https://www.quintoandar.com.br/alugar/imovel/sao-paulo-sp-brasil/mobiliado,125,True,3,Vila Jacuí,"Rua Mário Rodrigues Fon, Vila Jacuí, São Paulo",80227654,Sala,sala,https://www.quintoandar.com.br/img/med/original895283179-449.7797534125737RAY5174.jpg,data/external/quintoandar/images/sala/895283179_001_80227654_sala.jpg,True,25311
quintoandar,895283179,https://www.quintoandar.com.br/imovel/895283179/alugar/apartamento-3-quartos-sao-miguel-paulista-sao-paulo,https://www.quintoandar.com.br/alugar/imovel/sao-paulo-sp-brasil/mobiliado,125,True,3,Vila Jacuí,"Rua Mário Rodrigues Fon, Vila Jacuí, São Paulo",80227626,Sala,sala,https://www.quintoandar.com.br/img/med/original895283179-817.4475029546634RAY5157.jpg,data/external/quintoandar/images/sala/895283179_002_80227626_sala.jpg,True,23681
quintoandar,895283179,https://www.quintoandar.com.br/imovel/895283179/alugar/apartamento-3-quartos-sao-miguel-paulista-sao-paulo,https://www.quintoandar.com.br/alugar/imovel/sao-paulo-sp-brasil/mobiliado,125,True,3,Vila Jacuí,"Rua Mário Rodrigues Fon, Vila Jacuí, São Paulo",80227631,Sala,sala,https://www.quintoandar.com.br/img/med/original895283179-982.6466205631453RAY5158.jpg,data/external/quintoandar/images/sala/895283179_003_80227631_sala.jpg,True,22012
quintoandar,895283179,https://www.quintoandar.com.br/imovel/895283179/alugar/apartamento-3-quartos-sao-miguel-paulista-sao-paulo,https://www.quintoandar.com.br/alugar/imovel/sao-paulo-sp-brasil/mobiliado,125,True,3,Vila Jacuí,"Rua Mário Rodrigues Fon, Vila Jacuí, São Paulo",80227640,Sala,sala,https://www.quintoandar.com.br/img/med/original895283179-859.994418450506RAY5160.jpg,data/external/quintoandar/images/sala/895283179_004_80227640_sala.jpg,True,18816
quintoandar,895283179,https://www.quintoandar.com.br/imovel/895283179/alugar/apartamento-3-quartos-sao-miguel-paulista-sao-paulo,https://www.quintoandar.com.br/alugar/imovel/sao-paulo-sp-brasil/mobiliado,125,True,3,Vila Jacuí,"Rua Mário Rodrigues Fon, Vila Jacuí, São Paulo",80227644,Sala,sala,https://www.quintoandar.com.br/img/med/original895283179-237.52013142416263RAY5161.jpg,data/external/quintoandar/images/sala/895283179_005_80227644_sala.jpg,True,20326
quintoandar,895283179,https://www.quintoandar.com.br/imovel/895283179/alugar/apartamento-3-quartos-sao-miguel-paulista-sao-paulo,https://www.quintoandar.com.br/alugar/imovel/sao-paulo-sp-brasil/mobiliado,125,True,3,Vila Jacuí,"Rua Mário Rodrigues Fon, Vila Jacuí, São Paulo",80227649,Sala,sala,https://www.quintoandar.com.br/img/med/original895283179-934.5547181757646RAY5169.jpg,data/external/quintoandar/images/sala/895283179_006_80227649_sala.jpg,True,19104
quintoandar,895283179,https://www.quintoandar.com.br/imovel/895283179/alugar/apartamento-3-quartos-sao-miguel-paulista-sao-paulo,https://www.quintoandar.com.br/alugar/imovel/sao-paulo-sp-brasil/mobiliado,125,True,3,Vila Jacuí,"Rua Mário Rodrigues Fon, Vila Jacuí, São Paulo",80227658,Sala,sala,https://www.quintoandar.com.br/img/med/original895283179-884.9619206924424RAY5189.jpg,data/external/quintoandar/images/sala/895283179_007_80227658_sala.jpg,True,20173
quintoandar,895283179,https://www.quintoandar.com.br/imovel/895283179/alugar/apartamento-3-quartos-sao-miguel-paulista-sao-paulo,https://www.quintoandar.com.br/alugar/imovel/sao-paulo-sp-brasil/mobiliado,125,True,3,Vila Jacuí,"Rua Mário Rodrigues Fon, Vila Jacuí, São Paulo",80227693,Sala,sala,https://www.quintoandar.com.br/img/med/original895283179-208.44696098846526RAY5169.jpg,data/external/quintoandar/images/sala/895283179_008_80227693_sala.jpg,True,19104
quintoandar,895283179,https://www.quintoandar.com.br/imovel/895283179/alugar/apartamento-3-quartos-sao-miguel-paulista-sao-paulo,https://www.quintoandar.com.br/alugar/imovel/sao-paulo-sp-brasil/mobiliado,125,True,3,Vila Jacuí,"Rua Mário Rodrigues Fon, Vila Jacuí, São Paulo",80227680,Varanda da Sala,sala_varanda,https://www.quintoandar.com.br/img/med/original895283179-938.75739484113RAY5162.jpg,data/external/quintoandar/images/sala_varanda/895283179_009_80227680_varanda_da_sala.jpg,True,28483
quintoandar,895283179,https://www.quintoandar.com.br/imovel/895283179/alugar/apartamento-3-quartos-sao-miguel-paulista-sao-paulo,https://www.quintoandar.com.br/alugar/imovel/sao-paulo-sp-brasil/mobiliado,125,True,3,Vila Jacuí,"Rua Mário Rodrigues Fon, Vila Jacuí, São Paulo",80227683,Varanda da Sala,sala_varanda,https://www.quintoandar.com.br/img/med/original895283179-856.2389720211778RAY5163.jpg,data/external/quintoandar/images/sala_varanda/895283179_010_80227683_varanda_da_sala.jpg,True,38645
quintoandar,895283179,https://www.quintoandar.com.br/imovel/895283179/alugar/apartamento-3-quartos-sao-miguel-paulista-sao-paulo,https://www.quintoandar.com.br/alugar/imovel/sao-paulo-sp-brasil/mobiliado,125,True,3,Vila Jacuí,"Rua Mário Rodrigues Fon, Vila Jacuí, São Paulo",80227686,Varanda da Sala,sala_varanda,https://www.quintoandar.com.br/img/med/original895283179-151.14973824141853RAY5165.jpg,data/external/quintoandar/images/sala_varanda/895283179_011_80227686_varanda_da_sala.jpg,True,28116
quintoandar,895283179,https://www.quintoandar.com.br/imovel/895283179/alugar/apartamento-3-quartos-sao-miguel-paulista-sao-paulo,https://www.quintoandar.com.br/alugar/imovel/sao-paulo-sp-brasil/mobiliado,125,True,3,Vila Jacuí,"Rua Mário Rodrigues Fon, Vila Jacuí, São Paulo",80227690,Vista da Varanda,varanda,https://www.quintoandar.com.br/img/med/original895283179-906.8361911233277RAY5167.jpg,data/external/quintoandar/images/varanda/895283179_012_80227690_vista_da_varanda.jpg,True,29453
quintoandar,895283179,https://www.quintoandar.com.br/imovel/895283179/alugar/apartamento-3-quartos-sao-miguel-paulista-sao-paulo,https://www.quintoandar.com.br/alugar/imovel/sao-paulo-sp-brasil/mobiliado,125,True,3,Vila Jacuí,"Rua Mário Rodrigues Fon, Vila Jacuí, São Paulo",80227695,Sala - Entrada,sala,https://www.quintoandar.com.br/img/med/original895283179-834.4281184095831RAY5171.jpg,data/external/quintoandar/images/sala/895283179_013_80227695_sala_entrada.jpg,True,12226
quintoandar,895283179,https://www.quintoandar.com.br/imovel/895283179/alugar/apartamento-3-quartos-sao-miguel-paulista-sao-paulo,https://www.quintoandar.com.br/alugar/imovel/sao-paulo-sp-brasil/mobiliado,125,True,3,Vila Jacuí,"Rua Mário Rodrigues Fon, Vila Jacuí, São Paulo",80227698,Sala de Jantar,sala,https://www.quintoandar.com.br/img/med/original895283179-666.0896189403443RAY5177.jpg,data/external/quintoandar/images/sala/895283179_014_80227698_sala_de_jantar.jpg,True,23069
quintoandar,895283179,https://www.quintoandar.com.br/imovel/895283179/alugar/apartamento-3-quartos-sao-miguel-paulista-sao-paulo,https://www.quintoandar.com.br/alugar/imovel/sao-paulo-sp-brasil/mobiliado,125,True,3,Vila Jacuí,"Rua Mário Rodrigues Fon, Vila Jacuí, São Paulo",80227700,Sala de Jantar,sala,https://www.quintoandar.com.br/img/med/original895283179-457.9459079002226RAY5179.jpg,data/external/quintoandar/images/sala/895283179_015_80227700_sala_de_jantar.jpg,True,20601
quintoandar,895283179,https://www.quintoandar.com.br/imovel/895283179/alugar/apartamento-3-quartos-sao-miguel-paulista-sao-paulo,https://www.quintoandar.com.br/alugar/imovel/sao-paulo-sp-brasil/mobiliado,125,True,3,Vila Jacuí,"Rua Mário Rodrigues Fon, Vila Jacuí, São Paulo",80227703,Sala de Jantar,sala,https://www.quintoandar.com.br/img/med/original895283179-395.97694886385904RAY5181.jpg,data/external/quintoandar/images/sala/895283179_016_80227703_sala_de_jantar.jpg,True,26650
quintoandar,895283179,https://www.quintoandar.com.br/imovel/895283179/alugar/apartamento-3-quartos-sao-miguel-paulista-sao-paulo,https://www.quintoandar.com.br/alugar/imovel/sao-paulo-sp-brasil/mobiliado,125,True,3,Vila Jacuí,"Rua Mário Rodrigues Fon, Vila Jacuí, São Paulo",80227705,Sala de Jantar,sala,https://www.quintoandar.com.br/img/med/original895283179-59.36212103133742RAY5187.jpg,data/external/quintoandar/images/sala/895283179_017_80227705_sala_de_jantar.jpg,True,21546
quintoandar,895283179,https://www.quintoandar.com.br/imovel/895283179/alugar/apartamento-3-quartos-sao-miguel-paulista-sao-paulo,https://www.quintoandar.com.br/alugar/imovel/sao-paulo-sp-brasil/mobiliado,125,True,3,Vila Jacuí,"Rua Mário Rodrigues Fon, Vila Jacuí, São Paulo",80227709,Varanda da Sala de Jantar,sala_varanda,https://www.quintoandar.com.br/img/med/original895283179-812.2950448312642RAY5245.jpg,data/external/quintoandar/images/sala_varanda/895283179_018_80227709_varanda_da_sala_de_jantar.jpg,True,37524
quintoandar,895283179,https://www.quintoandar.com.br/imovel/895283179/alugar/apartamento-3-quartos-sao-miguel-paulista-sao-paulo,https://www.quintoandar.com.br/alugar/imovel/sao-paulo-sp-brasil/mobiliado,125,True,3,Vila Jacuí,"Rua Mário Rodrigues Fon, Vila Jacuí, São Paulo",80227713,Varanda da Sala de Jantar,sala_varanda,https://www.quintoandar.com.br/img/med/original895283179-227.8879421014719RAY5247.jpg,data/external/quintoandar/images/sala_varanda/895283179_019_80227713_varanda_da_sala_de_jantar.jpg,True,24021
quintoandar,895283179,https://www.quintoandar.com.br/imovel/895283179/alugar/apartamento-3-quartos-sao-miguel-paulista-sao-paulo,https://www.quintoandar.com.br/alugar/imovel/sao-paulo-sp-brasil/mobiliado,125,True,3,Vila Jacuí,"Rua Mário Rodrigues Fon, Vila Jacuí, São Paulo",80227717,Varanda da Sala de Jantar,sala_varanda,https://www.quintoandar.com.br/img/med/original895283179-184.0152652733752RAY5248.jpg,data/external/quintoandar/images/sala_varanda/895283179_020_80227717_varanda_da_sala_de_jantar.jpg,True,15089
quintoandar,895283179,https://www.quintoandar.com.br/imovel/895283179/alugar/apartamento-3-quartos-sao-miguel-paulista-sao-paulo,https://www.quintoandar.com.br/alugar/imovel/sao-paulo-sp-brasil/mobiliado,125,True,3,Vila Jacuí,"Rua Mário Rodrigues Fon, Vila Jacuí, São Paulo",80227724,Varanda da Sala de Jantar,sala_varanda,https://www.quintoandar.com.br/img/med/original895283179-210.4668644115053RAY5250.jpg,data/external/quintoandar/images/sala_varanda/895283179_021_80227724_varanda_da_sala_de_jantar.jpg,True,21263
quintoandar,895283179,https://www.quintoandar.com.br/imovel/895283179/alugar/apartamento-3-quartos-sao-miguel-paulista-sao-paulo,https://www.quintoandar.com.br/alugar/imovel/sao-paulo-sp-brasil/mobiliado,125,True,3,Vila Jacuí,"Rua Mário Rodrigues Fon, Vila Jacuí, São Paulo",80227729,Varanda da Sala de Jantar,sala_varanda,https://www.quintoandar.com.br/img/med/original895283179-317.5916029878563RAY5252.jpg,data/external/quintoandar/images/sala_varanda/895283179_022_80227729_varanda_da_sala_de_jantar.jpg,True,25372
quintoandar,895283179,https://www.quintoandar.com.br/imovel/895283179/alugar/apartamento-3-quartos-sao-miguel-paulista-sao-paulo,https://www.quintoandar.com.br/alugar/imovel/sao-paulo-sp-brasil/mobiliado,125,True,3,Vila Jacuí,"Rua Mário Rodrigues Fon, Vila Jacuí, São Paulo",80227759,Quarto 1,quarto,https://www.quintoandar.com.br/img/med/original895283179-460.09758683180615RAY5203.jpg,data/external/quintoandar/images/quarto/895283179_023_80227759_quarto_1.jpg,True,23289
quintoandar,895283179,https://www.quintoandar.com.br/imovel/895283179/alugar/apartamento-3-quartos-sao-miguel-paulista-sao-paulo,https://www.quintoandar.com.br/alugar/imovel/sao-paulo-sp-brasil/mobiliado,125,True,3,Vila Jacuí,"Rua Mário Rodrigues Fon, Vila Jacuí, São Paulo",80227770,Quarto 1,quarto,https://www.quintoandar.com.br/img/med/original895283179-711.3207387955765RAY5210.jpg,data/external/quintoandar/images/quarto/895283179_024_80227770_quarto_1.jpg,True,20273
quintoandar,895283179,https://www.quintoandar.com.br/imovel/895283179/alugar/apartamento-3-quartos-sao-miguel-paulista-sao-paulo,https://www.quintoandar.com.br/alugar/imovel/sao-paulo-sp-brasil/mobiliado,125,True,3,Vila Jacuí,"Rua Mário Rodrigues Fon, Vila Jacuí, São Paulo",80227783,Quarto 1,quarto,https://www.quintoandar.com.br/img/med/original895283179-45.98652892405497RAY5212.jpg,data/external/quintoandar/images/quarto/895283179_025_80227783_quarto_1.jpg,True,21821
quintoandar,895283179,https://www.quintoandar.com.br/imovel/895283179/alugar/apartamento-3-quartos-sao-miguel-paulista-sao-paulo,https://www.quintoandar.com.br/alugar/imovel/sao-paulo-sp-brasil/mobiliado,125,True,3,Vila Jacuí,"Rua Mário Rodrigues Fon, Vila Jacuí, São Paulo",80227785,Quarto 1,quarto,https://www.quintoandar.com.br/img/med/original895283179-546.126296174361RAY5213.jpg,data/external/quintoandar/images/quarto/895283179_026_80227785_quarto_1.jpg,True,20993
quintoandar,895283179,https://www.quintoandar.com.br/imovel/895283179/alugar/apartamento-3-quartos-sao-miguel-paulista-sao-paulo,https://www.quintoandar.com.br/alugar/imovel/sao-paulo-sp-brasil/mobiliado,125,True,3,Vila Jacuí,"Rua Mário Rodrigues Fon, Vila Jacuí, São Paulo",80227787,Vista do Quarto 1,quarto,https://www.quintoandar.com.br/img/med/original895283179-301.3698686781874RAY5215.jpg,data/external/quintoandar/images/quarto/895283179_027_80227787_vista_do_quarto_1.jpg,True,28515
quintoandar,895283179,https://www.quintoandar.com.br/imovel/895283179/alugar/apartamento-3-quartos-sao-miguel-paulista-sao-paulo,https://www.quintoandar.com.br/alugar/imovel/sao-paulo-sp-brasil/mobiliado,125,True,3,Vila Jacuí,"Rua Mário Rodrigues Fon, Vila Jacuí, São Paulo",80227789,Quarto 2,quarto,https://www.quintoandar.com.br/img/med/original895283179-276.7890453193675RAY5217.jpg,data/external/quintoandar/images/quarto/895283179_028_80227789_quarto_2.jpg,True,19591
quintoandar,895283179,https://www.quintoandar.com.br/imovel/895283179/alugar/apartamento-3-quartos-sao-miguel-paulista-sao-paulo,https://www.quintoandar.com.br/alugar/imovel/sao-paulo-sp-brasil/mobiliado,125,True,3,Vila Jacuí,"Rua Mário Rodrigues Fon, Vila Jacuí, São Paulo",80227790,Quarto 2,quarto,https://www.quintoandar.com.br/img/med/original895283179-755.4211221520322RAY5218.jpg,data/external/quintoandar/images/quarto/895283179_029_80227790_quarto_2.jpg,True,21498
quintoandar,895283179,https://www.quintoandar.com.br/imovel/895283179/alugar/apartamento-3-quartos-sao-miguel-paulista-sao-paulo,https://www.quintoandar.com.br/alugar/imovel/sao-paulo-sp-brasil/mobiliado,125,True,3,Vila Jacuí,"Rua Mário Rodrigues Fon, Vila Jacuí, São Paulo",80227792,Quarto 2,quarto,https://www.quintoandar.com.br/img/med/original895283179-62.87471337757189RAY5220.jpg,data/external/quintoandar/images/quarto/895283179_030_80227792_quarto_2.jpg,True,14282
quintoandar,895283179,https://www.quintoandar.com.br/imovel/895283179/alugar/apartamento-3-quartos-sao-miguel-paulista-sao-paulo,https://www.quintoandar.com.br/alugar/imovel/sao-paulo-sp-brasil/mobiliado,125,True,3,Vila Jacuí,"Rua Mário Rodrigues Fon, Vila Jacuí, São Paulo",80227794,Quarto 2,quarto,https://www.quintoandar.com.br/img/med/original895283179-803.207177968642RAY5221.jpg,data/external/quintoandar/images/quarto/895283179_031_80227794_quarto_2.jpg,True,18711
quintoandar,895283179,https://www.quintoandar.com.br/imovel/895283179/alugar/apartamento-3-quartos-sao-miguel-paulista-sao-paulo,https://www.quintoandar.com.br/alugar/imovel/sao-paulo-sp-brasil/mobiliado,125,True,3,Vila Jacuí,"Rua Mário Rodrigues Fon, Vila Jacuí, São Paulo",80227796,Vista do Quarto 2,quarto,https://www.quintoandar.com.br/img/med/original895283179-401.70491052114534RAY5222.jpg,data/external/quintoandar/images/quarto/895283179_032_80227796_vista_do_quarto_2.jpg,True,26589
quintoandar,895283179,https://www.quintoandar.com.br/imovel/895283179/alugar/apartamento-3-quartos-sao-miguel-paulista-sao-paulo,https://www.quintoandar.com.br/alugar/imovel/sao-paulo-sp-brasil/mobiliado,125,True,3,Vila Jacuí,"Rua Mário Rodrigues Fon, Vila Jacuí, São Paulo",80227798,Suíte,quarto,https://www.quintoandar.com.br/img/med/original895283179-525.2661988416967RAY5224.jpg,data/external/quintoandar/images/quarto/895283179_033_80227798_suite.jpg,True,22767
quintoandar,895283179,https://www.quintoandar.com.br/imovel/895283179/alugar/apartamento-3-quartos-sao-miguel-paulista-sao-paulo,https://www.quintoandar.com.br/alugar/imovel/sao-paulo-sp-brasil/mobiliado,125,True,3,Vila Jacuí,"Rua Mário Rodrigues Fon, Vila Jacuí, São Paulo",80227800,Suíte,quarto,https://www.quintoandar.com.br/img/med/original895283179-915.4341889173907RAY5225.jpg,data/external/quintoandar/images/quarto/895283179_034_80227800_suite.jpg,True,20831
quintoandar,895283179,https://www.quintoandar.com.br/imovel/895283179/alugar/apartamento-3-quartos-sao-miguel-paulista-sao-paulo,https://www.quintoandar.com.br/alugar/imovel/sao-paulo-sp-brasil/mobiliado,125,True,3,Vila Jacuí,"Rua Mário Rodrigues Fon, Vila Jacuí, São Paulo",80227802,Suíte,quarto,https://www.quintoandar.com.br/img/med/original895283179-970.6773282927576RAY5226.jpg,data/external/quintoandar/images/quarto/895283179_035_80227802_suite.jpg,True,18169
quintoandar,895283179,https://www.quintoandar.com.br/imovel/895283179/alugar/apartamento-3-quartos-sao-miguel-paulista-sao-paulo,https://www.quintoandar.com.br/alugar/imovel/sao-paulo-sp-brasil/mobiliado,125,True,3,Vila Jacuí,"Rua Mário Rodrigues Fon, Vila Jacuí, São Paulo",80227804,Suíte,quarto,https://www.quintoandar.com.br/img/med/original895283179-859.5200957453073RAY5227.jpg,data/external/quintoandar/images/quarto/895283179_036_80227804_suite.jpg,True,21027
quintoandar,895283179,https://www.quintoandar.com.br/imovel/895283179/alugar/apartamento-3-quartos-sao-miguel-paulista-sao-paulo,https://www.quintoandar.com.br/alugar/imovel/sao-paulo-sp-brasil/mobiliado,125,True,3,Vila Jacuí,"Rua Mário Rodrigues Fon, Vila Jacuí, São Paulo",80227806,Varanda da Suíte,quarto_varanda,https://www.quintoandar.com.br/img/med/original895283179-397.6965803847476RAY5230.jpg,data/external/quintoandar/images/quarto_varanda/895283179_037_80227806_varanda_da_suite.jpg,True,26353
quintoandar,895283179,https://www.quintoandar.com.br/imovel/895283179/alugar/apartamento-3-quartos-sao-miguel-paulista-sao-paulo,https://www.quintoandar.com.br/alugar/imovel/sao-paulo-sp-brasil/mobiliado,125,True,3,Vila Jacuí,"Rua Mário Rodrigues Fon, Vila Jacuí, São Paulo",80227808,Varanda da Suíte,quarto_varanda,https://www.quintoandar.com.br/img/med/original895283179-651.4935484426849RAY5231.jpg,data/external/quintoandar/images/quarto_varanda/895283179_038_80227808_varanda_da_suite.jpg,True,23360
quintoandar,895283179,https://www.quintoandar.com.br/imovel/895283179/alugar/apartamento-3-quartos-sao-miguel-paulista-sao-paulo,https://www.quintoandar.com.br/alugar/imovel/sao-paulo-sp-brasil/mobiliado,125,True,3,Vila Jacuí,"Rua Mário Rodrigues Fon, Vila Jacuí, São Paulo",80227810,Varanda da Suíte,quarto_varanda,https://www.quintoandar.com.br/img/med/original895283179-775.513267216078RAY5232.jpg,data/external/quintoandar/images/quarto_varanda/895283179_039_80227810_varanda_da_suite.jpg,True,25514
quintoandar,895283179,https://www.quintoandar.com.br/imovel/895283179/alugar/apartamento-3-quartos-sao-miguel-paulista-sao-paulo,https://www.quintoandar.com.br/alugar/imovel/sao-paulo-sp-brasil/mobiliado,125,True,3,Vila Jacuí,"Rua Mário Rodrigues Fon, Vila Jacuí, São Paulo",80227812,Varanda da Suíte - Vista,quarto_varanda,https://www.quintoandar.com.br/img/med/original895283179-504.203241661775RAY5233.jpg,data/external/quintoandar/images/quarto_varanda/895283179_040_80227812_varanda_da_suite_vista.jpg,True,26311
quintoandar,895283179,https://www.quintoandar.com.br/imovel/895283179/alugar/apartamento-3-quartos-sao-miguel-paulista-sao-paulo,https://www.quintoandar.com.br/alugar/imovel/sao-paulo-sp-brasil/mobiliado,125,True,3,Vila Jacuí,"Rua Mário Rodrigues Fon, Vila Jacuí, São Paulo",80227815,Banheiro da Suíte,quarto_banheiro,https://www.quintoandar.com.br/img/med/original895283179-837.8265780756398RAY5236.jpg,data/external/quintoandar/images/quarto_banheiro/895283179_041_80227815_banheiro_da_suite.jpg,True,15703
quintoandar,895283179,https://www.quintoandar.com.br/imovel/895283179/alugar/apartamento-3-quartos-sao-miguel-paulista-sao-paulo,https://www.quintoandar.com.br/alugar/imovel/sao-paulo-sp-brasil/mobiliado,125,True,3,Vila Jacuí,"Rua Mário Rodrigues Fon, Vila Jacuí, São Paulo",80227817,Banheiro da Suíte,quarto_banheiro,https://www.quintoandar.com.br/img/med/original895283179-850.028525431989RAY5237.jpg,data/external/quintoandar/images/quarto_banheiro/895283179_042_80227817_banheiro_da_suite.jpg,True,14971
quintoandar,895283179,https://www.quintoandar.com.br/imovel/895283179/alugar/apartamento-3-quartos-sao-miguel-paulista-sao-paulo,https://www.quintoandar.com.br/alugar/imovel/sao-paulo-sp-brasil/mobiliado,125,True,3,Vila Jacuí,"Rua Mário Rodrigues Fon, Vila Jacuí, São Paulo",80227819,Banheiro da Suíte,quarto_banheiro,https://www.quintoandar.com.br/img/med/original895283179-303.13025606800113RAY5238.jpg,data/external/quintoandar/images/quarto_banheiro/895283179_043_80227819_banheiro_da_suite.jpg,True,15979
quintoandar,895283179,https://www.quintoandar.com.br/imovel/895283179/alugar/apartamento-3-quartos-sao-miguel-paulista-sao-paulo,https://www.quintoandar.com.br/alugar/imovel/sao-paulo-sp-brasil/mobiliado,125,True,3,Vila Jacuí,"Rua Mário Rodrigues Fon, Vila Jacuí, São Paulo",80227822,Banheiro da Suíte,quarto_banheiro,https://www.quintoandar.com.br/img/med/original895283179-742.1291628914993RAY5239.jpg,data/external/quintoandar/images/quarto_banheiro/895283179_044_80227822_banheiro_da_suite.jpg,True,15539
quintoandar,895283179,https://www.quintoandar.com.br/imovel/895283179/alugar/apartamento-3-quartos-sao-miguel-paulista-sao-paulo,https://www.quintoandar.com.br/alugar/imovel/sao-paulo-sp-brasil/mobiliado,125,True,3,Vila Jacuí,"Rua Mário Rodrigues Fon, Vila Jacuí, São Paulo",80227824,Banheiro da Suíte,quarto_banheiro,https://www.quintoandar.com.br/img/med/original895283179-752.5369007315229RAY5241.jpg,data/external/quintoandar/images/quarto_banheiro/895283179_045_80227824_banheiro_da_suite.jpg,True,15528
quintoandar,895283179,https://www.quintoandar.com.br/imovel/895283179/alugar/apartamento-3-quartos-sao-miguel-paulista-sao-paulo,https://www.quintoandar.com.br/alugar/imovel/sao-paulo-sp-brasil/mobiliado,125,True,3,Vila Jacuí,"Rua Mário Rodrigues Fon, Vila Jacuí, São Paulo",80227826,Corredor,corredor,https://www.quintoandar.com.br/img/med/original895283179-255.07850377663254RAY5243.jpg,data/external/quintoandar/images/corredor/895283179_046_80227826_corredor.jpg,True,13403
quintoandar,895283179,https://www.quintoandar.com.br/imovel/895283179/alugar/apartamento-3-quartos-sao-miguel-paulista-sao-paulo,https://www.quintoandar.com.br/alugar/imovel/sao-paulo-sp-brasil/mobiliado,125,True,3,Vila Jacuí,"Rua Mário Rodrigues Fon, Vila Jacuí, São Paulo",80227908,Banheiro 2,banheiro,https://www.quintoandar.com.br/img/med/original895283179-507.7502026894499RAY5194.jpg,data/external/quintoandar/images/banheiro/895283179_047_80227908_banheiro_2.jpg,True,18124
quintoandar,895283179,https://www.quintoandar.com.br/imovel/895283179/alugar/apartamento-3-quartos-sao-miguel-paulista-sao-paulo,https://www.quintoandar.com.br/alugar/imovel/sao-paulo-sp-brasil/mobiliado,125,True,3,Vila Jacuí,"Rua Mário Rodrigues Fon, Vila Jacuí, São Paulo",80227916,Banheiro 2,banheiro,https://www.quintoandar.com.br/img/med/original895283179-523.5322198166278RAY5195.jpg,data/external/quintoandar/images/banheiro/895283179_048_80227916_banheiro_2.jpg,True,18509
quintoandar,895283179,https://www.quintoandar.com.br/imovel/895283179/alugar/apartamento-3-quartos-sao-miguel-paulista-sao-paulo,https://www.quintoandar.com.br/alugar/imovel/sao-paulo-sp-brasil/mobiliado,125,True,3,Vila Jacuí,"Rua Mário Rodrigues Fon, Vila Jacuí, São Paulo",80227922,Banheiro 2,banheiro,https://www.quintoandar.com.br/img/med/original895283179-421.2636223114976RAY5198.jpg,data/external/quintoandar/images/banheiro/895283179_049_80227922_banheiro_2.jpg,True,11397
quintoandar,895283179,https://www.quintoandar.com.br/imovel/895283179/alugar/apartamento-3-quartos-sao-miguel-paulista-sao-paulo,https://www.quintoandar.com.br/alugar/imovel/sao-paulo-sp-brasil/mobiliado,125,True,3,Vila Jacuí,"Rua Mário Rodrigues Fon, Vila Jacuí, São Paulo",80227930,Banheiro 2,banheiro,https://www.quintoandar.com.br/img/med/original895283179-3.4973407766912823RAY5200.jpg,data/external/quintoandar/images/banheiro/895283179_050_80227930_banheiro_2.jpg,True,23769
quintoandar,895283179,https://www.quintoandar.com.br/imovel/895283179/alugar/apartamento-3-quartos-sao-miguel-paulista-sao-paulo,https://www.quintoandar.com.br/alugar/imovel/sao-paulo-sp-brasil/mobiliado,125,True,3,Vila Jacuí,"Rua Mário Rodrigues Fon, Vila Jacuí, São Paulo",80227938,Banheiro 2,banheiro,https://www.quintoandar.com.br/img/med/original895283179-136.7709573341972RAY5202.jpg,data/external/quintoandar/images/banheiro/895283179_051_80227938_banheiro_2.jpg,True,24659
quintoandar,895283179,https://www.quintoandar.com.br/imovel/895283179/alugar/apartamento-3-quartos-sao-miguel-paulista-sao-paulo,https://www.quintoandar.com.br/alugar/imovel/sao-paulo-sp-brasil/mobiliado,125,True,3,Vila Jacuí,"Rua Mário Rodrigues Fon, Vila Jacuí, São Paulo",80227965,Cozinha,cozinha,https://www.quintoandar.com.br/img/med/original895283179-232.62139047780352RAY5257.jpg,data/external/quintoandar/images/cozinha/895283179_052_80227965_cozinha.jpg,True,25857
quintoandar,895283179,https://www.quintoandar.com.br/imovel/895283179/alugar/apartamento-3-quartos-sao-miguel-paulista-sao-paulo,https://www.quintoandar.com.br/alugar/imovel/sao-paulo-sp-brasil/mobiliado,125,True,3,Vila Jacuí,"Rua Mário Rodrigues Fon, Vila Jacuí, São Paulo",80227973,Cozinha,cozinha,https://www.quintoandar.com.br/img/med/original895283179-719.7813802379809RAY5258.jpg,data/external/quintoandar/images/cozinha/895283179_053_80227973_cozinha.jpg,True,23977
quintoandar,895283179,https://www.quintoandar.com.br/imovel/895283179/alugar/apartamento-3-quartos-sao-miguel-paulista-sao-paulo,https://www.quintoandar.com.br/alugar/imovel/sao-paulo-sp-brasil/mobiliado,125,True,3,Vila Jacuí,"Rua Mário Rodrigues Fon, Vila Jacuí, São Paulo",80227980,Cozinha,cozinha,https://www.quintoandar.com.br/img/med/original895283179-77.53686092904599RAY5259.jpg,data/external/quintoandar/images/cozinha/895283179_054_80227980_cozinha.jpg,True,27091
quintoandar,895283179,https://www.quintoandar.com.br/imovel/895283179/alugar/apartamento-3-quartos-sao-miguel-paulista-sao-paulo,https://www.quintoandar.com.br/alugar/imovel/sao-paulo-sp-brasil/mobiliado,125,True,3,Vila Jacuí,"Rua Mário Rodrigues Fon, Vila Jacuí, São Paulo",80227989,Cozinha,cozinha,https://www.quintoandar.com.br/img/med/original895283179-917.7534250428422RAY5260.jpg,data/external/quintoandar/images/cozinha/895283179_055_80227989_cozinha.jpg,True,26662
quintoandar,895283179,https://www.quintoandar.com.br/imovel/895283179/alugar/apartamento-3-quartos-sao-miguel-paulista-sao-paulo,https://www.quintoandar.com.br/alugar/imovel/sao-paulo-sp-brasil/mobiliado,125,True,3,Vila Jacuí,"Rua Mário Rodrigues Fon, Vila Jacuí, São Paulo",80227998,Cozinha,cozinha,https://www.quintoandar.com.br/img/med/original895283179-970.9976822013612RAY5261.jpg,data/external/quintoandar/images/cozinha/895283179_056_80227998_cozinha.jpg,True,22357
quintoandar,895283179,https://www.quintoandar.com.br/imovel/895283179/alugar/apartamento-3-quartos-sao-miguel-paulista-sao-paulo,https://www.quintoandar.com.br/alugar/imovel/sao-paulo-sp-brasil/mobiliado,125,True,3,Vila Jacuí,"Rua Mário Rodrigues Fon, Vila Jacuí, São Paulo",80228045,Área de Serviço,area_servico,https://www.quintoandar.com.br/img/med/original895283179-454.66968205596135RAY5266.jpg,data/external/quintoandar/images/area_servico/895283179_059_80228045_area_de_servico.jpg,True,12383
quintoandar,895283179,https://www.quintoandar.com.br/imovel/895283179/alugar/apartamento-3-quartos-sao-miguel-paulista-sao-paulo,https://www.quintoandar.com.br/alugar/imovel/sao-paulo-sp-brasil/mobiliado,125,True,3,Vila Jacuí,"Rua Mário Rodrigues Fon, Vila Jacuí, São Paulo",80228054,Área de Serviço,area_servico,https://www.quintoandar.com.br/img/med/original895283179-688.3753343410971RAY5267.jpg,data/external/quintoandar/images/area_servico/895283179_060_80228054_area_de_servico.jpg,True,21745
quintoandar,895283179,https://www.quintoandar.com.br/imovel/895283179/alugar/apartamento-3-quartos-sao-miguel-paulista-sao-paulo,https://www.quintoandar.com.br/alugar/imovel/sao-paulo-sp-brasil/mobiliado,125,True,3,Vila Jacuí,"Rua Mário Rodrigues Fon, Vila Jacuí, São Paulo",80228061,Área de Serviço,area_servico,https://www.quintoandar.com.br/img/med/original895283179-874.0560199425498RAY5268.jpg,data/external/quintoandar/images/area_servico/895283179_061_80228061_area_de_servico.jpg,True,21035
quintoandar,895283179,https://www.quintoandar.com.br/imovel/895283179/alugar/apartamento-3-quartos-sao-miguel-paulista-sao-paulo,https://www.quintoandar.com.br/alugar/imovel/sao-paulo-sp-brasil/mobiliado,125,True,3,Vila Jacuí,"Rua Mário Rodrigues Fon, Vila Jacuí, São Paulo",80228074,Área de Serviço,area_servico,https://www.quintoandar.com.br/img/med/original895283179-706.7779353905962RAY5269.jpg,data/external/quintoandar/images/area_servico/895283179_062_80228074_area_de_servico.jpg,True,13109
quintoandar,895283179,https://www.quintoandar.com.br/imovel/895283179/alugar/apartamento-3-quartos-sao-miguel-paulista-sao-paulo,https://www.quintoandar.com.br/alugar/imovel/sao-paulo-sp-brasil/mobiliado,125,True,3,Vila Jacuí,"Rua Mário Rodrigues Fon, Vila Jacuí, São Paulo",80228084,Área de Serviço,area_servico,https://www.quintoandar.com.br/img/med/original895283179-361.6279283246856RAY5270.jpg,data/external/quintoandar/images/area_servico/895283179_063_80228084_area_de_servico.jpg,True,20374
quintoandar,895283179,https://www.quintoandar.com.br/imovel/895283179/alugar/apartamento-3-quartos-sao-miguel-paulista-sao-paulo,https://www.quintoandar.com.br/alugar/imovel/sao-paulo-sp-brasil/mobiliado,125,True,3,Vila Jacuí,"Rua Mário Rodrigues Fon, Vila Jacuí, São Paulo",80228109,Hall de Serviço,corredor,https://www.quintoandar.com.br/img/med/original895283179-31.43397487879629RAY5276.jpg,data/external/quintoandar/images/corredor/895283179_065_80228109_hall_de_servico.jpg,True,19319
quintoandar,895283179,https://www.quintoandar.com.br/imovel/895283179/alugar/apartamento-3-quartos-sao-miguel-paulista-sao-paulo,https://www.quintoandar.com.br/alugar/imovel/sao-paulo-sp-brasil/mobiliado,125,True,3,Vila Jacuí,"Rua Mário Rodrigues Fon, Vila Jacuí, São Paulo",80228118,Hall de Entrada,corredor,https://www.quintoandar.com.br/img/med/original895283179-991.2995731418149RAY5278.jpg,data/external/quintoandar/images/corredor/895283179_066_80228118_hall_de_entrada.jpg,True,21171
quintoandar,895283179,https://www.quintoandar.com.br/imovel/895283179/alugar/apartamento-3-quartos-sao-miguel-paulista-sao-paulo,https://www.quintoandar.com.br/alugar/imovel/sao-paulo-sp-brasil/mobiliado,125,True,3,Vila Jacuí,"Rua Mário Rodrigues Fon, Vila Jacuí, São Paulo",80228125,Hall de Entrada,corredor,https://www.quintoandar.com.br/img/med/original895283179-309.59214218672935RAY5280.jpg,data/external/quintoandar/images/corredor/895283179_067_80228125_hall_de_entrada.jpg,True,15221
quintoandar,895283179,https://www.quintoandar.com.br/imovel/895283179/alugar/apartamento-3-quartos-sao-miguel-paulista-sao-paulo,https://www.quintoandar.com.br/alugar/imovel/sao-paulo-sp-brasil/mobiliado,125,True,3,Vila Jacuí,"Rua Mário Rodrigues Fon, Vila Jacuí, São Paulo",80228471,Hall da Garagem,corredor_garagem,https://www.quintoandar.com.br/img/med/original895283179-809.198381313368RAY5283.jpg,data/external/quintoandar/images/corredor_garagem/895283179_072_80228471_hall_da_garagem.jpg,True,21258
quintoandar,895283179,https://www.quintoandar.com.br/imovel/895283179/alugar/apartamento-3-quartos-sao-miguel-paulista-sao-paulo,https://www.quintoandar.com.br/alugar/imovel/sao-paulo-sp-brasil/mobiliado,125,True,3,Vila Jacuí,"Rua Mário Rodrigues Fon, Vila Jacuí, São Paulo",80228477,Garagem,garagem,https://www.quintoandar.com.br/img/med/original895283179-652.7778887208873RAY5284.jpg,data/external/quintoandar/images/garagem/895283179_073_80228477_garagem.jpg,True,22617
quintoandar,895283179,https://www.quintoandar.com.br/imovel/895283179/alugar/apartamento-3-quartos-sao-miguel-paulista-sao-paulo,https://www.quintoandar.com.br/alugar/imovel/sao-paulo-sp-brasil/mobiliado,125,True,3,Vila Jacuí,"Rua Mário Rodrigues Fon, Vila Jacuí, São Paulo",80228495,Salão de Festas,sala,https://www.quintoandar.com.br/img/med/original895283179-281.88385924580825RAY5118.jpg,data/external/quintoandar/images/sala/895283179_074_80228495_salao_de_festas.jpg,True,20433
quintoandar,895283179,https://www.quintoandar.com.br/imovel/895283179/alugar/apartamento-3-quartos-sao-miguel-paulista-sao-paulo,https://www.quintoandar.com.br/alugar/imovel/sao-paulo-sp-brasil/mobiliado,125,True,3,Vila Jacuí,"Rua Mário Rodrigues Fon, Vila Jacuí, São Paulo",80228501,Salão de Festas,sala,https://www.quintoandar.com.br/img/med/original895283179-601.6263289945991RAY5119.jpg,data/external/quintoandar/images/sala/895283179_075_80228501_salao_de_festas.jpg,True,21386
quintoandar,895283179,https://www.quintoandar.com.br/imovel/895283179/alugar/apartamento-3-quartos-sao-miguel-paulista-sao-paulo,https://www.quintoandar.com.br/alugar/imovel/sao-paulo-sp-brasil/mobiliado,125,True,3,Vila Jacuí,"Rua Mário Rodrigues Fon, Vila Jacuí, São Paulo",80228599,Área comum - Piscina,piscina,https://www.quintoandar.com.br/img/med/original895283179-180.42411733437802RAY5127.jpg,data/external/quintoandar/images/piscina/895283179_080_80228599_area_comum_piscina.jpg,True,23274
quintoandar,895283179,https://www.quintoandar.com.br/imovel/895283179/alugar/apartamento-3-quartos-sao-miguel-paulista-sao-paulo,https://www.quintoandar.com.br/alugar/imovel/sao-paulo-sp-brasil/mobiliado,125,True,3,Vila Jacuí,"Rua Mário Rodrigues Fon, Vila Jacuí, São Paulo",80228607,Área comum - Piscina,piscina,https://www.quintoandar.com.br/img/med/original895283179-765.4776300065774RAY5128.jpg,data/external/quintoandar/images/piscina/895283179_081_80228607_area_comum_piscina.jpg,True,25899
quintoandar,895283179,https://www.quintoandar.com.br/imovel/895283179/alugar/apartamento-3-quartos-sao-miguel-paulista-sao-paulo,https://www.quintoandar.com.br/alugar/imovel/sao-paulo-sp-brasil/mobiliado,125,True,3,Vila Jacuí,"Rua Mário Rodrigues Fon, Vila Jacuí, São Paulo",80228720,Área comum - Churrasqueira,churrasqueira,https://www.quintoandar.com.br/img/med/original895283179-317.6361074958289RAY5115.jpg,data/external/quintoandar/images/churrasqueira/895283179_088_80228720_area_comum_churrasqueira.jpg,True,27948
quintoandar,895283179,https://www.quintoandar.com.br/imovel/895283179/alugar/apartamento-3-quartos-sao-miguel-paulista-sao-paulo,https://www.quintoandar.com.br/alugar/imovel/sao-paulo-sp-brasil/mobiliado,125,True,3,Vila Jacuí,"Rua Mário Rodrigues Fon, Vila Jacuí, São Paulo",80228755,Área comum - Churrasqueira,churrasqueira,https://www.quintoandar.com.br/img/med/original895283179-632.1396813771956RAY5113.jpg,data/external/quintoandar/images/churrasqueira/895283179_089_80228755_area_comum_churrasqueira.jpg,True,34253
quintoandar,895283179,https://www.quintoandar.com.br/imovel/895283179/alugar/apartamento-3-quartos-sao-miguel-paulista-sao-paulo,https://www.quintoandar.com.br/alugar/imovel/sao-paulo-sp-brasil/mobiliado,125,True,3,Vila Jacuí,"Rua Mário Rodrigues Fon, Vila Jacuí, São Paulo",80228760,Área comum - Academia,academia,https://www.quintoandar.com.br/img/med/original895283179-97.26401292503262RAY5123.jpg,data/external/quintoandar/images/academia/895283179_090_80228760_area_comum_academia.jpg,True,22514
quintoandar,895283179,https://www.quintoandar.com.br/imovel/895283179/alugar/apartamento-3-quartos-sao-miguel-paulista-sao-paulo,https://www.quintoandar.com.br/alugar/imovel/sao-paulo-sp-brasil/mobiliado,125,True,3,Vila Jacuí,"Rua Mário Rodrigues Fon, Vila Jacuí, São Paulo",80228781,Fachada do Condomínio,area_externa,https://www.quintoandar.com.br/img/med/original895283179-258.25478256514936RAY5294.jpg,data/external/quintoandar/images/area_externa/895283179_095_80228781_fachada_do_condominio.jpg,True,28822
quintoandar,895283179,https://www.quintoandar.com.br/imovel/895283179/alugar/apartamento-3-quartos-sao-miguel-paulista-sao-paulo,https://www.quintoandar.com.br/alugar/imovel/sao-paulo-sp-brasil/mobiliado,125,True,3,Vila Jacuí,"Rua Mário Rodrigues Fon, Vila Jacuí, São Paulo",80228784,Fachada do Condomínio,area_externa,https://www.quintoandar.com.br/img/med/original895283179-723.6274599945152RAY5295.jpg,data/external/quintoandar/images/area_externa/895283179_096_80228784_fachada_do_condominio.jpg,True,25035
quintoandar,895283179,https://www.quintoandar.com.br/imovel/895283179/alugar/apartamento-3-quartos-sao-miguel-paulista-sao-paulo,https://www.quintoandar.com.br/alugar/imovel/sao-paulo-sp-brasil/mobiliado,125,True,3,Vila Jacuí,"Rua Mário Rodrigues Fon, Vila Jacuí, São Paulo",80228793,Fachada do Condomínio,area_externa,https://www.quintoandar.com.br/img/med/original895283179-224.0495312972991RAY5297.jpg,data/external/quintoandar/images/area_externa/895283179_097_80228793_fachada_do_condominio.jpg,True,24559
quintoandar,895354495,https://www.quintoandar.com.br/imovel/895354495/alugar/casa-4-quartos-vila-pedroso-sao-paulo,https://www.quintoandar.com.br/alugar/imovel/sao-paulo-sp-brasil/mobiliado,250,True,4,Vila Pedroso,"Rua Irineu Bonardi, Vila Pedroso, São Paulo",83055465,Sala de Jantar,sala,https://www.quintoandar.com.br/img/med/original895354495-377.46152939916277IMG20260330141213.jpg,data/external/quintoandar/images/sala/895354495_001_83055465_sala_de_jantar.jpg,True,20201
quintoandar,895354495,https://www.quintoandar.com.br/imovel/895354495/alugar/casa-4-quartos-vila-pedroso-sao-paulo,https://www.quintoandar.com.br/alugar/imovel/sao-paulo-sp-brasil/mobiliado,250,True,4,Vila Pedroso,"Rua Irineu Bonardi, Vila Pedroso, São Paulo",83055459,Sala de estar,sala,https://www.quintoandar.com.br/img/med/original895354495-308.51322093603017IMG20260330141517.jpg,data/external/quintoandar/images/sala/895354495_002_83055459_sala_de_estar.jpg,True,15582
quintoandar,895354495,https://www.quintoandar.com.br/imovel/895354495/alugar/casa-4-quartos-vila-pedroso-sao-paulo,https://www.quintoandar.com.br/alugar/imovel/sao-paulo-sp-brasil/mobiliado,250,True,4,Vila Pedroso,"Rua Irineu Bonardi, Vila Pedroso, São Paulo",83055466,Sala de estar,sala,https://www.quintoandar.com.br/img/med/original895354495-155.45516291280103IMG20260330141508.jpg,data/external/quintoandar/images/sala/895354495_003_83055466_sala_de_estar.jpg,True,15610
quintoandar,895354495,https://www.quintoandar.com.br/imovel/895354495/alugar/casa-4-quartos-vila-pedroso-sao-paulo,https://www.quintoandar.com.br/alugar/imovel/sao-paulo-sp-brasil/mobiliado,250,True,4,Vila Pedroso,"Rua Irineu Bonardi, Vila Pedroso, São Paulo",83055460,Sala de estar,sala,https://www.quintoandar.com.br/img/med/original895354495-915.7252762155567IMG20260330141527.jpg,data/external/quintoandar/images/sala/895354495_004_83055460_sala_de_estar.jpg,True,15842
quintoandar,895354495,https://www.quintoandar.com.br/imovel/895354495/alugar/casa-4-quartos-vila-pedroso-sao-paulo,https://www.quintoandar.com.br/alugar/imovel/sao-paulo-sp-brasil/mobiliado,250,True,4,Vila Pedroso,"Rua Irineu Bonardi, Vila Pedroso, São Paulo",83055461,Sala de estar,sala,https://www.quintoandar.com.br/img/med/original895354495-465.69309465573883IMG20260330141540.jpg,data/external/quintoandar/images/sala/895354495_005_83055461_sala_de_estar.jpg,True,17359
quintoandar,895354495,https://www.quintoandar.com.br/imovel/895354495/alugar/casa-4-quartos-vila-pedroso-sao-paulo,https://www.quintoandar.com.br/alugar/imovel/sao-paulo-sp-brasil/mobiliado,250,True,4,Vila Pedroso,"Rua Irineu Bonardi, Vila Pedroso, São Paulo",83055462,Sala de Jantar,sala,https://www.quintoandar.com.br/img/med/original895354495-721.6200564113722IMG20260330141136.jpg,data/external/quintoandar/images/sala/895354495_006_83055462_sala_de_jantar.jpg,True,14347
quintoandar,895354495,https://www.quintoandar.com.br/imovel/895354495/alugar/casa-4-quartos-vila-pedroso-sao-paulo,https://www.quintoandar.com.br/alugar/imovel/sao-paulo-sp-brasil/mobiliado,250,True,4,Vila Pedroso,"Rua Irineu Bonardi, Vila Pedroso, São Paulo",83055463,Sala de Jantar,sala,https://www.quintoandar.com.br/img/med/original895354495-959.7881100180742IMG20260330141147.jpg,data/external/quintoandar/images/sala/895354495_007_83055463_sala_de_jantar.jpg,True,16274
quintoandar,895354495,https://www.quintoandar.com.br/imovel/895354495/alugar/casa-4-quartos-vila-pedroso-sao-paulo,https://www.quintoandar.com.br/alugar/imovel/sao-paulo-sp-brasil/mobiliado,250,True,4,Vila Pedroso,"Rua Irineu Bonardi, Vila Pedroso, São Paulo",83055464,Sala de Jantar,sala,https://www.quintoandar.com.br/img/med/original895354495-710.888851738433IMG20260330141155.jpg,data/external/quintoandar/images/sala/895354495_008_83055464_sala_de_jantar.jpg,True,17755
quintoandar,895354495,https://www.quintoandar.com.br/imovel/895354495/alugar/casa-4-quartos-vila-pedroso-sao-paulo,https://www.quintoandar.com.br/alugar/imovel/sao-paulo-sp-brasil/mobiliado,250,True,4,Vila Pedroso,"Rua Irineu Bonardi, Vila Pedroso, São Paulo",83055467,Quarto 1,quarto,https://www.quintoandar.com.br/img/med/original895354495-303.5720430413314IMG20260330140732.jpg,data/external/quintoandar/images/quarto/895354495_009_83055467_quarto_1.jpg,True,17372
quintoandar,895354495,https://www.quintoandar.com.br/imovel/895354495/alugar/casa-4-quartos-vila-pedroso-sao-paulo,https://www.quintoandar.com.br/alugar/imovel/sao-paulo-sp-brasil/mobiliado,250,True,4,Vila Pedroso,"Rua Irineu Bonardi, Vila Pedroso, São Paulo",83055468,Quarto 1,quarto,https://www.quintoandar.com.br/img/med/original895354495-428.65082475491977IMG20260330140744.jpg,data/external/quintoandar/images/quarto/895354495_010_83055468_quarto_1.jpg,True,14696
quintoandar,895354495,https://www.quintoandar.com.br/imovel/895354495/alugar/casa-4-quartos-vila-pedroso-sao-paulo,https://www.quintoandar.com.br/alugar/imovel/sao-paulo-sp-brasil/mobiliado,250,True,4,Vila Pedroso,"Rua Irineu Bonardi, Vila Pedroso, São Paulo",83055469,Quarto 1,quarto,https://www.quintoandar.com.br/img/med/original895354495-733.5442924940464IMG20260330140802.jpg,data/external/quintoandar/images/quarto/895354495_011_83055469_quarto_1.jpg,True,14392
quintoandar,895354495,https://www.quintoandar.com.br/imovel/895354495/alugar/casa-4-quartos-vila-pedroso-sao-paulo,https://www.quintoandar.com.br/alugar/imovel/sao-paulo-sp-brasil/mobiliado,250,True,4,Vila Pedroso,"Rua Irineu Bonardi, Vila Pedroso, São Paulo",83055470,Quarto 1,quarto,https://www.quintoandar.com.br/img/med/original895354495-39.8656369895799IMG20260330140725.jpg,data/external/quintoandar/images/quarto/895354495_012_83055470_quarto_1.jpg,True,17570
quintoandar,895354495,https://www.quintoandar.com.br/imovel/895354495/alugar/casa-4-quartos-vila-pedroso-sao-paulo,https://www.quintoandar.com.br/alugar/imovel/sao-paulo-sp-brasil/mobiliado,250,True,4,Vila Pedroso,"Rua Irineu Bonardi, Vila Pedroso, São Paulo",83055471,Banheiro da Suíte,quarto_banheiro,https://www.quintoandar.com.br/img/med/original895354495-284.54003325242894IMG20260330141116.jpg,data/external/quintoandar/images/quarto_banheiro/895354495_013_83055471_banheiro_da_suite.jpg,True,12364
quintoandar,895354495,https://www.quintoandar.com.br/imovel/895354495/alugar/casa-4-quartos-vila-pedroso-sao-paulo,https://www.quintoandar.com.br/alugar/imovel/sao-paulo-sp-brasil/mobiliado,250,True,4,Vila Pedroso,"Rua Irineu Bonardi, Vila Pedroso, São Paulo",83055472,Banheiro da Suíte,quarto_banheiro,https://www.quintoandar.com.br/img/med/original895354495-533.1496026962261IMG20260330141122.jpg,data/external/quintoandar/images/quarto_banheiro/895354495_014_83055472_banheiro_da_suite.jpg,True,11956
quintoandar,895354495,https://www.quintoandar.com.br/imovel/895354495/alugar/casa-4-quartos-vila-pedroso-sao-paulo,https://www.quintoandar.com.br/alugar/imovel/sao-paulo-sp-brasil/mobiliado,250,True,4,Vila Pedroso,"Rua Irineu Bonardi, Vila Pedroso, São Paulo",83055473,Suíte,quarto,https://www.quintoandar.com.br/img/med/original895354495-594.021863711427IMG20260330141007.jpg,data/external/quintoandar/images/quarto/895354495_015_83055473_suite.jpg,True,14878
quintoandar,895354495,https://www.quintoandar.com.br/imovel/895354495/alugar/casa-4-quartos-vila-pedroso-sao-paulo,https://www.quintoandar.com.br/alugar/imovel/sao-paulo-sp-brasil/mobiliado,250,True,4,Vila Pedroso,"Rua Irineu Bonardi, Vila Pedroso, São Paulo",83055474,Suíte,quarto,https://www.quintoandar.com.br/img/med/original895354495-674.7778853479768IMG20260330141010.jpg,data/external/quintoandar/images/quarto/895354495_016_83055474_suite.jpg,True,17660
quintoandar,895354495,https://www.quintoandar.com.br/imovel/895354495/alugar/casa-4-quartos-vila-pedroso-sao-paulo,https://www.quintoandar.com.br/alugar/imovel/sao-paulo-sp-brasil/mobiliado,250,True,4,Vila Pedroso,"Rua Irineu Bonardi, Vila Pedroso, São Paulo",83055475,Suíte,quarto,https://www.quintoandar.com.br/img/med/original895354495-498.19262754109184IMG20260330141031.jpg,data/external/quintoandar/images/quarto/895354495_017_83055475_suite.jpg,True,15313
quintoandar,895354495,https://www.quintoandar.com.br/imovel/895354495/alugar/casa-4-quartos-vila-pedroso-sao-paulo,https://www.quintoandar.com.br/alugar/imovel/sao-paulo-sp-brasil/mobiliado,250,True,4,Vila Pedroso,"Rua Irineu Bonardi, Vila Pedroso, São Paulo",83055476,Suíte,quarto,https://www.quintoandar.com.br/img/med/original895354495-98.40853022705764IMG20260330141040.jpg,data/external/quintoandar/images/quarto/895354495_018_83055476_suite.jpg,True,9022
quintoandar,895354495,https://www.quintoandar.com.br/imovel/895354495/alugar/casa-4-quartos-vila-pedroso-sao-paulo,https://www.quintoandar.com.br/alugar/imovel/sao-paulo-sp-brasil/mobiliado,250,True,4,Vila Pedroso,"Rua Irineu Bonardi, Vila Pedroso, São Paulo",83055477,Suíte,quarto,https://www.quintoandar.com.br/img/med/original895354495-806.5834074582012IMG20260330141046.jpg,data/external/quintoandar/images/quarto/895354495_019_83055477_suite.jpg,True,12272
quintoandar,895354495,https://www.quintoandar.com.br/imovel/895354495/alugar/casa-4-quartos-vila-pedroso-sao-paulo,https://www.quintoandar.com.br/alugar/imovel/sao-paulo-sp-brasil/mobiliado,250,True,4,Vila Pedroso,"Rua Irineu Bonardi, Vila Pedroso, São Paulo",83055478,Banheiro da Suíte,quarto_banheiro,https://www.quintoandar.com.br/img/med/original895354495-610.7403030720906IMG20260330141052.jpg,data/external/quintoandar/images/quarto_banheiro/895354495_020_83055478_banheiro_da_suite.jpg,True,18403
quintoandar,895354495,https://www.quintoandar.com.br/imovel/895354495/alugar/casa-4-quartos-vila-pedroso-sao-paulo,https://www.quintoandar.com.br/alugar/imovel/sao-paulo-sp-brasil/mobiliado,250,True,4,Vila Pedroso,"Rua Irineu Bonardi, Vila Pedroso, São Paulo",83055479,Banheiro da Suíte,quarto_banheiro,https://www.quintoandar.com.br/img/med/original895354495-104.5815453287694IMG20260330141054.jpg,data/external/quintoandar/images/quarto_banheiro/895354495_021_83055479_banheiro_da_suite.jpg,True,16351
quintoandar,895354495,https://www.quintoandar.com.br/imovel/895354495/alugar/casa-4-quartos-vila-pedroso-sao-paulo,https://www.quintoandar.com.br/alugar/imovel/sao-paulo-sp-brasil/mobiliado,250,True,4,Vila Pedroso,"Rua Irineu Bonardi, Vila Pedroso, São Paulo",83055480,Banheiro da Suíte,quarto_banheiro,https://www.quintoandar.com.br/img/med/original895354495-167.49700628177487IMG20260330141100.jpg,data/external/quintoandar/images/quarto_banheiro/895354495_022_83055480_banheiro_da_suite.jpg,True,16836
quintoandar,895354495,https://www.quintoandar.com.br/imovel/895354495/alugar/casa-4-quartos-vila-pedroso-sao-paulo,https://www.quintoandar.com.br/alugar/imovel/sao-paulo-sp-brasil/mobiliado,250,True,4,Vila Pedroso,"Rua Irineu Bonardi, Vila Pedroso, São Paulo",83055481,Banheiro da Suíte,quarto_banheiro,https://www.quintoandar.com.br/img/med/original895354495-851.1939215780802IMG20260330141103.jpg,data/external/quintoandar/images/quarto_banheiro/895354495_023_83055481_banheiro_da_suite.jpg,True,15546
quintoandar,895354495,https://www.quintoandar.com.br/imovel/895354495/alugar/casa-4-quartos-vila-pedroso-sao-paulo,https://www.quintoandar.com.br/alugar/imovel/sao-paulo-sp-brasil/mobiliado,250,True,4,Vila Pedroso,"Rua Irineu Bonardi, Vila Pedroso, São Paulo",83055482,Quarto 2,quarto,https://www.quintoandar.com.br/img/med/original895354495-527.5315630443617IMG20260330141618.jpg,data/external/quintoandar/images/quarto/895354495_024_83055482_quarto_2.jpg,True,15820
quintoandar,895354495,https://www.quintoandar.com.br/imovel/895354495/alugar/casa-4-quartos-vila-pedroso-sao-paulo,https://www.quintoandar.com.br/alugar/imovel/sao-paulo-sp-brasil/mobiliado,250,True,4,Vila Pedroso,"Rua Irineu Bonardi, Vila Pedroso, São Paulo",83055483,Quarto 2,quarto,https://www.quintoandar.com.br/img/med/original895354495-780.828462107672IMG20260330141637.jpg,data/external/quintoandar/images/quarto/895354495_025_83055483_quarto_2.jpg,True,13396
quintoandar,895354495,https://www.quintoandar.com.br/imovel/895354495/alugar/casa-4-quartos-vila-pedroso-sao-paulo,https://www.quintoandar.com.br/alugar/imovel/sao-paulo-sp-brasil/mobiliado,250,True,4,Vila Pedroso,"Rua Irineu Bonardi, Vila Pedroso, São Paulo",83055484,Quarto 2,quarto,https://www.quintoandar.com.br/img/med/original895354495-655.5580794536647IMG20260330141649.jpg,data/external/quintoandar/images/quarto/895354495_026_83055484_quarto_2.jpg,True,13375
quintoandar,895354495,https://www.quintoandar.com.br/imovel/895354495/alugar/casa-4-quartos-vila-pedroso-sao-paulo,https://www.quintoandar.com.br/alugar/imovel/sao-paulo-sp-brasil/mobiliado,250,True,4,Vila Pedroso,"Rua Irineu Bonardi, Vila Pedroso, São Paulo",83055485,Quarto 2,quarto,https://www.quintoandar.com.br/img/med/original895354495-947.940485365728IMG20260330141607.jpg,data/external/quintoandar/images/quarto/895354495_027_83055485_quarto_2.jpg,True,12923
quintoandar,895354495,https://www.quintoandar.com.br/imovel/895354495/alugar/casa-4-quartos-vila-pedroso-sao-paulo,https://www.quintoandar.com.br/alugar/imovel/sao-paulo-sp-brasil/mobiliado,250,True,4,Vila Pedroso,"Rua Irineu Bonardi, Vila Pedroso, São Paulo",83055486,Quarto 3,quarto,https://www.quintoandar.com.br/img/med/original895354495-372.4098446774098Quarto3a.jpg,data/external/quintoandar/images/quarto/895354495_028_83055486_quarto_3.jpg,True,23109
quintoandar,895354495,https://www.quintoandar.com.br/imovel/895354495/alugar/casa-4-quartos-vila-pedroso-sao-paulo,https://www.quintoandar.com.br/alugar/imovel/sao-paulo-sp-brasil/mobiliado,250,True,4,Vila Pedroso,"Rua Irineu Bonardi, Vila Pedroso, São Paulo",83055706,Banheiro social,banheiro,https://www.quintoandar.com.br/img/med/original895354495-165.82660898156976IMG20260330140919.jpg,data/external/quintoandar/images/banheiro/895354495_029_83055706_banheiro_social.jpg,True,19715
quintoandar,895354495,https://www.quintoandar.com.br/imovel/895354495/alugar/casa-4-quartos-vila-pedroso-sao-paulo,https://www.quintoandar.com.br/alugar/imovel/sao-paulo-sp-brasil/mobiliado,250,True,4,Vila Pedroso,"Rua Irineu Bonardi, Vila Pedroso, São Paulo",83055707,Banheiro social,banheiro,https://www.quintoandar.com.br/img/med/original895354495-954.0286313037143IMG20260330140827.jpg,data/external/quintoandar/images/banheiro/895354495_030_83055707_banheiro_social.jpg,True,16332
quintoandar,895354495,https://www.quintoandar.com.br/imovel/895354495/alugar/casa-4-quartos-vila-pedroso-sao-paulo,https://www.quintoandar.com.br/alugar/imovel/sao-paulo-sp-brasil/mobiliado,250,True,4,Vila Pedroso,"Rua Irineu Bonardi, Vila Pedroso, São Paulo",83055708,Banheiro social,banheiro,https://www.quintoandar.com.br/img/med/original895354495-777.9845074094219IMG20260330140842.jpg,data/external/quintoandar/images/banheiro/895354495_031_83055708_banheiro_social.jpg,True,17654
quintoandar,895354495,https://www.quintoandar.com.br/imovel/895354495/alugar/casa-4-quartos-vila-pedroso-sao-paulo,https://www.quintoandar.com.br/alugar/imovel/sao-paulo-sp-brasil/mobiliado,250,True,4,Vila Pedroso,"Rua Irineu Bonardi, Vila Pedroso, São Paulo",83055709,Banheiro social,banheiro,https://www.quintoandar.com.br/img/med/original895354495-731.0238341703047IMG20260330140903.jpg,data/external/quintoandar/images/banheiro/895354495_032_83055709_banheiro_social.jpg,True,19364
quintoandar,895354495,https://www.quintoandar.com.br/imovel/895354495/alugar/casa-4-quartos-vila-pedroso-sao-paulo,https://www.quintoandar.com.br/alugar/imovel/sao-paulo-sp-brasil/mobiliado,250,True,4,Vila Pedroso,"Rua Irineu Bonardi, Vila Pedroso, São Paulo",83055710,Banheiro 2,banheiro,https://www.quintoandar.com.br/img/med/original895354495-32.8263024433324IMG20260330141750.jpg,data/external/quintoandar/images/banheiro/895354495_033_83055710_banheiro_2.jpg,True,17229
quintoandar,895354495,https://www.quintoandar.com.br/imovel/895354495/alugar/casa-4-quartos-vila-pedroso-sao-paulo,https://www.quintoandar.com.br/alugar/imovel/sao-paulo-sp-brasil/mobiliado,250,True,4,Vila Pedroso,"Rua Irineu Bonardi, Vila Pedroso, São Paulo",83055711,Banheiro 2,banheiro,https://www.quintoandar.com.br/img/med/original895354495-952.0522410514466IMG20260330141759.jpg,data/external/quintoandar/images/banheiro/895354495_034_83055711_banheiro_2.jpg,True,21338
quintoandar,895354495,https://www.quintoandar.com.br/imovel/895354495/alugar/casa-4-quartos-vila-pedroso-sao-paulo,https://www.quintoandar.com.br/alugar/imovel/sao-paulo-sp-brasil/mobiliado,250,True,4,Vila Pedroso,"Rua Irineu Bonardi, Vila Pedroso, São Paulo",83055712,Banheiro 2,banheiro,https://www.quintoandar.com.br/img/med/original895354495-954.6572887996722IMG20260330141813.jpg,data/external/quintoandar/images/banheiro/895354495_035_83055712_banheiro_2.jpg,True,19583
quintoandar,895354495,https://www.quintoandar.com.br/imovel/895354495/alugar/casa-4-quartos-vila-pedroso-sao-paulo,https://www.quintoandar.com.br/alugar/imovel/sao-paulo-sp-brasil/mobiliado,250,True,4,Vila Pedroso,"Rua Irineu Bonardi, Vila Pedroso, São Paulo",83055713,Banheiro 2,banheiro,https://www.quintoandar.com.br/img/med/original895354495-185.30836957032605IMG20260330141831.jpg,data/external/quintoandar/images/banheiro/895354495_036_83055713_banheiro_2.jpg,True,22523
quintoandar,895354495,https://www.quintoandar.com.br/imovel/895354495/alugar/casa-4-quartos-vila-pedroso-sao-paulo,https://www.quintoandar.com.br/alugar/imovel/sao-paulo-sp-brasil/mobiliado,250,True,4,Vila Pedroso,"Rua Irineu Bonardi, Vila Pedroso, São Paulo",83055716,Área de Serviço,area_servico,https://www.quintoandar.com.br/img/med/original895354495-204.9241501031459IMG20260330140533.jpg,data/external/quintoandar/images/area_servico/895354495_039_83055716_area_de_servico.jpg,True,29374
quintoandar,895354495,https://www.quintoandar.com.br/imovel/895354495/alugar/casa-4-quartos-vila-pedroso-sao-paulo,https://www.quintoandar.com.br/alugar/imovel/sao-paulo-sp-brasil/mobiliado,250,True,4,Vila Pedroso,"Rua Irineu Bonardi, Vila Pedroso, São Paulo",83055717,Área de Serviço,area_servico,https://www.quintoandar.com.br/img/med/original895354495-130.97622053120617IMG20260330140538.jpg,data/external/quintoandar/images/area_servico/895354495_040_83055717_area_de_servico.jpg,True,24279
quintoandar,895354495,https://www.quintoandar.com.br/imovel/895354495/alugar/casa-4-quartos-vila-pedroso-sao-paulo,https://www.quintoandar.com.br/alugar/imovel/sao-paulo-sp-brasil/mobiliado,250,True,4,Vila Pedroso,"Rua Irineu Bonardi, Vila Pedroso, São Paulo",83055718,Área de Serviço,area_servico,https://www.quintoandar.com.br/img/med/original895354495-594.1638841761583IMG20260330140548.jpg,data/external/quintoandar/images/area_servico/895354495_041_83055718_area_de_servico.jpg,True,30896
quintoandar,895354495,https://www.quintoandar.com.br/imovel/895354495/alugar/casa-4-quartos-vila-pedroso-sao-paulo,https://www.quintoandar.com.br/alugar/imovel/sao-paulo-sp-brasil/mobiliado,250,True,4,Vila Pedroso,"Rua Irineu Bonardi, Vila Pedroso, São Paulo",83055719,Área de Serviço,area_servico,https://www.quintoandar.com.br/img/med/original895354495-808.5821576095585IMG20260330140559.jpg,data/external/quintoandar/images/area_servico/895354495_042_83055719_area_de_servico.jpg,True,24909
quintoandar,895354495,https://www.quintoandar.com.br/imovel/895354495/alugar/casa-4-quartos-vila-pedroso-sao-paulo,https://www.quintoandar.com.br/alugar/imovel/sao-paulo-sp-brasil/mobiliado,250,True,4,Vila Pedroso,"Rua Irineu Bonardi, Vila Pedroso, São Paulo",83055787,Garagem,garagem,https://www.quintoandar.com.br/img/med/original895354495-251.3442223554625IMG20260330140303.jpg,data/external/quintoandar/images/garagem/895354495_043_83055787_garagem.jpg,True,19861
quintoandar,895354495,https://www.quintoandar.com.br/imovel/895354495/alugar/casa-4-quartos-vila-pedroso-sao-paulo,https://www.quintoandar.com.br/alugar/imovel/sao-paulo-sp-brasil/mobiliado,250,True,4,Vila Pedroso,"Rua Irineu Bonardi, Vila Pedroso, São Paulo",83055788,Garagem,garagem,https://www.quintoandar.com.br/img/med/original895354495-177.41812942163503IMG20260330140314.jpg,data/external/quintoandar/images/garagem/895354495_044_83055788_garagem.jpg,True,16820
quintoandar,895354495,https://www.quintoandar.com.br/imovel/895354495/alugar/casa-4-quartos-vila-pedroso-sao-paulo,https://www.quintoandar.com.br/alugar/imovel/sao-paulo-sp-brasil/mobiliado,250,True,4,Vila Pedroso,"Rua Irineu Bonardi, Vila Pedroso, São Paulo",83055789,Garagem,garagem,https://www.quintoandar.com.br/img/med/original895354495-705.163238039293IMG20260330140322.jpg,data/external/quintoandar/images/garagem/895354495_045_83055789_garagem.jpg,True,19101
quintoandar,895354495,https://www.quintoandar.com.br/imovel/895354495/alugar/casa-4-quartos-vila-pedroso-sao-paulo,https://www.quintoandar.com.br/alugar/imovel/sao-paulo-sp-brasil/mobiliado,250,True,4,Vila Pedroso,"Rua Irineu Bonardi, Vila Pedroso, São Paulo",83055790,Quintal,jardim,https://www.quintoandar.com.br/img/med/original895354495-941.4983324916398IMG20260330140329.jpg,data/external/quintoandar/images/jardim/895354495_046_83055790_quintal.jpg,True,23474
quintoandar,895354495,https://www.quintoandar.com.br/imovel/895354495/alugar/casa-4-quartos-vila-pedroso-sao-paulo,https://www.quintoandar.com.br/alugar/imovel/sao-paulo-sp-brasil/mobiliado,250,True,4,Vila Pedroso,"Rua Irineu Bonardi, Vila Pedroso, São Paulo",83055791,Garagem,garagem,https://www.quintoandar.com.br/img/med/original895354495-856.3642623237525IMG20260330140342.jpg,data/external/quintoandar/images/garagem/895354495_047_83055791_garagem.jpg,True,21046
quintoandar,895354495,https://www.quintoandar.com.br/imovel/895354495/alugar/casa-4-quartos-vila-pedroso-sao-paulo,https://www.quintoandar.com.br/alugar/imovel/sao-paulo-sp-brasil/mobiliado,250,True,4,Vila Pedroso,"Rua Irineu Bonardi, Vila Pedroso, São Paulo",83055792,Garagem,garagem,https://www.quintoandar.com.br/img/med/original895354495-943.7955475634235IMG20260330140344.jpg,data/external/quintoandar/images/garagem/895354495_048_83055792_garagem.jpg,True,22859
quintoandar,895354495,https://www.quintoandar.com.br/imovel/895354495/alugar/casa-4-quartos-vila-pedroso-sao-paulo,https://www.quintoandar.com.br/alugar/imovel/sao-paulo-sp-brasil/mobiliado,250,True,4,Vila Pedroso,"Rua Irineu Bonardi, Vila Pedroso, São Paulo",83055793,Garagem,garagem,https://www.quintoandar.com.br/img/med/original895354495-55.24640626568189IMG20260330140400.jpg,data/external/quintoandar/images/garagem/895354495_049_83055793_garagem.jpg,True,21544
quintoandar,895354495,https://www.quintoandar.com.br/imovel/895354495/alugar/casa-4-quartos-vila-pedroso-sao-paulo,https://www.quintoandar.com.br/alugar/imovel/sao-paulo-sp-brasil/mobiliado,250,True,4,Vila Pedroso,"Rua Irineu Bonardi, Vila Pedroso, São Paulo",83055794,Garagem,garagem,https://www.quintoandar.com.br/img/med/original895354495-705.1783776648371IMG20260330151357.jpg,data/external/quintoandar/images/garagem/895354495_050_83055794_garagem.jpg,True,29694
quintoandar,895354495,https://www.quintoandar.com.br/imovel/895354495/alugar/casa-4-quartos-vila-pedroso-sao-paulo,https://www.quintoandar.com.br/alugar/imovel/sao-paulo-sp-brasil/mobiliado,250,True,4,Vila Pedroso,"Rua Irineu Bonardi, Vila Pedroso, São Paulo",83055795,Fachada,area_externa,https://www.quintoandar.com.br/img/med/original895354495-871.9751167625983IMG20260330151348.jpg,data/external/quintoandar/images/area_externa/895354495_051_83055795_fachada.jpg,True,30740
quintoandar,895354495,https://www.quintoandar.com.br/imovel/895354495/alugar/casa-4-quartos-vila-pedroso-sao-paulo,https://www.quintoandar.com.br/alugar/imovel/sao-paulo-sp-brasil/mobiliado,250,True,4,Vila Pedroso,"Rua Irineu Bonardi, Vila Pedroso, São Paulo",83055805,Fachada,area_externa,https://www.quintoandar.com.br/img/med/original895354495-2.3158379667276296IMG20260330151557.jpg,data/external/quintoandar/images/area_externa/895354495_052_83055805_fachada.jpg,True,17263
quintoandar,895394978,https://www.quintoandar.com.br/imovel/895394978/alugar/casa-3-quartos-jardim-pedro-jose-nunes-sao-paulo,https://www.quintoandar.com.br/alugar/imovel/sao-paulo-sp-brasil/mobiliado,300,True,3,Vila Jacuí,"Rua Rosa-de-jerico, Vila Jacuí, São Paulo",84861916,Sala,sala,https://www.quintoandar.com.br/img/med/original895394978-937.5436126289618IMG2741.jpg,data/external/quintoandar/images/sala/895394978_001_84861916_sala.jpg,True,20102
quintoandar,895394978,https://www.quintoandar.com.br/imovel/895394978/alugar/casa-3-quartos-jardim-pedro-jose-nunes-sao-paulo,https://www.quintoandar.com.br/alugar/imovel/sao-paulo-sp-brasil/mobiliado,300,True,3,Vila Jacuí,"Rua Rosa-de-jerico, Vila Jacuí, São Paulo",84861920,Sala,sala,https://www.quintoandar.com.br/img/med/original895394978-914.3226394063064IMG2742.jpg,data/external/quintoandar/images/sala/895394978_002_84861920_sala.jpg,True,19165
quintoandar,895394978,https://www.quintoandar.com.br/imovel/895394978/alugar/casa-3-quartos-jardim-pedro-jose-nunes-sao-paulo,https://www.quintoandar.com.br/alugar/imovel/sao-paulo-sp-brasil/mobiliado,300,True,3,Vila Jacuí,"Rua Rosa-de-jerico, Vila Jacuí, São Paulo",84861924,Sala,sala,https://www.quintoandar.com.br/img/med/original895394978-763.2479971113462IMG2743.jpg,data/external/quintoandar/images/sala/895394978_003_84861924_sala.jpg,True,21840
quintoandar,895394978,https://www.quintoandar.com.br/imovel/895394978/alugar/casa-3-quartos-jardim-pedro-jose-nunes-sao-paulo,https://www.quintoandar.com.br/alugar/imovel/sao-paulo-sp-brasil/mobiliado,300,True,3,Vila Jacuí,"Rua Rosa-de-jerico, Vila Jacuí, São Paulo",84861928,Sala,sala,https://www.quintoandar.com.br/img/med/original895394978-35.038904930769554IMG2744.jpg,data/external/quintoandar/images/sala/895394978_004_84861928_sala.jpg,True,20204
quintoandar,895394978,https://www.quintoandar.com.br/imovel/895394978/alugar/casa-3-quartos-jardim-pedro-jose-nunes-sao-paulo,https://www.quintoandar.com.br/alugar/imovel/sao-paulo-sp-brasil/mobiliado,300,True,3,Vila Jacuí,"Rua Rosa-de-jerico, Vila Jacuí, São Paulo",84861932,Sala,sala,https://www.quintoandar.com.br/img/med/original895394978-759.5731418621763IMG2745.jpg,data/external/quintoandar/images/sala/895394978_005_84861932_sala.jpg,True,20331
quintoandar,895394978,https://www.quintoandar.com.br/imovel/895394978/alugar/casa-3-quartos-jardim-pedro-jose-nunes-sao-paulo,https://www.quintoandar.com.br/alugar/imovel/sao-paulo-sp-brasil/mobiliado,300,True,3,Vila Jacuí,"Rua Rosa-de-jerico, Vila Jacuí, São Paulo",84861936,Quarto 1,quarto,https://www.quintoandar.com.br/img/med/original895394978-592.2737717840529IMG2762.jpg,data/external/quintoandar/images/quarto/895394978_006_84861936_quarto_1.jpg,True,14907
quintoandar,895394978,https://www.quintoandar.com.br/imovel/895394978/alugar/casa-3-quartos-jardim-pedro-jose-nunes-sao-paulo,https://www.quintoandar.com.br/alugar/imovel/sao-paulo-sp-brasil/mobiliado,300,True,3,Vila Jacuí,"Rua Rosa-de-jerico, Vila Jacuí, São Paulo",84861941,Quarto 1,quarto,https://www.quintoandar.com.br/img/med/original895394978-762.6511386720855IMG2763.jpg,data/external/quintoandar/images/quarto/895394978_007_84861941_quarto_1.jpg,True,16924
quintoandar,895394978,https://www.quintoandar.com.br/imovel/895394978/alugar/casa-3-quartos-jardim-pedro-jose-nunes-sao-paulo,https://www.quintoandar.com.br/alugar/imovel/sao-paulo-sp-brasil/mobiliado,300,True,3,Vila Jacuí,"Rua Rosa-de-jerico, Vila Jacuí, São Paulo",84861950,Quarto 1,quarto,https://www.quintoandar.com.br/img/med/original895394978-626.3402234335526IMG2764.jpg,data/external/quintoandar/images/quarto/895394978_008_84861950_quarto_1.jpg,True,15703
quintoandar,895394978,https://www.quintoandar.com.br/imovel/895394978/alugar/casa-3-quartos-jardim-pedro-jose-nunes-sao-paulo,https://www.quintoandar.com.br/alugar/imovel/sao-paulo-sp-brasil/mobiliado,300,True,3,Vila Jacuí,"Rua Rosa-de-jerico, Vila Jacuí, São Paulo",84861956,Quarto 1,quarto,https://www.quintoandar.com.br/img/med/original895394978-824.2138460645023IMG2765.jpg,data/external/quintoandar/images/quarto/895394978_009_84861956_quarto_1.jpg,True,14910
quintoandar,895394978,https://www.quintoandar.com.br/imovel/895394978/alugar/casa-3-quartos-jardim-pedro-jose-nunes-sao-paulo,https://www.quintoandar.com.br/alugar/imovel/sao-paulo-sp-brasil/mobiliado,300,True,3,Vila Jacuí,"Rua Rosa-de-jerico, Vila Jacuí, São Paulo",84863039,Quarto 2,quarto,https://www.quintoandar.com.br/img/med/original895394978-297.9535041257846IMG2754.jpg,data/external/quintoandar/images/quarto/895394978_010_84863039_quarto_2.jpg,True,14829
quintoandar,895394978,https://www.quintoandar.com.br/imovel/895394978/alugar/casa-3-quartos-jardim-pedro-jose-nunes-sao-paulo,https://www.quintoandar.com.br/alugar/imovel/sao-paulo-sp-brasil/mobiliado,300,True,3,Vila Jacuí,"Rua Rosa-de-jerico, Vila Jacuí, São Paulo",84863041,Quarto 2,quarto,https://www.quintoandar.com.br/img/med/original895394978-949.0799826377933IMG2755.jpg,data/external/quintoandar/images/quarto/895394978_011_84863041_quarto_2.jpg,True,13910
quintoandar,895394978,https://www.quintoandar.com.br/imovel/895394978/alugar/casa-3-quartos-jardim-pedro-jose-nunes-sao-paulo,https://www.quintoandar.com.br/alugar/imovel/sao-paulo-sp-brasil/mobiliado,300,True,3,Vila Jacuí,"Rua Rosa-de-jerico, Vila Jacuí, São Paulo",84863044,Quarto 2,quarto,https://www.quintoandar.com.br/img/med/original895394978-436.23351268631916IMG2756.jpg,data/external/quintoandar/images/quarto/895394978_012_84863044_quarto_2.jpg,True,19929
quintoandar,895394978,https://www.quintoandar.com.br/imovel/895394978/alugar/casa-3-quartos-jardim-pedro-jose-nunes-sao-paulo,https://www.quintoandar.com.br/alugar/imovel/sao-paulo-sp-brasil/mobiliado,300,True,3,Vila Jacuí,"Rua Rosa-de-jerico, Vila Jacuí, São Paulo",84863046,Quarto 2,quarto,https://www.quintoandar.com.br/img/med/original895394978-358.697428624017IMG2757.jpg,data/external/quintoandar/images/quarto/895394978_013_84863046_quarto_2.jpg,True,17621
quintoandar,895394978,https://www.quintoandar.com.br/imovel/895394978/alugar/casa-3-quartos-jardim-pedro-jose-nunes-sao-paulo,https://www.quintoandar.com.br/alugar/imovel/sao-paulo-sp-brasil/mobiliado,300,True,3,Vila Jacuí,"Rua Rosa-de-jerico, Vila Jacuí, São Paulo",84861965,Suíte,quarto,https://www.quintoandar.com.br/img/med/original895394978-313.576306537512IMG2766.jpg,data/external/quintoandar/images/quarto/895394978_014_84861965_suite.jpg,True,18684
quintoandar,895394978,https://www.quintoandar.com.br/imovel/895394978/alugar/casa-3-quartos-jardim-pedro-jose-nunes-sao-paulo,https://www.quintoandar.com.br/alugar/imovel/sao-paulo-sp-brasil/mobiliado,300,True,3,Vila Jacuí,"Rua Rosa-de-jerico, Vila Jacuí, São Paulo",84861978,Suíte,quarto,https://www.quintoandar.com.br/img/med/original895394978-965.5542654910706IMG2767.jpg,data/external/quintoandar/images/quarto/895394978_015_84861978_suite.jpg,True,21371
quintoandar,895394978,https://www.quintoandar.com.br/imovel/895394978/alugar/casa-3-quartos-jardim-pedro-jose-nunes-sao-paulo,https://www.quintoandar.com.br/alugar/imovel/sao-paulo-sp-brasil/mobiliado,300,True,3,Vila Jacuí,"Rua Rosa-de-jerico, Vila Jacuí, São Paulo",84861995,Suíte,quarto,https://www.quintoandar.com.br/img/med/original895394978-767.8710513660636IMG2768.jpg,data/external/quintoandar/images/quarto/895394978_016_84861995_suite.jpg,True,19312
quintoandar,895394978,https://www.quintoandar.com.br/imovel/895394978/alugar/casa-3-quartos-jardim-pedro-jose-nunes-sao-paulo,https://www.quintoandar.com.br/alugar/imovel/sao-paulo-sp-brasil/mobiliado,300,True,3,Vila Jacuí,"Rua Rosa-de-jerico, Vila Jacuí, São Paulo",84862012,Suíte,quarto,https://www.quintoandar.com.br/img/med/original895394978-282.63767656574566IMG2769.jpg,data/external/quintoandar/images/quarto/895394978_017_84862012_suite.jpg,True,23544
quintoandar,895394978,https://www.quintoandar.com.br/imovel/895394978/alugar/casa-3-quartos-jardim-pedro-jose-nunes-sao-paulo,https://www.quintoandar.com.br/alugar/imovel/sao-paulo-sp-brasil/mobiliado,300,True,3,Vila Jacuí,"Rua Rosa-de-jerico, Vila Jacuí, São Paulo",84862027,Banheiro da Suíte,quarto_banheiro,https://www.quintoandar.com.br/img/med/original895394978-397.4917778842492IMG2770.jpg,data/external/quintoandar/images/quarto_banheiro/895394978_018_84862027_banheiro_da_suite.jpg,True,16707
quintoandar,895394978,https://www.quintoandar.com.br/imovel/895394978/alugar/casa-3-quartos-jardim-pedro-jose-nunes-sao-paulo,https://www.quintoandar.com.br/alugar/imovel/sao-paulo-sp-brasil/mobiliado,300,True,3,Vila Jacuí,"Rua Rosa-de-jerico, Vila Jacuí, São Paulo",84862040,Banheiro da Suíte,quarto_banheiro,https://www.quintoandar.com.br/img/med/original895394978-318.23088030581346IMG2771.jpg,data/external/quintoandar/images/quarto_banheiro/895394978_019_84862040_banheiro_da_suite.jpg,True,17973
quintoandar,895394978,https://www.quintoandar.com.br/imovel/895394978/alugar/casa-3-quartos-jardim-pedro-jose-nunes-sao-paulo,https://www.quintoandar.com.br/alugar/imovel/sao-paulo-sp-brasil/mobiliado,300,True,3,Vila Jacuí,"Rua Rosa-de-jerico, Vila Jacuí, São Paulo",84862049,Banheiro da Suíte,quarto_banheiro,https://www.quintoandar.com.br/img/med/original895394978-205.68181949854724IMG2772.jpg,data/external/quintoandar/images/quarto_banheiro/895394978_020_84862049_banheiro_da_suite.jpg,True,9199
quintoandar,895394978,https://www.quintoandar.com.br/imovel/895394978/alugar/casa-3-quartos-jardim-pedro-jose-nunes-sao-paulo,https://www.quintoandar.com.br/alugar/imovel/sao-paulo-sp-brasil/mobiliado,300,True,3,Vila Jacuí,"Rua Rosa-de-jerico, Vila Jacuí, São Paulo",84862065,Banheiro da Suíte,quarto_banheiro,https://www.quintoandar.com.br/img/med/original895394978-222.60823439962007IMG2773.jpg,data/external/quintoandar/images/quarto_banheiro/895394978_021_84862065_banheiro_da_suite.jpg,True,17075
quintoandar,895394978,https://www.quintoandar.com.br/imovel/895394978/alugar/casa-3-quartos-jardim-pedro-jose-nunes-sao-paulo,https://www.quintoandar.com.br/alugar/imovel/sao-paulo-sp-brasil/mobiliado,300,True,3,Vila Jacuí,"Rua Rosa-de-jerico, Vila Jacuí, São Paulo",84862084,Sacada,varanda,https://www.quintoandar.com.br/img/med/original895394978-814.1971675717801IMG2774.jpg,data/external/quintoandar/images/varanda/895394978_022_84862084_sacada.jpg,True,29195
quintoandar,895394978,https://www.quintoandar.com.br/imovel/895394978/alugar/casa-3-quartos-jardim-pedro-jose-nunes-sao-paulo,https://www.quintoandar.com.br/alugar/imovel/sao-paulo-sp-brasil/mobiliado,300,True,3,Vila Jacuí,"Rua Rosa-de-jerico, Vila Jacuí, São Paulo",84862102,Sacada,varanda,https://www.quintoandar.com.br/img/med/original895394978-153.18651559943785IMG2775.jpg,data/external/quintoandar/images/varanda/895394978_023_84862102_sacada.jpg,True,30031
quintoandar,895394978,https://www.quintoandar.com.br/imovel/895394978/alugar/casa-3-quartos-jardim-pedro-jose-nunes-sao-paulo,https://www.quintoandar.com.br/alugar/imovel/sao-paulo-sp-brasil/mobiliado,300,True,3,Vila Jacuí,"Rua Rosa-de-jerico, Vila Jacuí, São Paulo",84862202,Banheiro 2,banheiro,https://www.quintoandar.com.br/img/med/original895394978-934.1110687392769IMG2746.jpg,data/external/quintoandar/images/banheiro/895394978_025_84862202_banheiro_2.jpg,True,8632
quintoandar,895394978,https://www.quintoandar.com.br/imovel/895394978/alugar/casa-3-quartos-jardim-pedro-jose-nunes-sao-paulo,https://www.quintoandar.com.br/alugar/imovel/sao-paulo-sp-brasil/mobiliado,300,True,3,Vila Jacuí,"Rua Rosa-de-jerico, Vila Jacuí, São Paulo",84862208,Banheiro 2,banheiro,https://www.quintoandar.com.br/img/med/original895394978-246.50146570069288IMG2747.jpg,data/external/quintoandar/images/banheiro/895394978_026_84862208_banheiro_2.jpg,True,10644
quintoandar,895394978,https://www.quintoandar.com.br/imovel/895394978/alugar/casa-3-quartos-jardim-pedro-jose-nunes-sao-paulo,https://www.quintoandar.com.br/alugar/imovel/sao-paulo-sp-brasil/mobiliado,300,True,3,Vila Jacuí,"Rua Rosa-de-jerico, Vila Jacuí, São Paulo",84862215,Banheiro 2,banheiro,https://www.quintoandar.com.br/img/med/original895394978-609.4757256235698IMG2748.jpg,data/external/quintoandar/images/banheiro/895394978_027_84862215_banheiro_2.jpg,True,17667
quintoandar,895394978,https://www.quintoandar.com.br/imovel/895394978/alugar/casa-3-quartos-jardim-pedro-jose-nunes-sao-paulo,https://www.quintoandar.com.br/alugar/imovel/sao-paulo-sp-brasil/mobiliado,300,True,3,Vila Jacuí,"Rua Rosa-de-jerico, Vila Jacuí, São Paulo",84862227,Banheiro 2,banheiro,https://www.quintoandar.com.br/img/med/original895394978-320.6642378909509IMG2749.jpg,data/external/quintoandar/images/banheiro/895394978_028_84862227_banheiro_2.jpg,True,11037
quintoandar,895394978,https://www.quintoandar.com.br/imovel/895394978/alugar/casa-3-quartos-jardim-pedro-jose-nunes-sao-paulo,https://www.quintoandar.com.br/alugar/imovel/sao-paulo-sp-brasil/mobiliado,300,True,3,Vila Jacuí,"Rua Rosa-de-jerico, Vila Jacuí, São Paulo",84863745,Banheiro 3,banheiro,https://www.quintoandar.com.br/img/med/original895394978-683.1088746273152IMG2760.jpg,data/external/quintoandar/images/banheiro/895394978_029_84863745_banheiro_3.jpg,True,10965
quintoandar,895394978,https://www.quintoandar.com.br/imovel/895394978/alugar/casa-3-quartos-jardim-pedro-jose-nunes-sao-paulo,https://www.quintoandar.com.br/alugar/imovel/sao-paulo-sp-brasil/mobiliado,300,True,3,Vila Jacuí,"Rua Rosa-de-jerico, Vila Jacuí, São Paulo",84863748,Banheiro 3,banheiro,https://www.quintoandar.com.br/img/med/original895394978-937.7669864236627IMG2761.jpg,data/external/quintoandar/images/banheiro/895394978_030_84863748_banheiro_3.jpg,True,9948
quintoandar,895394978,https://www.quintoandar.com.br/imovel/895394978/alugar/casa-3-quartos-jardim-pedro-jose-nunes-sao-paulo,https://www.quintoandar.com.br/alugar/imovel/sao-paulo-sp-brasil/mobiliado,300,True,3,Vila Jacuí,"Rua Rosa-de-jerico, Vila Jacuí, São Paulo",84863737,Banheiro 3,banheiro,https://www.quintoandar.com.br/img/med/original895394978-391.48229258385845IMG2758.jpg,data/external/quintoandar/images/banheiro/895394978_031_84863737_banheiro_3.jpg,True,16974
quintoandar,895394978,https://www.quintoandar.com.br/imovel/895394978/alugar/casa-3-quartos-jardim-pedro-jose-nunes-sao-paulo,https://www.quintoandar.com.br/alugar/imovel/sao-paulo-sp-brasil/mobiliado,300,True,3,Vila Jacuí,"Rua Rosa-de-jerico, Vila Jacuí, São Paulo",84863743,Banheiro 3,banheiro,https://www.quintoandar.com.br/img/med/original895394978-582.5412466417839IMG2759.jpg,data/external/quintoandar/images/banheiro/895394978_032_84863743_banheiro_3.jpg,True,17819
quintoandar,895394978,https://www.quintoandar.com.br/imovel/895394978/alugar/casa-3-quartos-jardim-pedro-jose-nunes-sao-paulo,https://www.quintoandar.com.br/alugar/imovel/sao-paulo-sp-brasil/mobiliado,300,True,3,Vila Jacuí,"Rua Rosa-de-jerico, Vila Jacuí, São Paulo",84862238,Cozinha,cozinha,https://www.quintoandar.com.br/img/med/original895394978-666.5526499209234IMG2750.jpg,data/external/quintoandar/images/cozinha/895394978_033_84862238_cozinha.jpg,True,22278
quintoandar,895394978,https://www.quintoandar.com.br/imovel/895394978/alugar/casa-3-quartos-jardim-pedro-jose-nunes-sao-paulo,https://www.quintoandar.com.br/alugar/imovel/sao-paulo-sp-brasil/mobiliado,300,True,3,Vila Jacuí,"Rua Rosa-de-jerico, Vila Jacuí, São Paulo",84862245,Cozinha,cozinha,https://www.quintoandar.com.br/img/med/original895394978-631.9031642281631IMG2751.jpg,data/external/quintoandar/images/cozinha/895394978_034_84862245_cozinha.jpg,True,20573
quintoandar,895394978,https://www.quintoandar.com.br/imovel/895394978/alugar/casa-3-quartos-jardim-pedro-jose-nunes-sao-paulo,https://www.quintoandar.com.br/alugar/imovel/sao-paulo-sp-brasil/mobiliado,300,True,3,Vila Jacuí,"Rua Rosa-de-jerico, Vila Jacuí, São Paulo",84862256,Cozinha,cozinha,https://www.quintoandar.com.br/img/med/original895394978-585.5435796450715IMG2752.jpg,data/external/quintoandar/images/cozinha/895394978_035_84862256_cozinha.jpg,True,17440
quintoandar,895394978,https://www.quintoandar.com.br/imovel/895394978/alugar/casa-3-quartos-jardim-pedro-jose-nunes-sao-paulo,https://www.quintoandar.com.br/alugar/imovel/sao-paulo-sp-brasil/mobiliado,300,True,3,Vila Jacuí,"Rua Rosa-de-jerico, Vila Jacuí, São Paulo",84862262,Cozinha,cozinha,https://www.quintoandar.com.br/img/med/original895394978-450.3706242872759IMG2753.jpg,data/external/quintoandar/images/cozinha/895394978_036_84862262_cozinha.jpg,True,22955
quintoandar,895394978,https://www.quintoandar.com.br/imovel/895394978/alugar/casa-3-quartos-jardim-pedro-jose-nunes-sao-paulo,https://www.quintoandar.com.br/alugar/imovel/sao-paulo-sp-brasil/mobiliado,300,True,3,Vila Jacuí,"Rua Rosa-de-jerico, Vila Jacuí, São Paulo",84862281,Área de Serviço,area_servico,https://www.quintoandar.com.br/img/med/original895394978-87.35603580362172IMG2777.jpg,data/external/quintoandar/images/area_servico/895394978_038_84862281_area_de_servico.jpg,True,24111
quintoandar,895394978,https://www.quintoandar.com.br/imovel/895394978/alugar/casa-3-quartos-jardim-pedro-jose-nunes-sao-paulo,https://www.quintoandar.com.br/alugar/imovel/sao-paulo-sp-brasil/mobiliado,300,True,3,Vila Jacuí,"Rua Rosa-de-jerico, Vila Jacuí, São Paulo",84862289,Área de Serviço,area_servico,https://www.quintoandar.com.br/img/med/original895394978-227.6542972251786IMG2778.jpg,data/external/quintoandar/images/area_servico/895394978_039_84862289_area_de_servico.jpg,True,25617
quintoandar,895394978,https://www.quintoandar.com.br/imovel/895394978/alugar/casa-3-quartos-jardim-pedro-jose-nunes-sao-paulo,https://www.quintoandar.com.br/alugar/imovel/sao-paulo-sp-brasil/mobiliado,300,True,3,Vila Jacuí,"Rua Rosa-de-jerico, Vila Jacuí, São Paulo",84862295,Área de Serviço,area_servico,https://www.quintoandar.com.br/img/med/original895394978-952.1910262392453IMG2779.jpg,data/external/quintoandar/images/area_servico/895394978_040_84862295_area_de_servico.jpg,True,24507
quintoandar,895394978,https://www.quintoandar.com.br/imovel/895394978/alugar/casa-3-quartos-jardim-pedro-jose-nunes-sao-paulo,https://www.quintoandar.com.br/alugar/imovel/sao-paulo-sp-brasil/mobiliado,300,True,3,Vila Jacuí,"Rua Rosa-de-jerico, Vila Jacuí, São Paulo",84862303,Corredor,corredor,https://www.quintoandar.com.br/img/med/original895394978-149.8975251947492IMG2780.jpg,data/external/quintoandar/images/corredor/895394978_041_84862303_corredor.jpg,True,19833
quintoandar,895394978,https://www.quintoandar.com.br/imovel/895394978/alugar/casa-3-quartos-jardim-pedro-jose-nunes-sao-paulo,https://www.quintoandar.com.br/alugar/imovel/sao-paulo-sp-brasil/mobiliado,300,True,3,Vila Jacuí,"Rua Rosa-de-jerico, Vila Jacuí, São Paulo",84862310,Corredor,corredor,https://www.quintoandar.com.br/img/med/original895394978-580.3995250884509IMG2781.jpg,data/external/quintoandar/images/corredor/895394978_042_84862310_corredor.jpg,True,20566
quintoandar,895394978,https://www.quintoandar.com.br/imovel/895394978/alugar/casa-3-quartos-jardim-pedro-jose-nunes-sao-paulo,https://www.quintoandar.com.br/alugar/imovel/sao-paulo-sp-brasil/mobiliado,300,True,3,Vila Jacuí,"Rua Rosa-de-jerico, Vila Jacuí, São Paulo",84862317,Garagem,garagem,https://www.quintoandar.com.br/img/med/original895394978-342.84515768815703IMG2782.jpg,data/external/quintoandar/images/garagem/895394978_043_84862317_garagem.jpg,True,28876
quintoandar,895394978,https://www.quintoandar.com.br/imovel/895394978/alugar/casa-3-quartos-jardim-pedro-jose-nunes-sao-paulo,https://www.quintoandar.com.br/alugar/imovel/sao-paulo-sp-brasil/mobiliado,300,True,3,Vila Jacuí,"Rua Rosa-de-jerico, Vila Jacuí, São Paulo",84862323,Garagem,garagem,https://www.quintoandar.com.br/img/med/original895394978-223.70490826866086IMG2783.jpg,data/external/quintoandar/images/garagem/895394978_044_84862323_garagem.jpg,True,32037
quintoandar,895394978,https://www.quintoandar.com.br/imovel/895394978/alugar/casa-3-quartos-jardim-pedro-jose-nunes-sao-paulo,https://www.quintoandar.com.br/alugar/imovel/sao-paulo-sp-brasil/mobiliado,300,True,3,Vila Jacuí,"Rua Rosa-de-jerico, Vila Jacuí, São Paulo",84862329,Garagem,garagem,https://www.quintoandar.com.br/img/med/original895394978-760.8423507571038IMG2784.jpg,data/external/quintoandar/images/garagem/895394978_045_84862329_garagem.jpg,True,30481
quintoandar,895394978,https://www.quintoandar.com.br/imovel/895394978/alugar/casa-3-quartos-jardim-pedro-jose-nunes-sao-paulo,https://www.quintoandar.com.br/alugar/imovel/sao-paulo-sp-brasil/mobiliado,300,True,3,Vila Jacuí,"Rua Rosa-de-jerico, Vila Jacuí, São Paulo",84862335,Garagem,garagem,https://www.quintoandar.com.br/img/med/original895394978-306.2544249164353IMG2785.jpg,data/external/quintoandar/images/garagem/895394978_046_84862335_garagem.jpg,True,33586
quintoandar,895394978,https://www.quintoandar.com.br/imovel/895394978/alugar/casa-3-quartos-jardim-pedro-jose-nunes-sao-paulo,https://www.quintoandar.com.br/alugar/imovel/sao-paulo-sp-brasil/mobiliado,300,True,3,Vila Jacuí,"Rua Rosa-de-jerico, Vila Jacuí, São Paulo",84862419,Fachada,area_externa,https://www.quintoandar.com.br/img/med/original895394978-153.4696802767352320260430105426.jpg,data/external/quintoandar/images/area_externa/895394978_047_84862419_fachada.jpg,True,30729
quintoandar,894422296,https://www.quintoandar.com.br/imovel/894422296/alugar/apartamento-2-quartos-vila-mariana-sao-paulo,https://www.quintoandar.com.br/alugar/imovel/zona-sul-sao-paulo-sp-brasil/mobiliado,114,True,2,Vila Mariana,"Rua Domingos de Morais, Vila Mariana, São Paulo",50406094,Sala,sala,https://www.quintoandar.com.br/img/med/894422296-690.6056463384882IMG1812.jpg,data/external/quintoandar/images/sala/894422296_001_50406094_sala.jpg,True,23695
quintoandar,894422296,https://www.quintoandar.com.br/imovel/894422296/alugar/apartamento-2-quartos-vila-mariana-sao-paulo,https://www.quintoandar.com.br/alugar/imovel/zona-sul-sao-paulo-sp-brasil/mobiliado,114,True,2,Vila Mariana,"Rua Domingos de Morais, Vila Mariana, São Paulo",50406092,Sala,sala,https://www.quintoandar.com.br/img/med/894422296-512.1115923455403IMG1811.jpg,data/external/quintoandar/images/sala/894422296_002_50406092_sala.jpg,True,22372
quintoandar,894422296,https://www.quintoandar.com.br/imovel/894422296/alugar/apartamento-2-quartos-vila-mariana-sao-paulo,https://www.quintoandar.com.br/alugar/imovel/zona-sul-sao-paulo-sp-brasil/mobiliado,114,True,2,Vila Mariana,"Rua Domingos de Morais, Vila Mariana, São Paulo",50406096,Sala,sala,https://www.quintoandar.com.br/img/med/894422296-901.4377140995269IMG1813.jpg,data/external/quintoandar/images/sala/894422296_003_50406096_sala.jpg,True,22548
quintoandar,894422296,https://www.quintoandar.com.br/imovel/894422296/alugar/apartamento-2-quartos-vila-mariana-sao-paulo,https://www.quintoandar.com.br/alugar/imovel/zona-sul-sao-paulo-sp-brasil/mobiliado,114,True,2,Vila Mariana,"Rua Domingos de Morais, Vila Mariana, São Paulo",50406098,Sala,sala,https://www.quintoandar.com.br/img/med/894422296-233.64995013221423IMG1814.jpg,data/external/quintoandar/images/sala/894422296_004_50406098_sala.jpg,True,20106
quintoandar,894422296,https://www.quintoandar.com.br/imovel/894422296/alugar/apartamento-2-quartos-vila-mariana-sao-paulo,https://www.quintoandar.com.br/alugar/imovel/zona-sul-sao-paulo-sp-brasil/mobiliado,114,True,2,Vila Mariana,"Rua Domingos de Morais, Vila Mariana, São Paulo",50406101,Sala,sala,https://www.quintoandar.com.br/img/med/894422296-716.9616811052598IMG1815.jpg,data/external/quintoandar/images/sala/894422296_005_50406101_sala.jpg,True,21603
quintoandar,894422296,https://www.quintoandar.com.br/imovel/894422296/alugar/apartamento-2-quartos-vila-mariana-sao-paulo,https://www.quintoandar.com.br/alugar/imovel/zona-sul-sao-paulo-sp-brasil/mobiliado,114,True,2,Vila Mariana,"Rua Domingos de Morais, Vila Mariana, São Paulo",50406103,Sala,sala,https://www.quintoandar.com.br/img/med/894422296-779.0448990376719IMG1816.jpg,data/external/quintoandar/images/sala/894422296_006_50406103_sala.jpg,True,20491
quintoandar,894422296,https://www.quintoandar.com.br/imovel/894422296/alugar/apartamento-2-quartos-vila-mariana-sao-paulo,https://www.quintoandar.com.br/alugar/imovel/zona-sul-sao-paulo-sp-brasil/mobiliado,114,True,2,Vila Mariana,"Rua Domingos de Morais, Vila Mariana, São Paulo",50406106,Quarto 1,quarto,https://www.quintoandar.com.br/img/med/894422296-480.9936636897283IMG1817.jpg,data/external/quintoandar/images/quarto/894422296_007_50406106_quarto_1.jpg,True,21872
quintoandar,894422296,https://www.quintoandar.com.br/imovel/894422296/alugar/apartamento-2-quartos-vila-mariana-sao-paulo,https://www.quintoandar.com.br/alugar/imovel/zona-sul-sao-paulo-sp-brasil/mobiliado,114,True,2,Vila Mariana,"Rua Domingos de Morais, Vila Mariana, São Paulo",50406108,Quarto 1,quarto,https://www.quintoandar.com.br/img/med/894422296-926.1495640776676IMG1818.jpg,data/external/quintoandar/images/quarto/894422296_008_50406108_quarto_1.jpg,True,17050
quintoandar,894422296,https://www.quintoandar.com.br/imovel/894422296/alugar/apartamento-2-quartos-vila-mariana-sao-paulo,https://www.quintoandar.com.br/alugar/imovel/zona-sul-sao-paulo-sp-brasil/mobiliado,114,True,2,Vila Mariana,"Rua Domingos de Morais, Vila Mariana, São Paulo",50406112,Quarto 1,quarto,https://www.quintoandar.com.br/img/med/894422296-904.1907962695476IMG1819.jpg,data/external/quintoandar/images/quarto/894422296_009_50406112_quarto_1.jpg,True,20513
quintoandar,894422296,https://www.quintoandar.com.br/imovel/894422296/alugar/apartamento-2-quartos-vila-mariana-sao-paulo,https://www.quintoandar.com.br/alugar/imovel/zona-sul-sao-paulo-sp-brasil/mobiliado,114,True,2,Vila Mariana,"Rua Domingos de Morais, Vila Mariana, São Paulo",50406114,Quarto 1,quarto,https://www.quintoandar.com.br/img/med/894422296-395.47216845727064IMG1820.jpg,data/external/quintoandar/images/quarto/894422296_010_50406114_quarto_1.jpg,True,17518
quintoandar,894422296,https://www.quintoandar.com.br/imovel/894422296/alugar/apartamento-2-quartos-vila-mariana-sao-paulo,https://www.quintoandar.com.br/alugar/imovel/zona-sul-sao-paulo-sp-brasil/mobiliado,114,True,2,Vila Mariana,"Rua Domingos de Morais, Vila Mariana, São Paulo",50406118,Quarto 2,quarto,https://www.quintoandar.com.br/img/med/894422296-275.3524399611631IMG1821.jpg,data/external/quintoandar/images/quarto/894422296_011_50406118_quarto_2.jpg,True,12936
quintoandar,894422296,https://www.quintoandar.com.br/imovel/894422296/alugar/apartamento-2-quartos-vila-mariana-sao-paulo,https://www.quintoandar.com.br/alugar/imovel/zona-sul-sao-paulo-sp-brasil/mobiliado,114,True,2,Vila Mariana,"Rua Domingos de Morais, Vila Mariana, São Paulo",50406120,Quarto 2,quarto,https://www.quintoandar.com.br/img/med/894422296-666.8320679723028IMG1822.jpg,data/external/quintoandar/images/quarto/894422296_012_50406120_quarto_2.jpg,True,14817
quintoandar,894422296,https://www.quintoandar.com.br/imovel/894422296/alugar/apartamento-2-quartos-vila-mariana-sao-paulo,https://www.quintoandar.com.br/alugar/imovel/zona-sul-sao-paulo-sp-brasil/mobiliado,114,True,2,Vila Mariana,"Rua Domingos de Morais, Vila Mariana, São Paulo",50406123,Quarto 2,quarto,https://www.quintoandar.com.br/img/med/894422296-221.26937450501606IMG1823.jpg,data/external/quintoandar/images/quarto/894422296_013_50406123_quarto_2.jpg,True,12980
quintoandar,894422296,https://www.quintoandar.com.br/imovel/894422296/alugar/apartamento-2-quartos-vila-mariana-sao-paulo,https://www.quintoandar.com.br/alugar/imovel/zona-sul-sao-paulo-sp-brasil/mobiliado,114,True,2,Vila Mariana,"Rua Domingos de Morais, Vila Mariana, São Paulo",50406127,Quarto 2,quarto,https://www.quintoandar.com.br/img/med/894422296-412.16906831054166IMG1824.jpg,data/external/quintoandar/images/quarto/894422296_014_50406127_quarto_2.jpg,True,11725
quintoandar,894422296,https://www.quintoandar.com.br/imovel/894422296/alugar/apartamento-2-quartos-vila-mariana-sao-paulo,https://www.quintoandar.com.br/alugar/imovel/zona-sul-sao-paulo-sp-brasil/mobiliado,114,True,2,Vila Mariana,"Rua Domingos de Morais, Vila Mariana, São Paulo",50406130,Banheiro,banheiro,https://www.quintoandar.com.br/img/med/894422296-118.55658262701607IMG1825.jpg,data/external/quintoandar/images/banheiro/894422296_015_50406130_banheiro.jpg,True,14626
quintoandar,894422296,https://www.quintoandar.com.br/imovel/894422296/alugar/apartamento-2-quartos-vila-mariana-sao-paulo,https://www.quintoandar.com.br/alugar/imovel/zona-sul-sao-paulo-sp-brasil/mobiliado,114,True,2,Vila Mariana,"Rua Domingos de Morais, Vila Mariana, São Paulo",50406133,Banheiro,banheiro,https://www.quintoandar.com.br/img/med/894422296-882.2023077703383IMG1826.jpg,data/external/quintoandar/images/banheiro/894422296_016_50406133_banheiro.jpg,True,17415
quintoandar,894422296,https://www.quintoandar.com.br/imovel/894422296/alugar/apartamento-2-quartos-vila-mariana-sao-paulo,https://www.quintoandar.com.br/alugar/imovel/zona-sul-sao-paulo-sp-brasil/mobiliado,114,True,2,Vila Mariana,"Rua Domingos de Morais, Vila Mariana, São Paulo",50406137,Banheiro,banheiro,https://www.quintoandar.com.br/img/med/894422296-737.8603465920505IMG1827.jpg,data/external/quintoandar/images/banheiro/894422296_017_50406137_banheiro.jpg,True,15278
quintoandar,894422296,https://www.quintoandar.com.br/imovel/894422296/alugar/apartamento-2-quartos-vila-mariana-sao-paulo,https://www.quintoandar.com.br/alugar/imovel/zona-sul-sao-paulo-sp-brasil/mobiliado,114,True,2,Vila Mariana,"Rua Domingos de Morais, Vila Mariana, São Paulo",50406139,Banheiro,banheiro,https://www.quintoandar.com.br/img/med/894422296-205.10884991036303IMG1828.jpg,data/external/quintoandar/images/banheiro/894422296_018_50406139_banheiro.jpg,True,11074
quintoandar,894422296,https://www.quintoandar.com.br/imovel/894422296/alugar/apartamento-2-quartos-vila-mariana-sao-paulo,https://www.quintoandar.com.br/alugar/imovel/zona-sul-sao-paulo-sp-brasil/mobiliado,114,True,2,Vila Mariana,"Rua Domingos de Morais, Vila Mariana, São Paulo",50406149,Cozinha e área de serviço,cozinha_area_servico,https://www.quintoandar.com.br/img/med/894422296-597.8486526171038IMG1829.jpg,data/external/quintoandar/images/cozinha_area_servico/894422296_019_50406149_cozinha_e_area_de_servico.jpg,True,20231
quintoandar,894422296,https://www.quintoandar.com.br/imovel/894422296/alugar/apartamento-2-quartos-vila-mariana-sao-paulo,https://www.quintoandar.com.br/alugar/imovel/zona-sul-sao-paulo-sp-brasil/mobiliado,114,True,2,Vila Mariana,"Rua Domingos de Morais, Vila Mariana, São Paulo",50406155,Cozinha e área de serviço,cozinha_area_servico,https://www.quintoandar.com.br/img/med/894422296-993.8084910131082IMG1830.jpg,data/external/quintoandar/images/cozinha_area_servico/894422296_020_50406155_cozinha_e_area_de_servico.jpg,True,18331
quintoandar,894422296,https://www.quintoandar.com.br/imovel/894422296/alugar/apartamento-2-quartos-vila-mariana-sao-paulo,https://www.quintoandar.com.br/alugar/imovel/zona-sul-sao-paulo-sp-brasil/mobiliado,114,True,2,Vila Mariana,"Rua Domingos de Morais, Vila Mariana, São Paulo",50406160,Cozinha e área de serviço,cozinha_area_servico,https://www.quintoandar.com.br/img/med/894422296-245.41551780311178IMG1831.jpg,data/external/quintoandar/images/cozinha_area_servico/894422296_021_50406160_cozinha_e_area_de_servico.jpg,True,19166
quintoandar,894422296,https://www.quintoandar.com.br/imovel/894422296/alugar/apartamento-2-quartos-vila-mariana-sao-paulo,https://www.quintoandar.com.br/alugar/imovel/zona-sul-sao-paulo-sp-brasil/mobiliado,114,True,2,Vila Mariana,"Rua Domingos de Morais, Vila Mariana, São Paulo",50406168,Cozinha e área de serviço,cozinha_area_servico,https://www.quintoandar.com.br/img/med/894422296-459.9097854359204IMG1832.jpg,data/external/quintoandar/images/cozinha_area_servico/894422296_022_50406168_cozinha_e_area_de_servico.jpg,True,18101
quintoandar,894422296,https://www.quintoandar.com.br/imovel/894422296/alugar/apartamento-2-quartos-vila-mariana-sao-paulo,https://www.quintoandar.com.br/alugar/imovel/zona-sul-sao-paulo-sp-brasil/mobiliado,114,True,2,Vila Mariana,"Rua Domingos de Morais, Vila Mariana, São Paulo",50406175,Cozinha e área de serviço,cozinha_area_servico,https://www.quintoandar.com.br/img/med/894422296-565.3352270060285IMG1833.jpg,data/external/quintoandar/images/cozinha_area_servico/894422296_023_50406175_cozinha_e_area_de_servico.jpg,True,23897
quintoandar,894422296,https://www.quintoandar.com.br/imovel/894422296/alugar/apartamento-2-quartos-vila-mariana-sao-paulo,https://www.quintoandar.com.br/alugar/imovel/zona-sul-sao-paulo-sp-brasil/mobiliado,114,True,2,Vila Mariana,"Rua Domingos de Morais, Vila Mariana, São Paulo",50406184,Cozinha e área de serviço,cozinha_area_servico,https://www.quintoandar.com.br/img/med/894422296-71.5844205082664IMG1834.jpg,data/external/quintoandar/images/cozinha_area_servico/894422296_024_50406184_cozinha_e_area_de_servico.jpg,True,17117
quintoandar,894422296,https://www.quintoandar.com.br/imovel/894422296/alugar/apartamento-2-quartos-vila-mariana-sao-paulo,https://www.quintoandar.com.br/alugar/imovel/zona-sul-sao-paulo-sp-brasil/mobiliado,114,True,2,Vila Mariana,"Rua Domingos de Morais, Vila Mariana, São Paulo",50407773,Hall de entrada,corredor,https://www.quintoandar.com.br/img/med/894422296-592.6382298292438IMG1529.jpeg,data/external/quintoandar/images/corredor/894422296_025_50407773_hall_de_entrada.jpeg,True,21108
quintoandar,895030059,https://www.quintoandar.com.br/imovel/895030059/alugar/casa-3-quartos-vila-nina-sao-paulo,https://www.quintoandar.com.br/alugar/imovel/zona-norte-sao-paulo-sp-brasil/mobiliado,300,True,3,Vila Nina,"Rua João Daudt Filho, Vila Nina, São Paulo",71384534,Cozinha,cozinha,https://www.quintoandar.com.br/img/med/original895030059-584.2771763471399Foto161.jpeg,data/external/quintoandar/images/cozinha/895030059_001_71384534_cozinha.jpeg,True,23406
quintoandar,895030059,https://www.quintoandar.com.br/imovel/895030059/alugar/casa-3-quartos-vila-nina-sao-paulo,https://www.quintoandar.com.br/alugar/imovel/zona-norte-sao-paulo-sp-brasil/mobiliado,300,True,3,Vila Nina,"Rua João Daudt Filho, Vila Nina, São Paulo",71384546,Sala,sala,https://www.quintoandar.com.br/img/med/original895030059-299.43087280597933Foto124.jpeg,data/external/quintoandar/images/sala/895030059_002_71384546_sala.jpeg,True,19587
quintoandar,895030059,https://www.quintoandar.com.br/imovel/895030059/alugar/casa-3-quartos-vila-nina-sao-paulo,https://www.quintoandar.com.br/alugar/imovel/zona-norte-sao-paulo-sp-brasil/mobiliado,300,True,3,Vila Nina,"Rua João Daudt Filho, Vila Nina, São Paulo",71384568,Sala,sala,https://www.quintoandar.com.br/img/med/original895030059-740.1445746111849Foto014.jpeg,data/external/quintoandar/images/sala/895030059_003_71384568_sala.jpeg,True,19735
quintoandar,895030059,https://www.quintoandar.com.br/imovel/895030059/alugar/casa-3-quartos-vila-nina-sao-paulo,https://www.quintoandar.com.br/alugar/imovel/zona-norte-sao-paulo-sp-brasil/mobiliado,300,True,3,Vila Nina,"Rua João Daudt Filho, Vila Nina, São Paulo",71384563,Sala,sala,https://www.quintoandar.com.br/img/med/original895030059-602.1175392913403Foto074.jpeg,data/external/quintoandar/images/sala/895030059_004_71384563_sala.jpeg,True,19547
quintoandar,895030059,https://www.quintoandar.com.br/imovel/895030059/alugar/casa-3-quartos-vila-nina-sao-paulo,https://www.quintoandar.com.br/alugar/imovel/zona-norte-sao-paulo-sp-brasil/mobiliado,300,True,3,Vila Nina,"Rua João Daudt Filho, Vila Nina, São Paulo",71384560,Cozinha,cozinha,https://www.quintoandar.com.br/img/med/original895030059-742.2487551903797Foto064.jpeg,data/external/quintoandar/images/cozinha/895030059_005_71384560_cozinha.jpeg,True,19719
quintoandar,895030059,https://www.quintoandar.com.br/imovel/895030059/alugar/casa-3-quartos-vila-nina-sao-paulo,https://www.quintoandar.com.br/alugar/imovel/zona-norte-sao-paulo-sp-brasil/mobiliado,300,True,3,Vila Nina,"Rua João Daudt Filho, Vila Nina, São Paulo",71384542,Cozinha,cozinha,https://www.quintoandar.com.br/img/med/original895030059-971.2936285774599Foto132.jpeg,data/external/quintoandar/images/cozinha/895030059_006_71384542_cozinha.jpeg,True,24617
quintoandar,895030059,https://www.quintoandar.com.br/imovel/895030059/alugar/casa-3-quartos-vila-nina-sao-paulo,https://www.quintoandar.com.br/alugar/imovel/zona-norte-sao-paulo-sp-brasil/mobiliado,300,True,3,Vila Nina,"Rua João Daudt Filho, Vila Nina, São Paulo",71384567,Banheiro,banheiro,https://www.quintoandar.com.br/img/med/original895030059-348.3452888720825Foto034.jpeg,data/external/quintoandar/images/banheiro/895030059_007_71384567_banheiro.jpeg,True,22583
quintoandar,895030059,https://www.quintoandar.com.br/imovel/895030059/alugar/casa-3-quartos-vila-nina-sao-paulo,https://www.quintoandar.com.br/alugar/imovel/zona-norte-sao-paulo-sp-brasil/mobiliado,300,True,3,Vila Nina,"Rua João Daudt Filho, Vila Nina, São Paulo",71384537,Quarto,quarto,https://www.quintoandar.com.br/img/med/original895030059-90.33812558333875Foto141.jpeg,data/external/quintoandar/images/quarto/895030059_008_71384537_quarto.jpeg,True,18680
quintoandar,895030059,https://www.quintoandar.com.br/imovel/895030059/alugar/casa-3-quartos-vila-nina-sao-paulo,https://www.quintoandar.com.br/alugar/imovel/zona-norte-sao-paulo-sp-brasil/mobiliado,300,True,3,Vila Nina,"Rua João Daudt Filho, Vila Nina, São Paulo",71384557,Banheiro,banheiro,https://www.quintoandar.com.br/img/med/original895030059-883.8190562243864Foto093.jpeg,data/external/quintoandar/images/banheiro/895030059_009_71384557_banheiro.jpeg,True,17560
quintoandar,895030059,https://www.quintoandar.com.br/imovel/895030059/alugar/casa-3-quartos-vila-nina-sao-paulo,https://www.quintoandar.com.br/alugar/imovel/zona-norte-sao-paulo-sp-brasil/mobiliado,300,True,3,Vila Nina,"Rua João Daudt Filho, Vila Nina, São Paulo",71384565,Quarto,quarto,https://www.quintoandar.com.br/img/med/original895030059-342.2137215257435Foto044.jpeg,data/external/quintoandar/images/quarto/895030059_010_71384565_quarto.jpeg,True,19849
quintoandar,895030059,https://www.quintoandar.com.br/imovel/895030059/alugar/casa-3-quartos-vila-nina-sao-paulo,https://www.quintoandar.com.br/alugar/imovel/zona-norte-sao-paulo-sp-brasil/mobiliado,300,True,3,Vila Nina,"Rua João Daudt Filho, Vila Nina, São Paulo",71384569,Quarto,quarto,https://www.quintoandar.com.br/img/med/original895030059-158.14813692408836Foto024.jpeg,data/external/quintoandar/images/quarto/895030059_011_71384569_quarto.jpeg,True,17205
quintoandar,895030059,https://www.quintoandar.com.br/imovel/895030059/alugar/casa-3-quartos-vila-nina-sao-paulo,https://www.quintoandar.com.br/alugar/imovel/zona-norte-sao-paulo-sp-brasil/mobiliado,300,True,3,Vila Nina,"Rua João Daudt Filho, Vila Nina, São Paulo",71384566,Salão,sala,https://www.quintoandar.com.br/img/med/original895030059-419.4792490395136Foto054.jpeg,data/external/quintoandar/images/sala/895030059_012_71384566_salao.jpeg,True,15461
quintoandar,895030059,https://www.quintoandar.com.br/imovel/895030059/alugar/casa-3-quartos-vila-nina-sao-paulo,https://www.quintoandar.com.br/alugar/imovel/zona-norte-sao-paulo-sp-brasil/mobiliado,300,True,3,Vila Nina,"Rua João Daudt Filho, Vila Nina, São Paulo",71384555,Salão,sala,https://www.quintoandar.com.br/img/med/original895030059-293.04573143611356Foto105.jpeg,data/external/quintoandar/images/sala/895030059_013_71384555_salao.jpeg,True,18362
quintoandar,895030059,https://www.quintoandar.com.br/imovel/895030059/alugar/casa-3-quartos-vila-nina-sao-paulo,https://www.quintoandar.com.br/alugar/imovel/zona-norte-sao-paulo-sp-brasil/mobiliado,300,True,3,Vila Nina,"Rua João Daudt Filho, Vila Nina, São Paulo",71384539,Garagem,garagem,https://www.quintoandar.com.br/img/med/original895030059-303.5985650432188Foto151.jpeg,data/external/quintoandar/images/garagem/895030059_014_71384539_garagem.jpeg,True,23533
quintoandar,895030059,https://www.quintoandar.com.br/imovel/895030059/alugar/casa-3-quartos-vila-nina-sao-paulo,https://www.quintoandar.com.br/alugar/imovel/zona-norte-sao-paulo-sp-brasil/mobiliado,300,True,3,Vila Nina,"Rua João Daudt Filho, Vila Nina, São Paulo",71384548,Salão,sala,https://www.quintoandar.com.br/img/med/original895030059-487.5932978858819Foto114.jpeg,data/external/quintoandar/images/sala/895030059_015_71384548_salao.jpeg,True,17958
quintoandar,895030059,https://www.quintoandar.com.br/imovel/895030059/alugar/casa-3-quartos-vila-nina-sao-paulo,https://www.quintoandar.com.br/alugar/imovel/zona-norte-sao-paulo-sp-brasil/mobiliado,300,True,3,Vila Nina,"Rua João Daudt Filho, Vila Nina, São Paulo",71384551,Garagem,garagem,https://www.quintoandar.com.br/img/med/original895030059-483.92648978723076Foto084.jpeg,data/external/quintoandar/images/garagem/895030059_016_71384551_garagem.jpeg,True,13262
quintoandar,893893758,https://www.quintoandar.com.br/imovel/893893758/alugar/apartamento-3-quartos-vila-lais-sao-paulo,https://www.quintoandar.com.br/alugar/imovel/zona-leste-sao-paulo-sp-brasil/mobiliado,160,True,3,Vila Ré,"Rua Domingos Silva, Vila Ré, São Paulo",82978083,Sala,sala,https://www.quintoandar.com.br/img/med/original893893758-68.96784867787919IMG0907.jpg,data/external/quintoandar/images/sala/893893758_001_82978083_sala.jpg,True,22478
quintoandar,893893758,https://www.quintoandar.com.br/imovel/893893758/alugar/apartamento-3-quartos-vila-lais-sao-paulo,https://www.quintoandar.com.br/alugar/imovel/zona-leste-sao-paulo-sp-brasil/mobiliado,160,True,3,Vila Ré,"Rua Domingos Silva, Vila Ré, São Paulo",82978073,Sala,sala,https://www.quintoandar.com.br/img/med/original893893758-341.5684153137665IMG0845.jpg,data/external/quintoandar/images/sala/893893758_002_82978073_sala.jpg,True,19448
quintoandar,893893758,https://www.quintoandar.com.br/imovel/893893758/alugar/apartamento-3-quartos-vila-lais-sao-paulo,https://www.quintoandar.com.br/alugar/imovel/zona-leste-sao-paulo-sp-brasil/mobiliado,160,True,3,Vila Ré,"Rua Domingos Silva, Vila Ré, São Paulo",82978074,Sala,sala,https://www.quintoandar.com.br/img/med/original893893758-995.1041950570353IMG0846.jpg,data/external/quintoandar/images/sala/893893758_003_82978074_sala.jpg,True,23544
quintoandar,893893758,https://www.quintoandar.com.br/imovel/893893758/alugar/apartamento-3-quartos-vila-lais-sao-paulo,https://www.quintoandar.com.br/alugar/imovel/zona-leste-sao-paulo-sp-brasil/mobiliado,160,True,3,Vila Ré,"Rua Domingos Silva, Vila Ré, São Paulo",82978075,Sala,sala,https://www.quintoandar.com.br/img/med/original893893758-545.8411826434578IMG0847.jpg,data/external/quintoandar/images/sala/893893758_004_82978075_sala.jpg,True,24056
quintoandar,893893758,https://www.quintoandar.com.br/imovel/893893758/alugar/apartamento-3-quartos-vila-lais-sao-paulo,https://www.quintoandar.com.br/alugar/imovel/zona-leste-sao-paulo-sp-brasil/mobiliado,160,True,3,Vila Ré,"Rua Domingos Silva, Vila Ré, São Paulo",82978077,Sala,sala,https://www.quintoandar.com.br/img/med/original893893758-648.3816364032916IMG0849.jpg,data/external/quintoandar/images/sala/893893758_005_82978077_sala.jpg,True,22430
quintoandar,893893758,https://www.quintoandar.com.br/imovel/893893758/alugar/apartamento-3-quartos-vila-lais-sao-paulo,https://www.quintoandar.com.br/alugar/imovel/zona-leste-sao-paulo-sp-brasil/mobiliado,160,True,3,Vila Ré,"Rua Domingos Silva, Vila Ré, São Paulo",82978079,Sala,sala,https://www.quintoandar.com.br/img/med/original893893758-320.3155116045722IMG0851.jpg,data/external/quintoandar/images/sala/893893758_006_82978079_sala.jpg,True,21774
quintoandar,893893758,https://www.quintoandar.com.br/imovel/893893758/alugar/apartamento-3-quartos-vila-lais-sao-paulo,https://www.quintoandar.com.br/alugar/imovel/zona-leste-sao-paulo-sp-brasil/mobiliado,160,True,3,Vila Ré,"Rua Domingos Silva, Vila Ré, São Paulo",82978130,Sala,sala,https://www.quintoandar.com.br/img/med/original893893758-430.5455531911888IMG0908.jpg,data/external/quintoandar/images/sala/893893758_007_82978130_sala.jpg,True,24447
quintoandar,893893758,https://www.quintoandar.com.br/imovel/893893758/alugar/apartamento-3-quartos-vila-lais-sao-paulo,https://www.quintoandar.com.br/alugar/imovel/zona-leste-sao-paulo-sp-brasil/mobiliado,160,True,3,Vila Ré,"Rua Domingos Silva, Vila Ré, São Paulo",82978080,Sala,sala,https://www.quintoandar.com.br/img/med/original893893758-622.3919368757607IMG0853.jpg,data/external/quintoandar/images/sala/893893758_008_82978080_sala.jpg,True,20122
quintoandar,893893758,https://www.quintoandar.com.br/imovel/893893758/alugar/apartamento-3-quartos-vila-lais-sao-paulo,https://www.quintoandar.com.br/alugar/imovel/zona-leste-sao-paulo-sp-brasil/mobiliado,160,True,3,Vila Ré,"Rua Domingos Silva, Vila Ré, São Paulo",82978081,Sala,sala,https://www.quintoandar.com.br/img/med/original893893758-887.6134595015044IMG0854.jpg,data/external/quintoandar/images/sala/893893758_009_82978081_sala.jpg,True,22849
quintoandar,893893758,https://www.quintoandar.com.br/imovel/893893758/alugar/apartamento-3-quartos-vila-lais-sao-paulo,https://www.quintoandar.com.br/alugar/imovel/zona-leste-sao-paulo-sp-brasil/mobiliado,160,True,3,Vila Ré,"Rua Domingos Silva, Vila Ré, São Paulo",82978082,Sala,sala,https://www.quintoandar.com.br/img/med/original893893758-513.8078258377741IMG0856.jpg,data/external/quintoandar/images/sala/893893758_010_82978082_sala.jpg,True,21517
quintoandar,893893758,https://www.quintoandar.com.br/imovel/893893758/alugar/apartamento-3-quartos-vila-lais-sao-paulo,https://www.quintoandar.com.br/alugar/imovel/zona-leste-sao-paulo-sp-brasil/mobiliado,160,True,3,Vila Ré,"Rua Domingos Silva, Vila Ré, São Paulo",82978123,Sala,sala,https://www.quintoandar.com.br/img/med/original893893758-370.86216323326295IMG0894.jpg,data/external/quintoandar/images/sala/893893758_011_82978123_sala.jpg,True,22895
quintoandar,893893758,https://www.quintoandar.com.br/imovel/893893758/alugar/apartamento-3-quartos-vila-lais-sao-paulo,https://www.quintoandar.com.br/alugar/imovel/zona-leste-sao-paulo-sp-brasil/mobiliado,160,True,3,Vila Ré,"Rua Domingos Silva, Vila Ré, São Paulo",82978109,Lavabo 1,banheiro,https://www.quintoandar.com.br/img/med/original893893758-420.9855126438595IMG0895.jpg,data/external/quintoandar/images/banheiro/893893758_012_82978109_lavabo_1.jpg,True,12851
quintoandar,893893758,https://www.quintoandar.com.br/imovel/893893758/alugar/apartamento-3-quartos-vila-lais-sao-paulo,https://www.quintoandar.com.br/alugar/imovel/zona-leste-sao-paulo-sp-brasil/mobiliado,160,True,3,Vila Ré,"Rua Domingos Silva, Vila Ré, São Paulo",82978112,Lavabo 1,banheiro,https://www.quintoandar.com.br/img/med/original893893758-189.6421384834268IMG0898.jpg,data/external/quintoandar/images/banheiro/893893758_013_82978112_lavabo_1.jpg,True,13517
quintoandar,893893758,https://www.quintoandar.com.br/imovel/893893758/alugar/apartamento-3-quartos-vila-lais-sao-paulo,https://www.quintoandar.com.br/alugar/imovel/zona-leste-sao-paulo-sp-brasil/mobiliado,160,True,3,Vila Ré,"Rua Domingos Silva, Vila Ré, São Paulo",82978113,Lavabo 1,banheiro,https://www.quintoandar.com.br/img/med/original893893758-973.556905380959IMG0899.jpg,data/external/quintoandar/images/banheiro/893893758_014_82978113_lavabo_1.jpg,True,13992
quintoandar,893893758,https://www.quintoandar.com.br/imovel/893893758/alugar/apartamento-3-quartos-vila-lais-sao-paulo,https://www.quintoandar.com.br/alugar/imovel/zona-leste-sao-paulo-sp-brasil/mobiliado,160,True,3,Vila Ré,"Rua Domingos Silva, Vila Ré, São Paulo",82978110,Lavabo 1,banheiro,https://www.quintoandar.com.br/img/med/original893893758-408.2874327106761IMG0896.jpg,data/external/quintoandar/images/banheiro/893893758_015_82978110_lavabo_1.jpg,True,12649
quintoandar,893893758,https://www.quintoandar.com.br/imovel/893893758/alugar/apartamento-3-quartos-vila-lais-sao-paulo,https://www.quintoandar.com.br/alugar/imovel/zona-leste-sao-paulo-sp-brasil/mobiliado,160,True,3,Vila Ré,"Rua Domingos Silva, Vila Ré, São Paulo",82978111,Lavabo 1,banheiro,https://www.quintoandar.com.br/img/med/original893893758-415.17684053388626IMG0897.jpg,data/external/quintoandar/images/banheiro/893893758_016_82978111_lavabo_1.jpg,True,11979
quintoandar,893893758,https://www.quintoandar.com.br/imovel/893893758/alugar/apartamento-3-quartos-vila-lais-sao-paulo,https://www.quintoandar.com.br/alugar/imovel/zona-leste-sao-paulo-sp-brasil/mobiliado,160,True,3,Vila Ré,"Rua Domingos Silva, Vila Ré, São Paulo",82978084,Quarto 1,quarto,https://www.quintoandar.com.br/img/med/original893893758-165.95158754272865IMG0857.jpg,data/external/quintoandar/images/quarto/893893758_017_82978084_quarto_1.jpg,True,16716
quintoandar,893893758,https://www.quintoandar.com.br/imovel/893893758/alugar/apartamento-3-quartos-vila-lais-sao-paulo,https://www.quintoandar.com.br/alugar/imovel/zona-leste-sao-paulo-sp-brasil/mobiliado,160,True,3,Vila Ré,"Rua Domingos Silva, Vila Ré, São Paulo",82978085,Quarto 1,quarto,https://www.quintoandar.com.br/img/med/original893893758-903.9414889670699IMG0858.jpg,data/external/quintoandar/images/quarto/893893758_018_82978085_quarto_1.jpg,True,15593
quintoandar,893893758,https://www.quintoandar.com.br/imovel/893893758/alugar/apartamento-3-quartos-vila-lais-sao-paulo,https://www.quintoandar.com.br/alugar/imovel/zona-leste-sao-paulo-sp-brasil/mobiliado,160,True,3,Vila Ré,"Rua Domingos Silva, Vila Ré, São Paulo",82978086,Quarto 1,quarto,https://www.quintoandar.com.br/img/med/original893893758-743.826488790978IMG0859.jpg,data/external/quintoandar/images/quarto/893893758_019_82978086_quarto_1.jpg,True,15120
quintoandar,893893758,https://www.quintoandar.com.br/imovel/893893758/alugar/apartamento-3-quartos-vila-lais-sao-paulo,https://www.quintoandar.com.br/alugar/imovel/zona-leste-sao-paulo-sp-brasil/mobiliado,160,True,3,Vila Ré,"Rua Domingos Silva, Vila Ré, São Paulo",82978087,Quarto 1,quarto,https://www.quintoandar.com.br/img/med/original893893758-176.38992969043133IMG0860.jpg,data/external/quintoandar/images/quarto/893893758_020_82978087_quarto_1.jpg,True,14154
quintoandar,893893758,https://www.quintoandar.com.br/imovel/893893758/alugar/apartamento-3-quartos-vila-lais-sao-paulo,https://www.quintoandar.com.br/alugar/imovel/zona-leste-sao-paulo-sp-brasil/mobiliado,160,True,3,Vila Ré,"Rua Domingos Silva, Vila Ré, São Paulo",82978088,Quarto 1,quarto,https://www.quintoandar.com.br/img/med/original893893758-83.54927226359277IMG0861.jpg,data/external/quintoandar/images/quarto/893893758_021_82978088_quarto_1.jpg,True,17874
quintoandar,893893758,https://www.quintoandar.com.br/imovel/893893758/alugar/apartamento-3-quartos-vila-lais-sao-paulo,https://www.quintoandar.com.br/alugar/imovel/zona-leste-sao-paulo-sp-brasil/mobiliado,160,True,3,Vila Ré,"Rua Domingos Silva, Vila Ré, São Paulo",82978089,Quarto 2,quarto,https://www.quintoandar.com.br/img/med/original893893758-632.2047540851964IMG0862.jpg,data/external/quintoandar/images/quarto/893893758_022_82978089_quarto_2.jpg,True,18824
quintoandar,893893758,https://www.quintoandar.com.br/imovel/893893758/alugar/apartamento-3-quartos-vila-lais-sao-paulo,https://www.quintoandar.com.br/alugar/imovel/zona-leste-sao-paulo-sp-brasil/mobiliado,160,True,3,Vila Ré,"Rua Domingos Silva, Vila Ré, São Paulo",82978090,Quarto 2,quarto,https://www.quintoandar.com.br/img/med/original893893758-193.6179803386131IMG0863.jpg,data/external/quintoandar/images/quarto/893893758_023_82978090_quarto_2.jpg,True,18085
quintoandar,893893758,https://www.quintoandar.com.br/imovel/893893758/alugar/apartamento-3-quartos-vila-lais-sao-paulo,https://www.quintoandar.com.br/alugar/imovel/zona-leste-sao-paulo-sp-brasil/mobiliado,160,True,3,Vila Ré,"Rua Domingos Silva, Vila Ré, São Paulo",82978091,Quarto 2,quarto,https://www.quintoandar.com.br/img/med/original893893758-138.40774482261654IMG0864.jpg,data/external/quintoandar/images/quarto/893893758_024_82978091_quarto_2.jpg,True,16598
quintoandar,893893758,https://www.quintoandar.com.br/imovel/893893758/alugar/apartamento-3-quartos-vila-lais-sao-paulo,https://www.quintoandar.com.br/alugar/imovel/zona-leste-sao-paulo-sp-brasil/mobiliado,160,True,3,Vila Ré,"Rua Domingos Silva, Vila Ré, São Paulo",82978092,Quarto 2,quarto,https://www.quintoandar.com.br/img/med/original893893758-148.903646302862IMG0865.jpg,data/external/quintoandar/images/quarto/893893758_025_82978092_quarto_2.jpg,True,18344
quintoandar,893893758,https://www.quintoandar.com.br/imovel/893893758/alugar/apartamento-3-quartos-vila-lais-sao-paulo,https://www.quintoandar.com.br/alugar/imovel/zona-leste-sao-paulo-sp-brasil/mobiliado,160,True,3,Vila Ré,"Rua Domingos Silva, Vila Ré, São Paulo",82978093,Quarto 3,quarto,https://www.quintoandar.com.br/img/med/original893893758-304.8508392387304IMG0866.jpg,data/external/quintoandar/images/quarto/893893758_026_82978093_quarto_3.jpg,True,18805
quintoandar,893893758,https://www.quintoandar.com.br/imovel/893893758/alugar/apartamento-3-quartos-vila-lais-sao-paulo,https://www.quintoandar.com.br/alugar/imovel/zona-leste-sao-paulo-sp-brasil/mobiliado,160,True,3,Vila Ré,"Rua Domingos Silva, Vila Ré, São Paulo",82978094,Quarto 3,quarto,https://www.quintoandar.com.br/img/med/original893893758-728.8608178619207IMG0867.jpg,data/external/quintoandar/images/quarto/893893758_027_82978094_quarto_3.jpg,True,19237
quintoandar,893893758,https://www.quintoandar.com.br/imovel/893893758/alugar/apartamento-3-quartos-vila-lais-sao-paulo,https://www.quintoandar.com.br/alugar/imovel/zona-leste-sao-paulo-sp-brasil/mobiliado,160,True,3,Vila Ré,"Rua Domingos Silva, Vila Ré, São Paulo",82978095,Quarto 3,quarto,https://www.quintoandar.com.br/img/med/original893893758-642.0244450723849IMG0868.jpg,data/external/quintoandar/images/quarto/893893758_028_82978095_quarto_3.jpg,True,16578
quintoandar,893893758,https://www.quintoandar.com.br/imovel/893893758/alugar/apartamento-3-quartos-vila-lais-sao-paulo,https://www.quintoandar.com.br/alugar/imovel/zona-leste-sao-paulo-sp-brasil/mobiliado,160,True,3,Vila Ré,"Rua Domingos Silva, Vila Ré, São Paulo",82978096,Quarto 3,quarto,https://www.quintoandar.com.br/img/med/original893893758-920.6900468222468IMG0869.jpg,data/external/quintoandar/images/quarto/893893758_029_82978096_quarto_3.jpg,True,18612
quintoandar,893893758,https://www.quintoandar.com.br/imovel/893893758/alugar/apartamento-3-quartos-vila-lais-sao-paulo,https://www.quintoandar.com.br/alugar/imovel/zona-leste-sao-paulo-sp-brasil/mobiliado,160,True,3,Vila Ré,"Rua Domingos Silva, Vila Ré, São Paulo",82978097,Quarto 3,quarto,https://www.quintoandar.com.br/img/med/original893893758-877.0045576874327IMG0871.jpg,data/external/quintoandar/images/quarto/893893758_030_82978097_quarto_3.jpg,True,17218
quintoandar,893893758,https://www.quintoandar.com.br/imovel/893893758/alugar/apartamento-3-quartos-vila-lais-sao-paulo,https://www.quintoandar.com.br/alugar/imovel/zona-leste-sao-paulo-sp-brasil/mobiliado,160,True,3,Vila Ré,"Rua Domingos Silva, Vila Ré, São Paulo",82978108,Banheiro 1,banheiro,https://www.quintoandar.com.br/img/med/original893893758-358.97171376641654IMG0882.jpg,data/external/quintoandar/images/banheiro/893893758_031_82978108_banheiro_1.jpg,True,19363
quintoandar,893893758,https://www.quintoandar.com.br/imovel/893893758/alugar/apartamento-3-quartos-vila-lais-sao-paulo,https://www.quintoandar.com.br/alugar/imovel/zona-leste-sao-paulo-sp-brasil/mobiliado,160,True,3,Vila Ré,"Rua Domingos Silva, Vila Ré, São Paulo",82978098,Sacada,varanda,https://www.quintoandar.com.br/img/med/original893893758-786.4609981844505IMG0872.jpg,data/external/quintoandar/images/varanda/893893758_032_82978098_sacada.jpg,True,27214
quintoandar,893893758,https://www.quintoandar.com.br/imovel/893893758/alugar/apartamento-3-quartos-vila-lais-sao-paulo,https://www.quintoandar.com.br/alugar/imovel/zona-leste-sao-paulo-sp-brasil/mobiliado,160,True,3,Vila Ré,"Rua Domingos Silva, Vila Ré, São Paulo",82978099,Sacada,varanda,https://www.quintoandar.com.br/img/med/original893893758-963.4344442571208IMG0873.jpg,data/external/quintoandar/images/varanda/893893758_033_82978099_sacada.jpg,True,34807
quintoandar,893893758,https://www.quintoandar.com.br/imovel/893893758/alugar/apartamento-3-quartos-vila-lais-sao-paulo,https://www.quintoandar.com.br/alugar/imovel/zona-leste-sao-paulo-sp-brasil/mobiliado,160,True,3,Vila Ré,"Rua Domingos Silva, Vila Ré, São Paulo",82978100,Sacada,varanda,https://www.quintoandar.com.br/img/med/original893893758-459.3361195703072IMG0874.jpg,data/external/quintoandar/images/varanda/893893758_034_82978100_sacada.jpg,True,27833
quintoandar,893893758,https://www.quintoandar.com.br/imovel/893893758/alugar/apartamento-3-quartos-vila-lais-sao-paulo,https://www.quintoandar.com.br/alugar/imovel/zona-leste-sao-paulo-sp-brasil/mobiliado,160,True,3,Vila Ré,"Rua Domingos Silva, Vila Ré, São Paulo",82978101,Sacada,varanda,https://www.quintoandar.com.br/img/med/original893893758-626.1695672412048IMG0875.jpg,data/external/quintoandar/images/varanda/893893758_035_82978101_sacada.jpg,True,28645
quintoandar,893893758,https://www.quintoandar.com.br/imovel/893893758/alugar/apartamento-3-quartos-vila-lais-sao-paulo,https://www.quintoandar.com.br/alugar/imovel/zona-leste-sao-paulo-sp-brasil/mobiliado,160,True,3,Vila Ré,"Rua Domingos Silva, Vila Ré, São Paulo",82978102,Sacada,varanda,https://www.quintoandar.com.br/img/med/original893893758-448.37256042239113IMG0876.jpg,data/external/quintoandar/images/varanda/893893758_036_82978102_sacada.jpg,True,34018
quintoandar,893893758,https://www.quintoandar.com.br/imovel/893893758/alugar/apartamento-3-quartos-vila-lais-sao-paulo,https://www.quintoandar.com.br/alugar/imovel/zona-leste-sao-paulo-sp-brasil/mobiliado,160,True,3,Vila Ré,"Rua Domingos Silva, Vila Ré, São Paulo",82978103,Banheiro social,banheiro,https://www.quintoandar.com.br/img/med/original893893758-602.1472295981888IMG0877.jpg,data/external/quintoandar/images/banheiro/893893758_037_82978103_banheiro_social.jpg,True,20087
quintoandar,893893758,https://www.quintoandar.com.br/imovel/893893758/alugar/apartamento-3-quartos-vila-lais-sao-paulo,https://www.quintoandar.com.br/alugar/imovel/zona-leste-sao-paulo-sp-brasil/mobiliado,160,True,3,Vila Ré,"Rua Domingos Silva, Vila Ré, São Paulo",82978107,Banheiro social,banheiro,https://www.quintoandar.com.br/img/med/original893893758-947.828067955461IMG0881.jpg,data/external/quintoandar/images/banheiro/893893758_038_82978107_banheiro_social.jpg,True,14638
quintoandar,893893758,https://www.quintoandar.com.br/imovel/893893758/alugar/apartamento-3-quartos-vila-lais-sao-paulo,https://www.quintoandar.com.br/alugar/imovel/zona-leste-sao-paulo-sp-brasil/mobiliado,160,True,3,Vila Ré,"Rua Domingos Silva, Vila Ré, São Paulo",82978106,Banheiro social,banheiro,https://www.quintoandar.com.br/img/med/original893893758-615.2781229170075IMG0880.jpg,data/external/quintoandar/images/banheiro/893893758_039_82978106_banheiro_social.jpg,True,23246
quintoandar,893893758,https://www.quintoandar.com.br/imovel/893893758/alugar/apartamento-3-quartos-vila-lais-sao-paulo,https://www.quintoandar.com.br/alugar/imovel/zona-leste-sao-paulo-sp-brasil/mobiliado,160,True,3,Vila Ré,"Rua Domingos Silva, Vila Ré, São Paulo",82978104,Banheiro social,banheiro,https://www.quintoandar.com.br/img/med/original893893758-527.7898724848649IMG0878.jpg,data/external/quintoandar/images/banheiro/893893758_040_82978104_banheiro_social.jpg,True,20939
quintoandar,893893758,https://www.quintoandar.com.br/imovel/893893758/alugar/apartamento-3-quartos-vila-lais-sao-paulo,https://www.quintoandar.com.br/alugar/imovel/zona-leste-sao-paulo-sp-brasil/mobiliado,160,True,3,Vila Ré,"Rua Domingos Silva, Vila Ré, São Paulo",82978105,Banheiro social,banheiro,https://www.quintoandar.com.br/img/med/original893893758-955.057766407656IMG0879.jpg,data/external/quintoandar/images/banheiro/893893758_041_82978105_banheiro_social.jpg,True,19258
quintoandar,893893758,https://www.quintoandar.com.br/imovel/893893758/alugar/apartamento-3-quartos-vila-lais-sao-paulo,https://www.quintoandar.com.br/alugar/imovel/zona-leste-sao-paulo-sp-brasil/mobiliado,160,True,3,Vila Ré,"Rua Domingos Silva, Vila Ré, São Paulo",82978114,Cozinha,cozinha,https://www.quintoandar.com.br/img/med/original893893758-698.2104711625165IMG0883.jpg,data/external/quintoandar/images/cozinha/893893758_042_82978114_cozinha.jpg,True,15032
quintoandar,893893758,https://www.quintoandar.com.br/imovel/893893758/alugar/apartamento-3-quartos-vila-lais-sao-paulo,https://www.quintoandar.com.br/alugar/imovel/zona-leste-sao-paulo-sp-brasil/mobiliado,160,True,3,Vila Ré,"Rua Domingos Silva, Vila Ré, São Paulo",82978115,Cozinha,cozinha,https://www.quintoandar.com.br/img/med/original893893758-532.966308441096IMG0885.jpg,data/external/quintoandar/images/cozinha/893893758_043_82978115_cozinha.jpg,True,17553
quintoandar,893893758,https://www.quintoandar.com.br/imovel/893893758/alugar/apartamento-3-quartos-vila-lais-sao-paulo,https://www.quintoandar.com.br/alugar/imovel/zona-leste-sao-paulo-sp-brasil/mobiliado,160,True,3,Vila Ré,"Rua Domingos Silva, Vila Ré, São Paulo",82978116,Cozinha,cozinha,https://www.quintoandar.com.br/img/med/original893893758-544.4367425909485IMG0886.jpg,data/external/quintoandar/images/cozinha/893893758_044_82978116_cozinha.jpg,True,28105
quintoandar,893893758,https://www.quintoandar.com.br/imovel/893893758/alugar/apartamento-3-quartos-vila-lais-sao-paulo,https://www.quintoandar.com.br/alugar/imovel/zona-leste-sao-paulo-sp-brasil/mobiliado,160,True,3,Vila Ré,"Rua Domingos Silva, Vila Ré, São Paulo",82978117,Cozinha,cozinha,https://www.quintoandar.com.br/img/med/original893893758-659.7478927217544IMG0887.jpg,data/external/quintoandar/images/cozinha/893893758_045_82978117_cozinha.jpg,True,15452
quintoandar,893893758,https://www.quintoandar.com.br/imovel/893893758/alugar/apartamento-3-quartos-vila-lais-sao-paulo,https://www.quintoandar.com.br/alugar/imovel/zona-leste-sao-paulo-sp-brasil/mobiliado,160,True,3,Vila Ré,"Rua Domingos Silva, Vila Ré, São Paulo",82978118,Cozinha,cozinha,https://www.quintoandar.com.br/img/med/original893893758-934.4162922728223IMG0888.jpg,data/external/quintoandar/images/cozinha/893893758_046_82978118_cozinha.jpg,True,17950
quintoandar,893893758,https://www.quintoandar.com.br/imovel/893893758/alugar/apartamento-3-quartos-vila-lais-sao-paulo,https://www.quintoandar.com.br/alugar/imovel/zona-leste-sao-paulo-sp-brasil/mobiliado,160,True,3,Vila Ré,"Rua Domingos Silva, Vila Ré, São Paulo",82978119,Cozinha,cozinha,https://www.quintoandar.com.br/img/med/original893893758-419.2749283282379IMG0889.jpg,data/external/quintoandar/images/cozinha/893893758_047_82978119_cozinha.jpg,True,16648
quintoandar,893893758,https://www.quintoandar.com.br/imovel/893893758/alugar/apartamento-3-quartos-vila-lais-sao-paulo,https://www.quintoandar.com.br/alugar/imovel/zona-leste-sao-paulo-sp-brasil/mobiliado,160,True,3,Vila Ré,"Rua Domingos Silva, Vila Ré, São Paulo",82978120,Cozinha,cozinha,https://www.quintoandar.com.br/img/med/original893893758-462.1143728275777IMG0890.jpg,data/external/quintoandar/images/cozinha/893893758_048_82978120_cozinha.jpg,True,22917
quintoandar,893893758,https://www.quintoandar.com.br/imovel/893893758/alugar/apartamento-3-quartos-vila-lais-sao-paulo,https://www.quintoandar.com.br/alugar/imovel/zona-leste-sao-paulo-sp-brasil/mobiliado,160,True,3,Vila Ré,"Rua Domingos Silva, Vila Ré, São Paulo",82978121,Cozinha,cozinha,https://www.quintoandar.com.br/img/med/original893893758-778.7807048330495IMG0891.jpg,data/external/quintoandar/images/cozinha/893893758_049_82978121_cozinha.jpg,True,19588
quintoandar,893893758,https://www.quintoandar.com.br/imovel/893893758/alugar/apartamento-3-quartos-vila-lais-sao-paulo,https://www.quintoandar.com.br/alugar/imovel/zona-leste-sao-paulo-sp-brasil/mobiliado,160,True,3,Vila Ré,"Rua Domingos Silva, Vila Ré, São Paulo",82978122,Cozinha,cozinha,https://www.quintoandar.com.br/img/med/original893893758-616.4420871808824IMG0893.jpg,data/external/quintoandar/images/cozinha/893893758_050_82978122_cozinha.jpg,True,27905
quintoandar,893893758,https://www.quintoandar.com.br/imovel/893893758/alugar/apartamento-3-quartos-vila-lais-sao-paulo,https://www.quintoandar.com.br/alugar/imovel/zona-leste-sao-paulo-sp-brasil/mobiliado,160,True,3,Vila Ré,"Rua Domingos Silva, Vila Ré, São Paulo",82978124,Área de Serviço,area_servico,https://www.quintoandar.com.br/img/med/original893893758-314.4851380514022IMG0900.jpg,data/external/quintoandar/images/area_servico/893893758_051_82978124_area_de_servico.jpg,True,12671
quintoandar,893893758,https://www.quintoandar.com.br/imovel/893893758/alugar/apartamento-3-quartos-vila-lais-sao-paulo,https://www.quintoandar.com.br/alugar/imovel/zona-leste-sao-paulo-sp-brasil/mobiliado,160,True,3,Vila Ré,"Rua Domingos Silva, Vila Ré, São Paulo",82978125,Área de Serviço,area_servico,https://www.quintoandar.com.br/img/med/original893893758-202.61434344772056IMG0901.jpg,data/external/quintoandar/images/area_servico/893893758_052_82978125_area_de_servico.jpg,True,14928
quintoandar,893893758,https://www.quintoandar.com.br/imovel/893893758/alugar/apartamento-3-quartos-vila-lais-sao-paulo,https://www.quintoandar.com.br/alugar/imovel/zona-leste-sao-paulo-sp-brasil/mobiliado,160,True,3,Vila Ré,"Rua Domingos Silva, Vila Ré, São Paulo",82978126,Área de Serviço,area_servico,https://www.quintoandar.com.br/img/med/original893893758-139.7481123566493IMG0902.jpg,data/external/quintoandar/images/area_servico/893893758_053_82978126_area_de_servico.jpg,True,13043
quintoandar,893893758,https://www.quintoandar.com.br/imovel/893893758/alugar/apartamento-3-quartos-vila-lais-sao-paulo,https://www.quintoandar.com.br/alugar/imovel/zona-leste-sao-paulo-sp-brasil/mobiliado,160,True,3,Vila Ré,"Rua Domingos Silva, Vila Ré, São Paulo",82978127,Área de Serviço,area_servico,https://www.quintoandar.com.br/img/med/original893893758-439.12220309420957IMG0903.jpg,data/external/quintoandar/images/area_servico/893893758_054_82978127_area_de_servico.jpg,True,15568
quintoandar,893893758,https://www.quintoandar.com.br/imovel/893893758/alugar/apartamento-3-quartos-vila-lais-sao-paulo,https://www.quintoandar.com.br/alugar/imovel/zona-leste-sao-paulo-sp-brasil/mobiliado,160,True,3,Vila Ré,"Rua Domingos Silva, Vila Ré, São Paulo",82978128,Área de Serviço,area_servico,https://www.quintoandar.com.br/img/med/original893893758-133.4970300170901IMG0904.jpg,data/external/quintoandar/images/area_servico/893893758_055_82978128_area_de_servico.jpg,True,21524
quintoandar,893893758,https://www.quintoandar.com.br/imovel/893893758/alugar/apartamento-3-quartos-vila-lais-sao-paulo,https://www.quintoandar.com.br/alugar/imovel/zona-leste-sao-paulo-sp-brasil/mobiliado,160,True,3,Vila Ré,"Rua Domingos Silva, Vila Ré, São Paulo",82978129,Área de Serviço,area_servico,https://www.quintoandar.com.br/img/med/original893893758-375.87318664588054IMG0905.jpg,data/external/quintoandar/images/area_servico/893893758_056_82978129_area_de_servico.jpg,True,14169
quintoandar,893893758,https://www.quintoandar.com.br/imovel/893893758/alugar/apartamento-3-quartos-vila-lais-sao-paulo,https://www.quintoandar.com.br/alugar/imovel/zona-leste-sao-paulo-sp-brasil/mobiliado,160,True,3,Vila Ré,"Rua Domingos Silva, Vila Ré, São Paulo",82978142,Cobertura - Lavabo,banheiro,https://www.quintoandar.com.br/img/med/original893893758-305.11470453827474IMG0923.jpg,data/external/quintoandar/images/banheiro/893893758_068_82978142_cobertura_lavabo.jpg,True,14345
quintoandar,893893758,https://www.quintoandar.com.br/imovel/893893758/alugar/apartamento-3-quartos-vila-lais-sao-paulo,https://www.quintoandar.com.br/alugar/imovel/zona-leste-sao-paulo-sp-brasil/mobiliado,160,True,3,Vila Ré,"Rua Domingos Silva, Vila Ré, São Paulo",82978143,Cobertura - Lavabo,banheiro,https://www.quintoandar.com.br/img/med/original893893758-129.7077827509865IMG0924.jpg,data/external/quintoandar/images/banheiro/893893758_069_82978143_cobertura_lavabo.jpg,True,14183
quintoandar,893893758,https://www.quintoandar.com.br/imovel/893893758/alugar/apartamento-3-quartos-vila-lais-sao-paulo,https://www.quintoandar.com.br/alugar/imovel/zona-leste-sao-paulo-sp-brasil/mobiliado,160,True,3,Vila Ré,"Rua Domingos Silva, Vila Ré, São Paulo",82978144,Cobertura - Lavabo,banheiro,https://www.quintoandar.com.br/img/med/original893893758-332.4146499011927IMG0925.jpg,data/external/quintoandar/images/banheiro/893893758_070_82978144_cobertura_lavabo.jpg,True,10173
quintoandar,893893758,https://www.quintoandar.com.br/imovel/893893758/alugar/apartamento-3-quartos-vila-lais-sao-paulo,https://www.quintoandar.com.br/alugar/imovel/zona-leste-sao-paulo-sp-brasil/mobiliado,160,True,3,Vila Ré,"Rua Domingos Silva, Vila Ré, São Paulo",82978145,Cobertura - Lavabo,banheiro,https://www.quintoandar.com.br/img/med/original893893758-850.3612437359391IMG0926.jpg,data/external/quintoandar/images/banheiro/893893758_071_82978145_cobertura_lavabo.jpg,True,15828
quintoandar,893893758,https://www.quintoandar.com.br/imovel/893893758/alugar/apartamento-3-quartos-vila-lais-sao-paulo,https://www.quintoandar.com.br/alugar/imovel/zona-leste-sao-paulo-sp-brasil/mobiliado,160,True,3,Vila Ré,"Rua Domingos Silva, Vila Ré, São Paulo",82978146,Cobertura - Escritório,escritorio,https://www.quintoandar.com.br/img/med/original893893758-752.1527253168686IMG0927.jpg,data/external/quintoandar/images/escritorio/893893758_072_82978146_cobertura_escritorio.jpg,True,18702
quintoandar,893893758,https://www.quintoandar.com.br/imovel/893893758/alugar/apartamento-3-quartos-vila-lais-sao-paulo,https://www.quintoandar.com.br/alugar/imovel/zona-leste-sao-paulo-sp-brasil/mobiliado,160,True,3,Vila Ré,"Rua Domingos Silva, Vila Ré, São Paulo",82978147,Cobertura - Escritório,escritorio,https://www.quintoandar.com.br/img/med/original893893758-390.7597560444119IMG0928.jpg,data/external/quintoandar/images/escritorio/893893758_073_82978147_cobertura_escritorio.jpg,True,21038
quintoandar,893893758,https://www.quintoandar.com.br/imovel/893893758/alugar/apartamento-3-quartos-vila-lais-sao-paulo,https://www.quintoandar.com.br/alugar/imovel/zona-leste-sao-paulo-sp-brasil/mobiliado,160,True,3,Vila Ré,"Rua Domingos Silva, Vila Ré, São Paulo",82978148,Cobertura - Escritório,escritorio,https://www.quintoandar.com.br/img/med/original893893758-496.80232599183483IMG0930.jpg,data/external/quintoandar/images/escritorio/893893758_074_82978148_cobertura_escritorio.jpg,True,13006
quintoandar,893893758,https://www.quintoandar.com.br/imovel/893893758/alugar/apartamento-3-quartos-vila-lais-sao-paulo,https://www.quintoandar.com.br/alugar/imovel/zona-leste-sao-paulo-sp-brasil/mobiliado,160,True,3,Vila Ré,"Rua Domingos Silva, Vila Ré, São Paulo",82978149,Cobertura - Escritório,escritorio,https://www.quintoandar.com.br/img/med/original893893758-403.53721766054275IMG0931.jpg,data/external/quintoandar/images/escritorio/893893758_075_82978149_cobertura_escritorio.jpg,True,12658
quintoandar,893893758,https://www.quintoandar.com.br/imovel/893893758/alugar/apartamento-3-quartos-vila-lais-sao-paulo,https://www.quintoandar.com.br/alugar/imovel/zona-leste-sao-paulo-sp-brasil/mobiliado,160,True,3,Vila Ré,"Rua Domingos Silva, Vila Ré, São Paulo",60305534,Área Comum  - Salão de Jogos,sala,https://www.quintoandar.com.br/img/med/893893758-538.9782253265764photo2022122020.51.03.jpeg,data/external/quintoandar/images/sala/893893758_076_60305534_area_comum_salao_de_jogos.jpeg,True,13907
quintoandar,893893758,https://www.quintoandar.com.br/imovel/893893758/alugar/apartamento-3-quartos-vila-lais-sao-paulo,https://www.quintoandar.com.br/alugar/imovel/zona-leste-sao-paulo-sp-brasil/mobiliado,160,True,3,Vila Ré,"Rua Domingos Silva, Vila Ré, São Paulo",60305519,Área Comum - Churrasqueira,churrasqueira,https://www.quintoandar.com.br/img/med/893893758-202.52077909605794IMG9171.jpg,data/external/quintoandar/images/churrasqueira/893893758_077_60305519_area_comum_churrasqueira.jpg,True,30681
quintoandar,893893758,https://www.quintoandar.com.br/imovel/893893758/alugar/apartamento-3-quartos-vila-lais-sao-paulo,https://www.quintoandar.com.br/alugar/imovel/zona-leste-sao-paulo-sp-brasil/mobiliado,160,True,3,Vila Ré,"Rua Domingos Silva, Vila Ré, São Paulo",60305516,Área Comum - Salão de Festas,sala,https://www.quintoandar.com.br/img/med/893893758-717.3675840987713IMG1916.jpg,data/external/quintoandar/images/sala/893893758_078_60305516_area_comum_salao_de_festas.jpg,True,15909
quintoandar,893893758,https://www.quintoandar.com.br/imovel/893893758/alugar/apartamento-3-quartos-vila-lais-sao-paulo,https://www.quintoandar.com.br/alugar/imovel/zona-leste-sao-paulo-sp-brasil/mobiliado,160,True,3,Vila Ré,"Rua Domingos Silva, Vila Ré, São Paulo",60305515,Área Comum - Salão de Festas,sala,https://www.quintoandar.com.br/img/med/893893758-36.57891942552427IMG1914.jpg,data/external/quintoandar/images/sala/893893758_079_60305515_area_comum_salao_de_festas.jpg,True,20114
quintoandar,893893758,https://www.quintoandar.com.br/imovel/893893758/alugar/apartamento-3-quartos-vila-lais-sao-paulo,https://www.quintoandar.com.br/alugar/imovel/zona-leste-sao-paulo-sp-brasil/mobiliado,160,True,3,Vila Ré,"Rua Domingos Silva, Vila Ré, São Paulo",60305517,Área Comum - Salão de Festas,sala,https://www.quintoandar.com.br/img/med/893893758-964.6706087692285IMG1917.jpg,data/external/quintoandar/images/sala/893893758_080_60305517_area_comum_salao_de_festas.jpg,True,19091
quintoandar,893893758,https://www.quintoandar.com.br/imovel/893893758/alugar/apartamento-3-quartos-vila-lais-sao-paulo,https://www.quintoandar.com.br/alugar/imovel/zona-leste-sao-paulo-sp-brasil/mobiliado,160,True,3,Vila Ré,"Rua Domingos Silva, Vila Ré, São Paulo",60305533,Área Comum  - Salão de Jogos,sala,https://www.quintoandar.com.br/img/med/893893758-91.16888611351037photo2022122020.51.02.jpeg,data/external/quintoandar/images/sala/893893758_087_60305533_area_comum_salao_de_jogos.jpeg,True,19252
quintoandar,893893758,https://www.quintoandar.com.br/imovel/893893758/alugar/apartamento-3-quartos-vila-lais-sao-paulo,https://www.quintoandar.com.br/alugar/imovel/zona-leste-sao-paulo-sp-brasil/mobiliado,160,True,3,Vila Ré,"Rua Domingos Silva, Vila Ré, São Paulo",60305535,Fachada,area_externa,https://www.quintoandar.com.br/img/med/893893758-756.7745090436355photo2022122020.51.12.jpeg,data/external/quintoandar/images/area_externa/893893758_088_60305535_fachada.jpeg,True,14875
quintoandar,894476809,https://www.quintoandar.com.br/imovel/894476809/alugar/apartamento-3-quartos-penha-sao-paulo,https://www.quintoandar.com.br/alugar/imovel/zona-leste-sao-paulo-sp-brasil/mobiliado,110,True,3,Penha de França,"Praça da Penha, Penha de França, São Paulo",58424280,Sala,sala,https://www.quintoandar.com.br/img/med/894476809-465.5795629402473IMG9934.JPG,data/external/quintoandar/images/sala/894476809_001_58424280_sala.jpg,True,16748
quintoandar,894476809,https://www.quintoandar.com.br/imovel/894476809/alugar/apartamento-3-quartos-penha-sao-paulo,https://www.quintoandar.com.br/alugar/imovel/zona-leste-sao-paulo-sp-brasil/mobiliado,110,True,3,Penha de França,"Praça da Penha, Penha de França, São Paulo",58424282,Sala,sala,https://www.quintoandar.com.br/img/med/894476809-834.358808517119IMG9935.JPG,data/external/quintoandar/images/sala/894476809_002_58424282_sala.jpg,True,13677
quintoandar,894476809,https://www.quintoandar.com.br/imovel/894476809/alugar/apartamento-3-quartos-penha-sao-paulo,https://www.quintoandar.com.br/alugar/imovel/zona-leste-sao-paulo-sp-brasil/mobiliado,110,True,3,Penha de França,"Praça da Penha, Penha de França, São Paulo",58424284,Sala,sala,https://www.quintoandar.com.br/img/med/894476809-982.2929691066166IMG9936.JPG,data/external/quintoandar/images/sala/894476809_003_58424284_sala.jpg,True,17517
quintoandar,894476809,https://www.quintoandar.com.br/imovel/894476809/alugar/apartamento-3-quartos-penha-sao-paulo,https://www.quintoandar.com.br/alugar/imovel/zona-leste-sao-paulo-sp-brasil/mobiliado,110,True,3,Penha de França,"Praça da Penha, Penha de França, São Paulo",58424286,Sala,sala,https://www.quintoandar.com.br/img/med/894476809-909.8122639249764IMG9937.JPG,data/external/quintoandar/images/sala/894476809_004_58424286_sala.jpg,True,20429
quintoandar,894476809,https://www.quintoandar.com.br/imovel/894476809/alugar/apartamento-3-quartos-penha-sao-paulo,https://www.quintoandar.com.br/alugar/imovel/zona-leste-sao-paulo-sp-brasil/mobiliado,110,True,3,Penha de França,"Praça da Penha, Penha de França, São Paulo",58424287,Sala,sala,https://www.quintoandar.com.br/img/med/894476809-751.484127493513IMG9938.JPG,data/external/quintoandar/images/sala/894476809_005_58424287_sala.jpg,True,17692
quintoandar,894476809,https://www.quintoandar.com.br/imovel/894476809/alugar/apartamento-3-quartos-penha-sao-paulo,https://www.quintoandar.com.br/alugar/imovel/zona-leste-sao-paulo-sp-brasil/mobiliado,110,True,3,Penha de França,"Praça da Penha, Penha de França, São Paulo",58424294,Sala,sala,https://www.quintoandar.com.br/img/med/894476809-0.7344212012218021IMG9942.JPG,data/external/quintoandar/images/sala/894476809_006_58424294_sala.jpg,True,13414
quintoandar,894476809,https://www.quintoandar.com.br/imovel/894476809/alugar/apartamento-3-quartos-penha-sao-paulo,https://www.quintoandar.com.br/alugar/imovel/zona-leste-sao-paulo-sp-brasil/mobiliado,110,True,3,Penha de França,"Praça da Penha, Penha de França, São Paulo",58424298,Sala,sala,https://www.quintoandar.com.br/img/med/894476809-863.5018729844447IMG9943.JPG,data/external/quintoandar/images/sala/894476809_007_58424298_sala.jpg,True,16173
quintoandar,894476809,https://www.quintoandar.com.br/imovel/894476809/alugar/apartamento-3-quartos-penha-sao-paulo,https://www.quintoandar.com.br/alugar/imovel/zona-leste-sao-paulo-sp-brasil/mobiliado,110,True,3,Penha de França,"Praça da Penha, Penha de França, São Paulo",58424301,Sala,sala,https://www.quintoandar.com.br/img/med/894476809-88.16362220206841IMG9944.JPG,data/external/quintoandar/images/sala/894476809_008_58424301_sala.jpg,True,16884
quintoandar,894476809,https://www.quintoandar.com.br/imovel/894476809/alugar/apartamento-3-quartos-penha-sao-paulo,https://www.quintoandar.com.br/alugar/imovel/zona-leste-sao-paulo-sp-brasil/mobiliado,110,True,3,Penha de França,"Praça da Penha, Penha de França, São Paulo",58424303,Sala,sala,https://www.quintoandar.com.br/img/med/894476809-780.2191721926447IMG9945.JPG,data/external/quintoandar/images/sala/894476809_009_58424303_sala.jpg,True,19368
quintoandar,894476809,https://www.quintoandar.com.br/imovel/894476809/alugar/apartamento-3-quartos-penha-sao-paulo,https://www.quintoandar.com.br/alugar/imovel/zona-leste-sao-paulo-sp-brasil/mobiliado,110,True,3,Penha de França,"Praça da Penha, Penha de França, São Paulo",58424306,Sala,sala,https://www.quintoandar.com.br/img/med/894476809-375.0859972509637IMG9946.JPG,data/external/quintoandar/images/sala/894476809_010_58424306_sala.jpg,True,15576
quintoandar,894476809,https://www.quintoandar.com.br/imovel/894476809/alugar/apartamento-3-quartos-penha-sao-paulo,https://www.quintoandar.com.br/alugar/imovel/zona-leste-sao-paulo-sp-brasil/mobiliado,110,True,3,Penha de França,"Praça da Penha, Penha de França, São Paulo",58424312,Sala,sala,https://www.quintoandar.com.br/img/med/894476809-681.908860059105IMG9947.JPG,data/external/quintoandar/images/sala/894476809_011_58424312_sala.jpg,True,18865
quintoandar,894476809,https://www.quintoandar.com.br/imovel/894476809/alugar/apartamento-3-quartos-penha-sao-paulo,https://www.quintoandar.com.br/alugar/imovel/zona-leste-sao-paulo-sp-brasil/mobiliado,110,True,3,Penha de França,"Praça da Penha, Penha de França, São Paulo",58424319,Varanda - Sala,sala_varanda,https://www.quintoandar.com.br/img/med/894476809-993.5505955818808IMG9948.JPG,data/external/quintoandar/images/sala_varanda/894476809_012_58424319_varanda_sala.jpg,True,26215
quintoandar,894476809,https://www.quintoandar.com.br/imovel/894476809/alugar/apartamento-3-quartos-penha-sao-paulo,https://www.quintoandar.com.br/alugar/imovel/zona-leste-sao-paulo-sp-brasil/mobiliado,110,True,3,Penha de França,"Praça da Penha, Penha de França, São Paulo",58424289,Varanda - Sala,sala_varanda,https://www.quintoandar.com.br/img/med/894476809-926.8079677302799IMG9940.JPG,data/external/quintoandar/images/sala_varanda/894476809_013_58424289_varanda_sala.jpg,True,33606
quintoandar,894476809,https://www.quintoandar.com.br/imovel/894476809/alugar/apartamento-3-quartos-penha-sao-paulo,https://www.quintoandar.com.br/alugar/imovel/zona-leste-sao-paulo-sp-brasil/mobiliado,110,True,3,Penha de França,"Praça da Penha, Penha de França, São Paulo",58424292,Varanda - Sala,sala_varanda,https://www.quintoandar.com.br/img/med/894476809-202.32900204424075IMG9941.JPG,data/external/quintoandar/images/sala_varanda/894476809_014_58424292_varanda_sala.jpg,True,32607
quintoandar,894476809,https://www.quintoandar.com.br/imovel/894476809/alugar/apartamento-3-quartos-penha-sao-paulo,https://www.quintoandar.com.br/alugar/imovel/zona-leste-sao-paulo-sp-brasil/mobiliado,110,True,3,Penha de França,"Praça da Penha, Penha de França, São Paulo",58424326,Quarto,quarto,https://www.quintoandar.com.br/img/med/894476809-833.7948780542738IMG9953.JPG,data/external/quintoandar/images/quarto/894476809_015_58424326_quarto.jpg,True,13310
quintoandar,894476809,https://www.quintoandar.com.br/imovel/894476809/alugar/apartamento-3-quartos-penha-sao-paulo,https://www.quintoandar.com.br/alugar/imovel/zona-leste-sao-paulo-sp-brasil/mobiliado,110,True,3,Penha de França,"Praça da Penha, Penha de França, São Paulo",58424334,Quarto,quarto,https://www.quintoandar.com.br/img/med/894476809-939.4965428160638IMG9954.JPG,data/external/quintoandar/images/quarto/894476809_016_58424334_quarto.jpg,True,11761
quintoandar,894476809,https://www.quintoandar.com.br/imovel/894476809/alugar/apartamento-3-quartos-penha-sao-paulo,https://www.quintoandar.com.br/alugar/imovel/zona-leste-sao-paulo-sp-brasil/mobiliado,110,True,3,Penha de França,"Praça da Penha, Penha de França, São Paulo",58424341,Quarto,quarto,https://www.quintoandar.com.br/img/med/894476809-207.9931738549773IMG9955.JPG,data/external/quintoandar/images/quarto/894476809_017_58424341_quarto.jpg,True,12478
quintoandar,894476809,https://www.quintoandar.com.br/imovel/894476809/alugar/apartamento-3-quartos-penha-sao-paulo,https://www.quintoandar.com.br/alugar/imovel/zona-leste-sao-paulo-sp-brasil/mobiliado,110,True,3,Penha de França,"Praça da Penha, Penha de França, São Paulo",58424346,Quarto,quarto,https://www.quintoandar.com.br/img/med/894476809-920.6181545345956IMG9957.JPG,data/external/quintoandar/images/quarto/894476809_018_58424346_quarto.jpg,True,10534
quintoandar,894476809,https://www.quintoandar.com.br/imovel/894476809/alugar/apartamento-3-quartos-penha-sao-paulo,https://www.quintoandar.com.br/alugar/imovel/zona-leste-sao-paulo-sp-brasil/mobiliado,110,True,3,Penha de França,"Praça da Penha, Penha de França, São Paulo",58424350,Quarto,quarto,https://www.quintoandar.com.br/img/med/894476809-194.81138276061472IMG9958.JPG,data/external/quintoandar/images/quarto/894476809_019_58424350_quarto.jpg,True,10676
quintoandar,894476809,https://www.quintoandar.com.br/imovel/894476809/alugar/apartamento-3-quartos-penha-sao-paulo,https://www.quintoandar.com.br/alugar/imovel/zona-leste-sao-paulo-sp-brasil/mobiliado,110,True,3,Penha de França,"Praça da Penha, Penha de França, São Paulo",58424355,Quarto 2,quarto,https://www.quintoandar.com.br/img/med/894476809-299.6336320969544IMG9960.JPG,data/external/quintoandar/images/quarto/894476809_020_58424355_quarto_2.jpg,True,10958
quintoandar,894476809,https://www.quintoandar.com.br/imovel/894476809/alugar/apartamento-3-quartos-penha-sao-paulo,https://www.quintoandar.com.br/alugar/imovel/zona-leste-sao-paulo-sp-brasil/mobiliado,110,True,3,Penha de França,"Praça da Penha, Penha de França, São Paulo",58424360,Quarto 2,quarto,https://www.quintoandar.com.br/img/med/894476809-534.9507643473797IMG9961.JPG,data/external/quintoandar/images/quarto/894476809_021_58424360_quarto_2.jpg,True,12411
quintoandar,894476809,https://www.quintoandar.com.br/imovel/894476809/alugar/apartamento-3-quartos-penha-sao-paulo,https://www.quintoandar.com.br/alugar/imovel/zona-leste-sao-paulo-sp-brasil/mobiliado,110,True,3,Penha de França,"Praça da Penha, Penha de França, São Paulo",58424367,Quarto 2,quarto,https://www.quintoandar.com.br/img/med/894476809-17.48745396907303IMG9962.JPG,data/external/quintoandar/images/quarto/894476809_022_58424367_quarto_2.jpg,True,11698
quintoandar,894476809,https://www.quintoandar.com.br/imovel/894476809/alugar/apartamento-3-quartos-penha-sao-paulo,https://www.quintoandar.com.br/alugar/imovel/zona-leste-sao-paulo-sp-brasil/mobiliado,110,True,3,Penha de França,"Praça da Penha, Penha de França, São Paulo",58424371,Quarto 2,quarto,https://www.quintoandar.com.br/img/med/894476809-49.28151326099217IMG9963.JPG,data/external/quintoandar/images/quarto/894476809_023_58424371_quarto_2.jpg,True,10806
quintoandar,894476809,https://www.quintoandar.com.br/imovel/894476809/alugar/apartamento-3-quartos-penha-sao-paulo,https://www.quintoandar.com.br/alugar/imovel/zona-leste-sao-paulo-sp-brasil/mobiliado,110,True,3,Penha de França,"Praça da Penha, Penha de França, São Paulo",58424374,Vista Quarto 2,quarto,https://www.quintoandar.com.br/img/med/894476809-807.4307266462222IMG9965.JPG,data/external/quintoandar/images/quarto/894476809_024_58424374_vista_quarto_2.jpg,True,28673
quintoandar,894476809,https://www.quintoandar.com.br/imovel/894476809/alugar/apartamento-3-quartos-penha-sao-paulo,https://www.quintoandar.com.br/alugar/imovel/zona-leste-sao-paulo-sp-brasil/mobiliado,110,True,3,Penha de França,"Praça da Penha, Penha de França, São Paulo",58424378,Quarto 3,quarto,https://www.quintoandar.com.br/img/med/894476809-729.7162731757352IMG9966.JPG,data/external/quintoandar/images/quarto/894476809_025_58424378_quarto_3.jpg,True,9882
quintoandar,894476809,https://www.quintoandar.com.br/imovel/894476809/alugar/apartamento-3-quartos-penha-sao-paulo,https://www.quintoandar.com.br/alugar/imovel/zona-leste-sao-paulo-sp-brasil/mobiliado,110,True,3,Penha de França,"Praça da Penha, Penha de França, São Paulo",58424383,Quarto 3,quarto,https://www.quintoandar.com.br/img/med/894476809-504.0601984616554IMG9967.JPG,data/external/quintoandar/images/quarto/894476809_026_58424383_quarto_3.jpg,True,12903
quintoandar,894476809,https://www.quintoandar.com.br/imovel/894476809/alugar/apartamento-3-quartos-penha-sao-paulo,https://www.quintoandar.com.br/alugar/imovel/zona-leste-sao-paulo-sp-brasil/mobiliado,110,True,3,Penha de França,"Praça da Penha, Penha de França, São Paulo",58424386,Quarto 3,quarto,https://www.quintoandar.com.br/img/med/894476809-304.32693088142IMG9968.JPG,data/external/quintoandar/images/quarto/894476809_027_58424386_quarto_3.jpg,True,12230
quintoandar,894476809,https://www.quintoandar.com.br/imovel/894476809/alugar/apartamento-3-quartos-penha-sao-paulo,https://www.quintoandar.com.br/alugar/imovel/zona-leste-sao-paulo-sp-brasil/mobiliado,110,True,3,Penha de França,"Praça da Penha, Penha de França, São Paulo",58424395,Vista Quarto 3,quarto,https://www.quintoandar.com.br/img/med/894476809-851.8200824547007IMG9970.JPG,data/external/quintoandar/images/quarto/894476809_028_58424395_vista_quarto_3.jpg,True,25272
quintoandar,894476809,https://www.quintoandar.com.br/imovel/894476809/alugar/apartamento-3-quartos-penha-sao-paulo,https://www.quintoandar.com.br/alugar/imovel/zona-leste-sao-paulo-sp-brasil/mobiliado,110,True,3,Penha de França,"Praça da Penha, Penha de França, São Paulo",58424399,Banheiro,banheiro,https://www.quintoandar.com.br/img/med/894476809-88.07853329319538IMG9971.JPG,data/external/quintoandar/images/banheiro/894476809_029_58424399_banheiro.jpg,True,15642
quintoandar,894476809,https://www.quintoandar.com.br/imovel/894476809/alugar/apartamento-3-quartos-penha-sao-paulo,https://www.quintoandar.com.br/alugar/imovel/zona-leste-sao-paulo-sp-brasil/mobiliado,110,True,3,Penha de França,"Praça da Penha, Penha de França, São Paulo",58424406,Banheiro,banheiro,https://www.quintoandar.com.br/img/med/894476809-429.70334073705106IMG9972.JPG,data/external/quintoandar/images/banheiro/894476809_030_58424406_banheiro.jpg,True,17047
quintoandar,894476809,https://www.quintoandar.com.br/imovel/894476809/alugar/apartamento-3-quartos-penha-sao-paulo,https://www.quintoandar.com.br/alugar/imovel/zona-leste-sao-paulo-sp-brasil/mobiliado,110,True,3,Penha de França,"Praça da Penha, Penha de França, São Paulo",58424412,Banheiro,banheiro,https://www.quintoandar.com.br/img/med/894476809-101.38561880938445IMG9973.JPG,data/external/quintoandar/images/banheiro/894476809_031_58424412_banheiro.jpg,True,14700
quintoandar,894476809,https://www.quintoandar.com.br/imovel/894476809/alugar/apartamento-3-quartos-penha-sao-paulo,https://www.quintoandar.com.br/alugar/imovel/zona-leste-sao-paulo-sp-brasil/mobiliado,110,True,3,Penha de França,"Praça da Penha, Penha de França, São Paulo",58424420,Banheiro,banheiro,https://www.quintoandar.com.br/img/med/894476809-377.82890187493643IMG9974.JPG,data/external/quintoandar/images/banheiro/894476809_032_58424420_banheiro.jpg,True,14459
quintoandar,894476809,https://www.quintoandar.com.br/imovel/894476809/alugar/apartamento-3-quartos-penha-sao-paulo,https://www.quintoandar.com.br/alugar/imovel/zona-leste-sao-paulo-sp-brasil/mobiliado,110,True,3,Penha de França,"Praça da Penha, Penha de França, São Paulo",58424426,Banheiro,banheiro,https://www.quintoandar.com.br/img/med/894476809-227.76022420772225IMG9975.JPG,data/external/quintoandar/images/banheiro/894476809_033_58424426_banheiro.jpg,True,14450
quintoandar,894476809,https://www.quintoandar.com.br/imovel/894476809/alugar/apartamento-3-quartos-penha-sao-paulo,https://www.quintoandar.com.br/alugar/imovel/zona-leste-sao-paulo-sp-brasil/mobiliado,110,True,3,Penha de França,"Praça da Penha, Penha de França, São Paulo",58424435,Corredor,corredor,https://www.quintoandar.com.br/img/med/894476809-797.5423887708292IMG9976.JPG,data/external/quintoandar/images/corredor/894476809_034_58424435_corredor.jpg,True,11688
quintoandar,894476809,https://www.quintoandar.com.br/imovel/894476809/alugar/apartamento-3-quartos-penha-sao-paulo,https://www.quintoandar.com.br/alugar/imovel/zona-leste-sao-paulo-sp-brasil/mobiliado,110,True,3,Penha de França,"Praça da Penha, Penha de França, São Paulo",58424443,Corredor,corredor,https://www.quintoandar.com.br/img/med/894476809-908.9976754306136IMG9980.JPG,data/external/quintoandar/images/corredor/894476809_035_58424443_corredor.jpg,True,13551
quintoandar,894476809,https://www.quintoandar.com.br/imovel/894476809/alugar/apartamento-3-quartos-penha-sao-paulo,https://www.quintoandar.com.br/alugar/imovel/zona-leste-sao-paulo-sp-brasil/mobiliado,110,True,3,Penha de França,"Praça da Penha, Penha de França, São Paulo",58424452,Banheiro 2,banheiro,https://www.quintoandar.com.br/img/med/894476809-868.2192491216448IMG9981.JPG,data/external/quintoandar/images/banheiro/894476809_036_58424452_banheiro_2.jpg,True,18538
quintoandar,894476809,https://www.quintoandar.com.br/imovel/894476809/alugar/apartamento-3-quartos-penha-sao-paulo,https://www.quintoandar.com.br/alugar/imovel/zona-leste-sao-paulo-sp-brasil/mobiliado,110,True,3,Penha de França,"Praça da Penha, Penha de França, São Paulo",58424463,Banheiro 2,banheiro,https://www.quintoandar.com.br/img/med/894476809-215.27223052421107IMG9982.JPG,data/external/quintoandar/images/banheiro/894476809_037_58424463_banheiro_2.jpg,True,18638
quintoandar,894476809,https://www.quintoandar.com.br/imovel/894476809/alugar/apartamento-3-quartos-penha-sao-paulo,https://www.quintoandar.com.br/alugar/imovel/zona-leste-sao-paulo-sp-brasil/mobiliado,110,True,3,Penha de França,"Praça da Penha, Penha de França, São Paulo",58424474,Banheiro 2,banheiro,https://www.quintoandar.com.br/img/med/894476809-835.6554192150384IMG9983.JPG,data/external/quintoandar/images/banheiro/894476809_038_58424474_banheiro_2.jpg,True,18223
quintoandar,894476809,https://www.quintoandar.com.br/imovel/894476809/alugar/apartamento-3-quartos-penha-sao-paulo,https://www.quintoandar.com.br/alugar/imovel/zona-leste-sao-paulo-sp-brasil/mobiliado,110,True,3,Penha de França,"Praça da Penha, Penha de França, São Paulo",58424482,Banheiro 2,banheiro,https://www.quintoandar.com.br/img/med/894476809-935.9114587867591IMG9984.JPG,data/external/quintoandar/images/banheiro/894476809_039_58424482_banheiro_2.jpg,True,17986
quintoandar,894476809,https://www.quintoandar.com.br/imovel/894476809/alugar/apartamento-3-quartos-penha-sao-paulo,https://www.quintoandar.com.br/alugar/imovel/zona-leste-sao-paulo-sp-brasil/mobiliado,110,True,3,Penha de França,"Praça da Penha, Penha de França, São Paulo",58424490,Banheiro 2,banheiro,https://www.quintoandar.com.br/img/med/894476809-827.6273353018564IMG9986.JPG,data/external/quintoandar/images/banheiro/894476809_040_58424490_banheiro_2.jpg,True,17603
quintoandar,894476809,https://www.quintoandar.com.br/imovel/894476809/alugar/apartamento-3-quartos-penha-sao-paulo,https://www.quintoandar.com.br/alugar/imovel/zona-leste-sao-paulo-sp-brasil/mobiliado,110,True,3,Penha de França,"Praça da Penha, Penha de França, São Paulo",58424500,Cozinha,cozinha,https://www.quintoandar.com.br/img/med/894476809-436.0467873907001IMG9987.JPG,data/external/quintoandar/images/cozinha/894476809_041_58424500_cozinha.jpg,True,21506
quintoandar,894476809,https://www.quintoandar.com.br/imovel/894476809/alugar/apartamento-3-quartos-penha-sao-paulo,https://www.quintoandar.com.br/alugar/imovel/zona-leste-sao-paulo-sp-brasil/mobiliado,110,True,3,Penha de França,"Praça da Penha, Penha de França, São Paulo",58424504,Cozinha,cozinha,https://www.quintoandar.com.br/img/med/894476809-226.58544901228373IMG9988.JPG,data/external/quintoandar/images/cozinha/894476809_042_58424504_cozinha.jpg,True,18049
quintoandar,894476809,https://www.quintoandar.com.br/imovel/894476809/alugar/apartamento-3-quartos-penha-sao-paulo,https://www.quintoandar.com.br/alugar/imovel/zona-leste-sao-paulo-sp-brasil/mobiliado,110,True,3,Penha de França,"Praça da Penha, Penha de França, São Paulo",58424507,Cozinha,cozinha,https://www.quintoandar.com.br/img/med/894476809-131.51954328556613IMG9989.JPG,data/external/quintoandar/images/cozinha/894476809_043_58424507_cozinha.jpg,True,23276
quintoandar,894476809,https://www.quintoandar.com.br/imovel/894476809/alugar/apartamento-3-quartos-penha-sao-paulo,https://www.quintoandar.com.br/alugar/imovel/zona-leste-sao-paulo-sp-brasil/mobiliado,110,True,3,Penha de França,"Praça da Penha, Penha de França, São Paulo",58424509,Cozinha,cozinha,https://www.quintoandar.com.br/img/med/894476809-435.90863565960814IMG9991.JPG,data/external/quintoandar/images/cozinha/894476809_044_58424509_cozinha.jpg,True,21001
quintoandar,894476809,https://www.quintoandar.com.br/imovel/894476809/alugar/apartamento-3-quartos-penha-sao-paulo,https://www.quintoandar.com.br/alugar/imovel/zona-leste-sao-paulo-sp-brasil/mobiliado,110,True,3,Penha de França,"Praça da Penha, Penha de França, São Paulo",58424511,Cozinha,cozinha,https://www.quintoandar.com.br/img/med/894476809-935.4763231998701IMG9992.JPG,data/external/quintoandar/images/cozinha/894476809_045_58424511_cozinha.jpg,True,26632
quintoandar,894476809,https://www.quintoandar.com.br/imovel/894476809/alugar/apartamento-3-quartos-penha-sao-paulo,https://www.quintoandar.com.br/alugar/imovel/zona-leste-sao-paulo-sp-brasil/mobiliado,110,True,3,Penha de França,"Praça da Penha, Penha de França, São Paulo",58424517,Área de Serviço,area_servico,https://www.quintoandar.com.br/img/med/894476809-138.25285114051IMG9994.JPG,data/external/quintoandar/images/area_servico/894476809_046_58424517_area_de_servico.jpg,True,18763
quintoandar,894476809,https://www.quintoandar.com.br/imovel/894476809/alugar/apartamento-3-quartos-penha-sao-paulo,https://www.quintoandar.com.br/alugar/imovel/zona-leste-sao-paulo-sp-brasil/mobiliado,110,True,3,Penha de França,"Praça da Penha, Penha de França, São Paulo",58424518,Área de Serviço,area_servico,https://www.quintoandar.com.br/img/med/894476809-981.4343790993395IMG9995.JPG,data/external/quintoandar/images/area_servico/894476809_047_58424518_area_de_servico.jpg,True,22137
quintoandar,894476809,https://www.quintoandar.com.br/imovel/894476809/alugar/apartamento-3-quartos-penha-sao-paulo,https://www.quintoandar.com.br/alugar/imovel/zona-leste-sao-paulo-sp-brasil/mobiliado,110,True,3,Penha de França,"Praça da Penha, Penha de França, São Paulo",58424520,Área de Serviço,area_servico,https://www.quintoandar.com.br/img/med/894476809-454.483010554265IMG9996.JPG,data/external/quintoandar/images/area_servico/894476809_048_58424520_area_de_servico.jpg,True,16321
quintoandar,894476809,https://www.quintoandar.com.br/imovel/894476809/alugar/apartamento-3-quartos-penha-sao-paulo,https://www.quintoandar.com.br/alugar/imovel/zona-leste-sao-paulo-sp-brasil/mobiliado,110,True,3,Penha de França,"Praça da Penha, Penha de França, São Paulo",58424526,Área de Serviço,area_servico,https://www.quintoandar.com.br/img/med/894476809-705.5536727173788IMG9997.JPG,data/external/quintoandar/images/area_servico/894476809_049_58424526_area_de_servico.jpg,True,24578
quintoandar,894476809,https://www.quintoandar.com.br/imovel/894476809/alugar/apartamento-3-quartos-penha-sao-paulo,https://www.quintoandar.com.br/alugar/imovel/zona-leste-sao-paulo-sp-brasil/mobiliado,110,True,3,Penha de França,"Praça da Penha, Penha de França, São Paulo",58424530,Área de Serviço,area_servico,https://www.quintoandar.com.br/img/med/894476809-484.772222725657IMG9998.JPG,data/external/quintoandar/images/area_servico/894476809_050_58424530_area_de_servico.jpg,True,19744
quintoandar,894476809,https://www.quintoandar.com.br/imovel/894476809/alugar/apartamento-3-quartos-penha-sao-paulo,https://www.quintoandar.com.br/alugar/imovel/zona-leste-sao-paulo-sp-brasil/mobiliado,110,True,3,Penha de França,"Praça da Penha, Penha de França, São Paulo",58424535,Área de Serviço,area_servico,https://www.quintoandar.com.br/img/med/894476809-598.0038548124454IMG9999.JPG,data/external/quintoandar/images/area_servico/894476809_051_58424535_area_de_servico.jpg,True,20770
quintoandar,894476809,https://www.quintoandar.com.br/imovel/894476809/alugar/apartamento-3-quartos-penha-sao-paulo,https://www.quintoandar.com.br/alugar/imovel/zona-leste-sao-paulo-sp-brasil/mobiliado,110,True,3,Penha de França,"Praça da Penha, Penha de França, São Paulo",58424558,Área de Serviço,area_servico,https://www.quintoandar.com.br/img/med/894476809-76.90386937454996IMG0001.JPG,data/external/quintoandar/images/area_servico/894476809_052_58424558_area_de_servico.jpg,True,19506
quintoandar,894476809,https://www.quintoandar.com.br/imovel/894476809/alugar/apartamento-3-quartos-penha-sao-paulo,https://www.quintoandar.com.br/alugar/imovel/zona-leste-sao-paulo-sp-brasil/mobiliado,110,True,3,Penha de França,"Praça da Penha, Penha de França, São Paulo",58424577,Fachada,area_externa,https://www.quintoandar.com.br/img/med/894476809-247.08355493962776IMG0006.JPG,data/external/quintoandar/images/area_externa/894476809_055_58424577_fachada.jpg,True,36033
quintoandar,895152624,https://www.quintoandar.com.br/imovel/895152624/alugar/casa-4-quartos-vila-gomes-cardim-sao-paulo,https://www.quintoandar.com.br/alugar/imovel/zona-leste-sao-paulo-sp-brasil/mobiliado,320,True,4,Tatuapé,"Rua Euclides Pacheco, Tatuapé, São Paulo",75963532,Sala,sala,https://www.quintoandar.com.br/img/med/original895152624-736.6404857088822DSCF1367.JPG,data/external/quintoandar/images/sala/895152624_001_75963532_sala.jpg,True,18976
quintoandar,895152624,https://www.quintoandar.com.br/imovel/895152624/alugar/casa-4-quartos-vila-gomes-cardim-sao-paulo,https://www.quintoandar.com.br/alugar/imovel/zona-leste-sao-paulo-sp-brasil/mobiliado,320,True,4,Tatuapé,"Rua Euclides Pacheco, Tatuapé, São Paulo",75963535,Sala,sala,https://www.quintoandar.com.br/img/med/original895152624-217.6917326801383DSCF1368.JPG,data/external/quintoandar/images/sala/895152624_002_75963535_sala.jpg,True,19319
quintoandar,895152624,https://www.quintoandar.com.br/imovel/895152624/alugar/casa-4-quartos-vila-gomes-cardim-sao-paulo,https://www.quintoandar.com.br/alugar/imovel/zona-leste-sao-paulo-sp-brasil/mobiliado,320,True,4,Tatuapé,"Rua Euclides Pacheco, Tatuapé, São Paulo",75963537,Sala,sala,https://www.quintoandar.com.br/img/med/original895152624-954.3048626008124DSCF1369.JPG,data/external/quintoandar/images/sala/895152624_003_75963537_sala.jpg,True,16076
quintoandar,895152624,https://www.quintoandar.com.br/imovel/895152624/alugar/casa-4-quartos-vila-gomes-cardim-sao-paulo,https://www.quintoandar.com.br/alugar/imovel/zona-leste-sao-paulo-sp-brasil/mobiliado,320,True,4,Tatuapé,"Rua Euclides Pacheco, Tatuapé, São Paulo",75963539,Sala,sala,https://www.quintoandar.com.br/img/med/original895152624-555.7016316695374DSCF1370.JPG,data/external/quintoandar/images/sala/895152624_004_75963539_sala.jpg,True,16706
quintoandar,895152624,https://www.quintoandar.com.br/imovel/895152624/alugar/casa-4-quartos-vila-gomes-cardim-sao-paulo,https://www.quintoandar.com.br/alugar/imovel/zona-leste-sao-paulo-sp-brasil/mobiliado,320,True,4,Tatuapé,"Rua Euclides Pacheco, Tatuapé, São Paulo",75963541,Sala,sala,https://www.quintoandar.com.br/img/med/original895152624-391.68847038333945DSCF1371.JPG,data/external/quintoandar/images/sala/895152624_005_75963541_sala.jpg,True,20108
quintoandar,895152624,https://www.quintoandar.com.br/imovel/895152624/alugar/casa-4-quartos-vila-gomes-cardim-sao-paulo,https://www.quintoandar.com.br/alugar/imovel/zona-leste-sao-paulo-sp-brasil/mobiliado,320,True,4,Tatuapé,"Rua Euclides Pacheco, Tatuapé, São Paulo",75963543,Sala,sala,https://www.quintoandar.com.br/img/med/original895152624-774.1522714704752DSCF1372.JPG,data/external/quintoandar/images/sala/895152624_006_75963543_sala.jpg,True,17960
quintoandar,895152624,https://www.quintoandar.com.br/imovel/895152624/alugar/casa-4-quartos-vila-gomes-cardim-sao-paulo,https://www.quintoandar.com.br/alugar/imovel/zona-leste-sao-paulo-sp-brasil/mobiliado,320,True,4,Tatuapé,"Rua Euclides Pacheco, Tatuapé, São Paulo",75963546,Sala,sala,https://www.quintoandar.com.br/img/med/original895152624-449.04999823302427DSCF1373.JPG,data/external/quintoandar/images/sala/895152624_007_75963546_sala.jpg,True,23746
quintoandar,895152624,https://www.quintoandar.com.br/imovel/895152624/alugar/casa-4-quartos-vila-gomes-cardim-sao-paulo,https://www.quintoandar.com.br/alugar/imovel/zona-leste-sao-paulo-sp-brasil/mobiliado,320,True,4,Tatuapé,"Rua Euclides Pacheco, Tatuapé, São Paulo",75963548,Sala,sala,https://www.quintoandar.com.br/img/med/original895152624-245.20550934349882DSCF1374.JPG,data/external/quintoandar/images/sala/895152624_008_75963548_sala.jpg,True,18565
quintoandar,895152624,https://www.quintoandar.com.br/imovel/895152624/alugar/casa-4-quartos-vila-gomes-cardim-sao-paulo,https://www.quintoandar.com.br/alugar/imovel/zona-leste-sao-paulo-sp-brasil/mobiliado,320,True,4,Tatuapé,"Rua Euclides Pacheco, Tatuapé, São Paulo",75963550,Sala,sala,https://www.quintoandar.com.br/img/med/original895152624-601.9895007216649DSCF1375.JPG,data/external/quintoandar/images/sala/895152624_009_75963550_sala.jpg,True,14841
quintoandar,895152624,https://www.quintoandar.com.br/imovel/895152624/alugar/casa-4-quartos-vila-gomes-cardim-sao-paulo,https://www.quintoandar.com.br/alugar/imovel/zona-leste-sao-paulo-sp-brasil/mobiliado,320,True,4,Tatuapé,"Rua Euclides Pacheco, Tatuapé, São Paulo",75963553,Sala,sala,https://www.quintoandar.com.br/img/med/original895152624-822.0600622355236DSCF1376.JPG,data/external/quintoandar/images/sala/895152624_010_75963553_sala.jpg,True,19913
quintoandar,895152624,https://www.quintoandar.com.br/imovel/895152624/alugar/casa-4-quartos-vila-gomes-cardim-sao-paulo,https://www.quintoandar.com.br/alugar/imovel/zona-leste-sao-paulo-sp-brasil/mobiliado,320,True,4,Tatuapé,"Rua Euclides Pacheco, Tatuapé, São Paulo",75963555,Lavabo,banheiro,https://www.quintoandar.com.br/img/med/original895152624-282.69981021067804DSCF1377.JPG,data/external/quintoandar/images/banheiro/895152624_011_75963555_lavabo.jpg,True,18577
quintoandar,895152624,https://www.quintoandar.com.br/imovel/895152624/alugar/casa-4-quartos-vila-gomes-cardim-sao-paulo,https://www.quintoandar.com.br/alugar/imovel/zona-leste-sao-paulo-sp-brasil/mobiliado,320,True,4,Tatuapé,"Rua Euclides Pacheco, Tatuapé, São Paulo",75963557,Lavabo,banheiro,https://www.quintoandar.com.br/img/med/original895152624-610.884421126166DSCF1378.JPG,data/external/quintoandar/images/banheiro/895152624_012_75963557_lavabo.jpg,True,15866
quintoandar,895152624,https://www.quintoandar.com.br/imovel/895152624/alugar/casa-4-quartos-vila-gomes-cardim-sao-paulo,https://www.quintoandar.com.br/alugar/imovel/zona-leste-sao-paulo-sp-brasil/mobiliado,320,True,4,Tatuapé,"Rua Euclides Pacheco, Tatuapé, São Paulo",75963559,Lavabo,banheiro,https://www.quintoandar.com.br/img/med/original895152624-733.4657624171657DSCF1379.JPG,data/external/quintoandar/images/banheiro/895152624_013_75963559_lavabo.jpg,True,15675
quintoandar,895152624,https://www.quintoandar.com.br/imovel/895152624/alugar/casa-4-quartos-vila-gomes-cardim-sao-paulo,https://www.quintoandar.com.br/alugar/imovel/zona-leste-sao-paulo-sp-brasil/mobiliado,320,True,4,Tatuapé,"Rua Euclides Pacheco, Tatuapé, São Paulo",75963563,Lavabo,banheiro,https://www.quintoandar.com.br/img/med/original895152624-309.50558393562255DSCF1380.JPG,data/external/quintoandar/images/banheiro/895152624_014_75963563_lavabo.jpg,True,15091
quintoandar,895152624,https://www.quintoandar.com.br/imovel/895152624/alugar/casa-4-quartos-vila-gomes-cardim-sao-paulo,https://www.quintoandar.com.br/alugar/imovel/zona-leste-sao-paulo-sp-brasil/mobiliado,320,True,4,Tatuapé,"Rua Euclides Pacheco, Tatuapé, São Paulo",75963565,Escritório,escritorio,https://www.quintoandar.com.br/img/med/original895152624-160.72891158357294DSCF1381.JPG,data/external/quintoandar/images/escritorio/895152624_015_75963565_escritorio.jpg,True,13905
quintoandar,895152624,https://www.quintoandar.com.br/imovel/895152624/alugar/casa-4-quartos-vila-gomes-cardim-sao-paulo,https://www.quintoandar.com.br/alugar/imovel/zona-leste-sao-paulo-sp-brasil/mobiliado,320,True,4,Tatuapé,"Rua Euclides Pacheco, Tatuapé, São Paulo",75963568,Escritório,escritorio,https://www.quintoandar.com.br/img/med/original895152624-790.737442173271DSCF1382.JPG,data/external/quintoandar/images/escritorio/895152624_016_75963568_escritorio.jpg,True,9337
quintoandar,895152624,https://www.quintoandar.com.br/imovel/895152624/alugar/casa-4-quartos-vila-gomes-cardim-sao-paulo,https://www.quintoandar.com.br/alugar/imovel/zona-leste-sao-paulo-sp-brasil/mobiliado,320,True,4,Tatuapé,"Rua Euclides Pacheco, Tatuapé, São Paulo",75963570,Escritório,escritorio,https://www.quintoandar.com.br/img/med/original895152624-676.441310550911DSCF1383.JPG,data/external/quintoandar/images/escritorio/895152624_017_75963570_escritorio.jpg,True,8611
quintoandar,895152624,https://www.quintoandar.com.br/imovel/895152624/alugar/casa-4-quartos-vila-gomes-cardim-sao-paulo,https://www.quintoandar.com.br/alugar/imovel/zona-leste-sao-paulo-sp-brasil/mobiliado,320,True,4,Tatuapé,"Rua Euclides Pacheco, Tatuapé, São Paulo",75963573,Escritório,escritorio,https://www.quintoandar.com.br/img/med/original895152624-504.41004384596675DSCF1384.JPG,data/external/quintoandar/images/escritorio/895152624_018_75963573_escritorio.jpg,True,10639
quintoandar,895152624,https://www.quintoandar.com.br/imovel/895152624/alugar/casa-4-quartos-vila-gomes-cardim-sao-paulo,https://www.quintoandar.com.br/alugar/imovel/zona-leste-sao-paulo-sp-brasil/mobiliado,320,True,4,Tatuapé,"Rua Euclides Pacheco, Tatuapé, São Paulo",75963575,Jardim de Inverno,jardim,https://www.quintoandar.com.br/img/med/original895152624-662.5502322191583DSCF1385.JPG,data/external/quintoandar/images/jardim/895152624_019_75963575_jardim_de_inverno.jpg,True,21206
quintoandar,895152624,https://www.quintoandar.com.br/imovel/895152624/alugar/casa-4-quartos-vila-gomes-cardim-sao-paulo,https://www.quintoandar.com.br/alugar/imovel/zona-leste-sao-paulo-sp-brasil/mobiliado,320,True,4,Tatuapé,"Rua Euclides Pacheco, Tatuapé, São Paulo",75963577,Jardim de Inverno,jardim,https://www.quintoandar.com.br/img/med/original895152624-224.6357201854009DSCF1386.JPG,data/external/quintoandar/images/jardim/895152624_020_75963577_jardim_de_inverno.jpg,True,21182
quintoandar,895152624,https://www.quintoandar.com.br/imovel/895152624/alugar/casa-4-quartos-vila-gomes-cardim-sao-paulo,https://www.quintoandar.com.br/alugar/imovel/zona-leste-sao-paulo-sp-brasil/mobiliado,320,True,4,Tatuapé,"Rua Euclides Pacheco, Tatuapé, São Paulo",75963580,Jardim de Inverno,jardim,https://www.quintoandar.com.br/img/med/original895152624-462.9113453273376DSCF1387.JPG,data/external/quintoandar/images/jardim/895152624_021_75963580_jardim_de_inverno.jpg,True,16865
quintoandar,895152624,https://www.quintoandar.com.br/imovel/895152624/alugar/casa-4-quartos-vila-gomes-cardim-sao-paulo,https://www.quintoandar.com.br/alugar/imovel/zona-leste-sao-paulo-sp-brasil/mobiliado,320,True,4,Tatuapé,"Rua Euclides Pacheco, Tatuapé, São Paulo",75963583,Jardim de Inverno,jardim,https://www.quintoandar.com.br/img/med/original895152624-883.1259424929539DSCF1388.JPG,data/external/quintoandar/images/jardim/895152624_022_75963583_jardim_de_inverno.jpg,True,19483
quintoandar,895152624,https://www.quintoandar.com.br/imovel/895152624/alugar/casa-4-quartos-vila-gomes-cardim-sao-paulo,https://www.quintoandar.com.br/alugar/imovel/zona-leste-sao-paulo-sp-brasil/mobiliado,320,True,4,Tatuapé,"Rua Euclides Pacheco, Tatuapé, São Paulo",75963585,Jardim de Inverno,jardim,https://www.quintoandar.com.br/img/med/original895152624-203.87962215649523DSCF1389.JPG,data/external/quintoandar/images/jardim/895152624_023_75963585_jardim_de_inverno.jpg,True,27220
quintoandar,895152624,https://www.quintoandar.com.br/imovel/895152624/alugar/casa-4-quartos-vila-gomes-cardim-sao-paulo,https://www.quintoandar.com.br/alugar/imovel/zona-leste-sao-paulo-sp-brasil/mobiliado,320,True,4,Tatuapé,"Rua Euclides Pacheco, Tatuapé, São Paulo",75963587,Cozinha,cozinha,https://www.quintoandar.com.br/img/med/original895152624-631.3973832099653DSCF1390.JPG,data/external/quintoandar/images/cozinha/895152624_024_75963587_cozinha.jpg,True,17717
quintoandar,895152624,https://www.quintoandar.com.br/imovel/895152624/alugar/casa-4-quartos-vila-gomes-cardim-sao-paulo,https://www.quintoandar.com.br/alugar/imovel/zona-leste-sao-paulo-sp-brasil/mobiliado,320,True,4,Tatuapé,"Rua Euclides Pacheco, Tatuapé, São Paulo",75963589,Cozinha,cozinha,https://www.quintoandar.com.br/img/med/original895152624-386.88787082807397DSCF1391.JPG,data/external/quintoandar/images/cozinha/895152624_025_75963589_cozinha.jpg,True,18861
quintoandar,895152624,https://www.quintoandar.com.br/imovel/895152624/alugar/casa-4-quartos-vila-gomes-cardim-sao-paulo,https://www.quintoandar.com.br/alugar/imovel/zona-leste-sao-paulo-sp-brasil/mobiliado,320,True,4,Tatuapé,"Rua Euclides Pacheco, Tatuapé, São Paulo",75963592,Cozinha,cozinha,https://www.quintoandar.com.br/img/med/original895152624-975.9506500767816DSCF1392.JPG,data/external/quintoandar/images/cozinha/895152624_026_75963592_cozinha.jpg,True,20756
quintoandar,895152624,https://www.quintoandar.com.br/imovel/895152624/alugar/casa-4-quartos-vila-gomes-cardim-sao-paulo,https://www.quintoandar.com.br/alugar/imovel/zona-leste-sao-paulo-sp-brasil/mobiliado,320,True,4,Tatuapé,"Rua Euclides Pacheco, Tatuapé, São Paulo",75963596,Cozinha,cozinha,https://www.quintoandar.com.br/img/med/original895152624-22.960235058046564DSCF1394.JPG,data/external/quintoandar/images/cozinha/895152624_028_75963596_cozinha.jpg,True,17717
quintoandar,895152624,https://www.quintoandar.com.br/imovel/895152624/alugar/casa-4-quartos-vila-gomes-cardim-sao-paulo,https://www.quintoandar.com.br/alugar/imovel/zona-leste-sao-paulo-sp-brasil/mobiliado,320,True,4,Tatuapé,"Rua Euclides Pacheco, Tatuapé, São Paulo",75963599,Cozinha,cozinha,https://www.quintoandar.com.br/img/med/original895152624-177.2040523965007DSCF1395.JPG,data/external/quintoandar/images/cozinha/895152624_029_75963599_cozinha.jpg,True,19752
quintoandar,895152624,https://www.quintoandar.com.br/imovel/895152624/alugar/casa-4-quartos-vila-gomes-cardim-sao-paulo,https://www.quintoandar.com.br/alugar/imovel/zona-leste-sao-paulo-sp-brasil/mobiliado,320,True,4,Tatuapé,"Rua Euclides Pacheco, Tatuapé, São Paulo",75963602,Cozinha,cozinha,https://www.quintoandar.com.br/img/med/original895152624-625.9561399167413DSCF1396.JPG,data/external/quintoandar/images/cozinha/895152624_030_75963602_cozinha.jpg,True,20005
quintoandar,895152624,https://www.quintoandar.com.br/imovel/895152624/alugar/casa-4-quartos-vila-gomes-cardim-sao-paulo,https://www.quintoandar.com.br/alugar/imovel/zona-leste-sao-paulo-sp-brasil/mobiliado,320,True,4,Tatuapé,"Rua Euclides Pacheco, Tatuapé, São Paulo",75963605,Área de Serviço,area_servico,https://www.quintoandar.com.br/img/med/original895152624-54.9328141955393DSCF1397.JPG,data/external/quintoandar/images/area_servico/895152624_031_75963605_area_de_servico.jpg,True,17381
quintoandar,895152624,https://www.quintoandar.com.br/imovel/895152624/alugar/casa-4-quartos-vila-gomes-cardim-sao-paulo,https://www.quintoandar.com.br/alugar/imovel/zona-leste-sao-paulo-sp-brasil/mobiliado,320,True,4,Tatuapé,"Rua Euclides Pacheco, Tatuapé, São Paulo",75963608,Área de Serviço,area_servico,https://www.quintoandar.com.br/img/med/original895152624-385.00767608993135DSCF1398.JPG,data/external/quintoandar/images/area_servico/895152624_032_75963608_area_de_servico.jpg,True,18872
quintoandar,895152624,https://www.quintoandar.com.br/imovel/895152624/alugar/casa-4-quartos-vila-gomes-cardim-sao-paulo,https://www.quintoandar.com.br/alugar/imovel/zona-leste-sao-paulo-sp-brasil/mobiliado,320,True,4,Tatuapé,"Rua Euclides Pacheco, Tatuapé, São Paulo",75963615,Área de Serviço,area_servico,https://www.quintoandar.com.br/img/med/original895152624-982.7978060568034DSCF1400.JPG,data/external/quintoandar/images/area_servico/895152624_034_75963615_area_de_servico.jpg,True,20275
quintoandar,895152624,https://www.quintoandar.com.br/imovel/895152624/alugar/casa-4-quartos-vila-gomes-cardim-sao-paulo,https://www.quintoandar.com.br/alugar/imovel/zona-leste-sao-paulo-sp-brasil/mobiliado,320,True,4,Tatuapé,"Rua Euclides Pacheco, Tatuapé, São Paulo",75963618,Quintal,jardim,https://www.quintoandar.com.br/img/med/original895152624-42.61016076321322DSCF1401.JPG,data/external/quintoandar/images/jardim/895152624_035_75963618_quintal.jpg,True,20551
quintoandar,895152624,https://www.quintoandar.com.br/imovel/895152624/alugar/casa-4-quartos-vila-gomes-cardim-sao-paulo,https://www.quintoandar.com.br/alugar/imovel/zona-leste-sao-paulo-sp-brasil/mobiliado,320,True,4,Tatuapé,"Rua Euclides Pacheco, Tatuapé, São Paulo",75963622,Quintal,jardim,https://www.quintoandar.com.br/img/med/original895152624-215.38482205511644DSCF1402.JPG,data/external/quintoandar/images/jardim/895152624_036_75963622_quintal.jpg,True,20180
quintoandar,895152624,https://www.quintoandar.com.br/imovel/895152624/alugar/casa-4-quartos-vila-gomes-cardim-sao-paulo,https://www.quintoandar.com.br/alugar/imovel/zona-leste-sao-paulo-sp-brasil/mobiliado,320,True,4,Tatuapé,"Rua Euclides Pacheco, Tatuapé, São Paulo",75963625,Quintal,jardim,https://www.quintoandar.com.br/img/med/original895152624-768.6354024994512DSCF1403.JPG,data/external/quintoandar/images/jardim/895152624_037_75963625_quintal.jpg,True,19665
quintoandar,895152624,https://www.quintoandar.com.br/imovel/895152624/alugar/casa-4-quartos-vila-gomes-cardim-sao-paulo,https://www.quintoandar.com.br/alugar/imovel/zona-leste-sao-paulo-sp-brasil/mobiliado,320,True,4,Tatuapé,"Rua Euclides Pacheco, Tatuapé, São Paulo",75963629,Quintal,jardim,https://www.quintoandar.com.br/img/med/original895152624-722.1396536778185DSCF1404.JPG,data/external/quintoandar/images/jardim/895152624_038_75963629_quintal.jpg,True,20555
quintoandar,895152624,https://www.quintoandar.com.br/imovel/895152624/alugar/casa-4-quartos-vila-gomes-cardim-sao-paulo,https://www.quintoandar.com.br/alugar/imovel/zona-leste-sao-paulo-sp-brasil/mobiliado,320,True,4,Tatuapé,"Rua Euclides Pacheco, Tatuapé, São Paulo",75963664,Corredor,corredor,https://www.quintoandar.com.br/img/med/original895152624-915.1105122791605DSCF1415.JPG,data/external/quintoandar/images/corredor/895152624_049_75963664_corredor.jpg,True,8471
quintoandar,895152624,https://www.quintoandar.com.br/imovel/895152624/alugar/casa-4-quartos-vila-gomes-cardim-sao-paulo,https://www.quintoandar.com.br/alugar/imovel/zona-leste-sao-paulo-sp-brasil/mobiliado,320,True,4,Tatuapé,"Rua Euclides Pacheco, Tatuapé, São Paulo",75963667,Suíte 1,quarto,https://www.quintoandar.com.br/img/med/original895152624-786.4187130961437DSCF1416.JPG,data/external/quintoandar/images/quarto/895152624_050_75963667_suite_1.jpg,True,20347
quintoandar,895152624,https://www.quintoandar.com.br/imovel/895152624/alugar/casa-4-quartos-vila-gomes-cardim-sao-paulo,https://www.quintoandar.com.br/alugar/imovel/zona-leste-sao-paulo-sp-brasil/mobiliado,320,True,4,Tatuapé,"Rua Euclides Pacheco, Tatuapé, São Paulo",75963674,Suíte 1,quarto,https://www.quintoandar.com.br/img/med/original895152624-512.4515009403334DSCF1418.JPG,data/external/quintoandar/images/quarto/895152624_051_75963674_suite_1.jpg,True,19733
quintoandar,895152624,https://www.quintoandar.com.br/imovel/895152624/alugar/casa-4-quartos-vila-gomes-cardim-sao-paulo,https://www.quintoandar.com.br/alugar/imovel/zona-leste-sao-paulo-sp-brasil/mobiliado,320,True,4,Tatuapé,"Rua Euclides Pacheco, Tatuapé, São Paulo",75963670,Suíte 1,quarto,https://www.quintoandar.com.br/img/med/original895152624-871.6073203290841DSCF1417.JPG,data/external/quintoandar/images/quarto/895152624_052_75963670_suite_1.jpg,True,21335
quintoandar,895152624,https://www.quintoandar.com.br/imovel/895152624/alugar/casa-4-quartos-vila-gomes-cardim-sao-paulo,https://www.quintoandar.com.br/alugar/imovel/zona-leste-sao-paulo-sp-brasil/mobiliado,320,True,4,Tatuapé,"Rua Euclides Pacheco, Tatuapé, São Paulo",75963677,Suíte 1,quarto,https://www.quintoandar.com.br/img/med/original895152624-594.2009561898886DSCF1419.JPG,data/external/quintoandar/images/quarto/895152624_053_75963677_suite_1.jpg,True,19860
quintoandar,895152624,https://www.quintoandar.com.br/imovel/895152624/alugar/casa-4-quartos-vila-gomes-cardim-sao-paulo,https://www.quintoandar.com.br/alugar/imovel/zona-leste-sao-paulo-sp-brasil/mobiliado,320,True,4,Tatuapé,"Rua Euclides Pacheco, Tatuapé, São Paulo",75963680,Banheiro da Suíte 1,quarto_banheiro,https://www.quintoandar.com.br/img/med/original895152624-61.675199049790244DSCF1420.JPG,data/external/quintoandar/images/quarto_banheiro/895152624_054_75963680_banheiro_da_suite_1.jpg,True,8049
quintoandar,895152624,https://www.quintoandar.com.br/imovel/895152624/alugar/casa-4-quartos-vila-gomes-cardim-sao-paulo,https://www.quintoandar.com.br/alugar/imovel/zona-leste-sao-paulo-sp-brasil/mobiliado,320,True,4,Tatuapé,"Rua Euclides Pacheco, Tatuapé, São Paulo",75963683,Banheiro da Suíte 1,quarto_banheiro,https://www.quintoandar.com.br/img/med/original895152624-800.066167292069DSCF1421.JPG,data/external/quintoandar/images/quarto_banheiro/895152624_055_75963683_banheiro_da_suite_1.jpg,True,14341
quintoandar,895152624,https://www.quintoandar.com.br/imovel/895152624/alugar/casa-4-quartos-vila-gomes-cardim-sao-paulo,https://www.quintoandar.com.br/alugar/imovel/zona-leste-sao-paulo-sp-brasil/mobiliado,320,True,4,Tatuapé,"Rua Euclides Pacheco, Tatuapé, São Paulo",75963686,Banheiro da Suíte 1,quarto_banheiro,https://www.quintoandar.com.br/img/med/original895152624-39.36377325217466DSCF1422.JPG,data/external/quintoandar/images/quarto_banheiro/895152624_056_75963686_banheiro_da_suite_1.jpg,True,10814
quintoandar,895152624,https://www.quintoandar.com.br/imovel/895152624/alugar/casa-4-quartos-vila-gomes-cardim-sao-paulo,https://www.quintoandar.com.br/alugar/imovel/zona-leste-sao-paulo-sp-brasil/mobiliado,320,True,4,Tatuapé,"Rua Euclides Pacheco, Tatuapé, São Paulo",75963690,Banheiro da Suíte 1,quarto_banheiro,https://www.quintoandar.com.br/img/med/original895152624-278.80120326525605DSCF1423.JPG,data/external/quintoandar/images/quarto_banheiro/895152624_057_75963690_banheiro_da_suite_1.jpg,True,15164
quintoandar,895152624,https://www.quintoandar.com.br/imovel/895152624/alugar/casa-4-quartos-vila-gomes-cardim-sao-paulo,https://www.quintoandar.com.br/alugar/imovel/zona-leste-sao-paulo-sp-brasil/mobiliado,320,True,4,Tatuapé,"Rua Euclides Pacheco, Tatuapé, São Paulo",75963693,Banheiro da Suíte 1,quarto_banheiro,https://www.quintoandar.com.br/img/med/original895152624-646.4278267462914DSCF1424.JPG,data/external/quintoandar/images/quarto_banheiro/895152624_058_75963693_banheiro_da_suite_1.jpg,True,14385
quintoandar,895152624,https://www.quintoandar.com.br/imovel/895152624/alugar/casa-4-quartos-vila-gomes-cardim-sao-paulo,https://www.quintoandar.com.br/alugar/imovel/zona-leste-sao-paulo-sp-brasil/mobiliado,320,True,4,Tatuapé,"Rua Euclides Pacheco, Tatuapé, São Paulo",75963696,Closet da Suíte 1,quarto_closet,https://www.quintoandar.com.br/img/med/original895152624-2.0070727095251595DSCF1425.JPG,data/external/quintoandar/images/quarto_closet/895152624_059_75963696_closet_da_suite_1.jpg,True,22627
quintoandar,895152624,https://www.quintoandar.com.br/imovel/895152624/alugar/casa-4-quartos-vila-gomes-cardim-sao-paulo,https://www.quintoandar.com.br/alugar/imovel/zona-leste-sao-paulo-sp-brasil/mobiliado,320,True,4,Tatuapé,"Rua Euclides Pacheco, Tatuapé, São Paulo",75963699,Closet da Suíte 1,quarto_closet,https://www.quintoandar.com.br/img/med/original895152624-575.0291952112714DSCF1426.JPG,data/external/quintoandar/images/quarto_closet/895152624_060_75963699_closet_da_suite_1.jpg,True,22667
quintoandar,895152624,https://www.quintoandar.com.br/imovel/895152624/alugar/casa-4-quartos-vila-gomes-cardim-sao-paulo,https://www.quintoandar.com.br/alugar/imovel/zona-leste-sao-paulo-sp-brasil/mobiliado,320,True,4,Tatuapé,"Rua Euclides Pacheco, Tatuapé, São Paulo",75963703,Closet da Suíte 1,quarto_closet,https://www.quintoandar.com.br/img/med/original895152624-136.51885181964997DSCF1427.JPG,data/external/quintoandar/images/quarto_closet/895152624_061_75963703_closet_da_suite_1.jpg,True,24672
quintoandar,895152624,https://www.quintoandar.com.br/imovel/895152624/alugar/casa-4-quartos-vila-gomes-cardim-sao-paulo,https://www.quintoandar.com.br/alugar/imovel/zona-leste-sao-paulo-sp-brasil/mobiliado,320,True,4,Tatuapé,"Rua Euclides Pacheco, Tatuapé, São Paulo",75963706,Closet da Suíte 1,quarto_closet,https://www.quintoandar.com.br/img/med/original895152624-347.3236740630991DSCF1428.JPG,data/external/quintoandar/images/quarto_closet/895152624_062_75963706_closet_da_suite_1.jpg,True,22549
quintoandar,895152624,https://www.quintoandar.com.br/imovel/895152624/alugar/casa-4-quartos-vila-gomes-cardim-sao-paulo,https://www.quintoandar.com.br/alugar/imovel/zona-leste-sao-paulo-sp-brasil/mobiliado,320,True,4,Tatuapé,"Rua Euclides Pacheco, Tatuapé, São Paulo",75963709,Varanda da Suíte 1,quarto_varanda,https://www.quintoandar.com.br/img/med/original895152624-182.37289139519575DSCF1429.JPG,data/external/quintoandar/images/quarto_varanda/895152624_063_75963709_varanda_da_suite_1.jpg,True,32935
quintoandar,895152624,https://www.quintoandar.com.br/imovel/895152624/alugar/casa-4-quartos-vila-gomes-cardim-sao-paulo,https://www.quintoandar.com.br/alugar/imovel/zona-leste-sao-paulo-sp-brasil/mobiliado,320,True,4,Tatuapé,"Rua Euclides Pacheco, Tatuapé, São Paulo",75963712,Varanda da Suíte 1,quarto_varanda,https://www.quintoandar.com.br/img/med/original895152624-127.09209951289535DSCF1430.JPG,data/external/quintoandar/images/quarto_varanda/895152624_064_75963712_varanda_da_suite_1.jpg,True,35506
quintoandar,895152624,https://www.quintoandar.com.br/imovel/895152624/alugar/casa-4-quartos-vila-gomes-cardim-sao-paulo,https://www.quintoandar.com.br/alugar/imovel/zona-leste-sao-paulo-sp-brasil/mobiliado,320,True,4,Tatuapé,"Rua Euclides Pacheco, Tatuapé, São Paulo",75963716,Varanda da Suíte 1,quarto_varanda,https://www.quintoandar.com.br/img/med/original895152624-948.0126351443024DSCF1431.JPG,data/external/quintoandar/images/quarto_varanda/895152624_065_75963716_varanda_da_suite_1.jpg,True,12041
quintoandar,895152624,https://www.quintoandar.com.br/imovel/895152624/alugar/casa-4-quartos-vila-gomes-cardim-sao-paulo,https://www.quintoandar.com.br/alugar/imovel/zona-leste-sao-paulo-sp-brasil/mobiliado,320,True,4,Tatuapé,"Rua Euclides Pacheco, Tatuapé, São Paulo",75963719,Varanda da Suíte 1,quarto_varanda,https://www.quintoandar.com.br/img/med/original895152624-48.43904106159314DSCF1432.JPG,data/external/quintoandar/images/quarto_varanda/895152624_066_75963719_varanda_da_suite_1.jpg,True,15846
quintoandar,895152624,https://www.quintoandar.com.br/imovel/895152624/alugar/casa-4-quartos-vila-gomes-cardim-sao-paulo,https://www.quintoandar.com.br/alugar/imovel/zona-leste-sao-paulo-sp-brasil/mobiliado,320,True,4,Tatuapé,"Rua Euclides Pacheco, Tatuapé, São Paulo",75963722,Corredor,corredor,https://www.quintoandar.com.br/img/med/original895152624-555.9723756771817DSCF1433.JPG,data/external/quintoandar/images/corredor/895152624_067_75963722_corredor.jpg,True,12459
quintoandar,895152624,https://www.quintoandar.com.br/imovel/895152624/alugar/casa-4-quartos-vila-gomes-cardim-sao-paulo,https://www.quintoandar.com.br/alugar/imovel/zona-leste-sao-paulo-sp-brasil/mobiliado,320,True,4,Tatuapé,"Rua Euclides Pacheco, Tatuapé, São Paulo",75963729,Suíte 2,quarto,https://www.quintoandar.com.br/img/med/original895152624-968.4353720315053DSCF1435.JPG,data/external/quintoandar/images/quarto/895152624_069_75963729_suite_2.jpg,True,14281
quintoandar,895152624,https://www.quintoandar.com.br/imovel/895152624/alugar/casa-4-quartos-vila-gomes-cardim-sao-paulo,https://www.quintoandar.com.br/alugar/imovel/zona-leste-sao-paulo-sp-brasil/mobiliado,320,True,4,Tatuapé,"Rua Euclides Pacheco, Tatuapé, São Paulo",75963732,Suíte 2,quarto,https://www.quintoandar.com.br/img/med/original895152624-871.525002016094DSCF1436.JPG,data/external/quintoandar/images/quarto/895152624_070_75963732_suite_2.jpg,True,17073
quintoandar,895152624,https://www.quintoandar.com.br/imovel/895152624/alugar/casa-4-quartos-vila-gomes-cardim-sao-paulo,https://www.quintoandar.com.br/alugar/imovel/zona-leste-sao-paulo-sp-brasil/mobiliado,320,True,4,Tatuapé,"Rua Euclides Pacheco, Tatuapé, São Paulo",75963735,Suíte 2,quarto,https://www.quintoandar.com.br/img/med/original895152624-447.8352012355019DSCF1437.JPG,data/external/quintoandar/images/quarto/895152624_071_75963735_suite_2.jpg,True,12537
quintoandar,895152624,https://www.quintoandar.com.br/imovel/895152624/alugar/casa-4-quartos-vila-gomes-cardim-sao-paulo,https://www.quintoandar.com.br/alugar/imovel/zona-leste-sao-paulo-sp-brasil/mobiliado,320,True,4,Tatuapé,"Rua Euclides Pacheco, Tatuapé, São Paulo",75963738,Suíte 2,quarto,https://www.quintoandar.com.br/img/med/original895152624-576.554750935746DSCF1438.JPG,data/external/quintoandar/images/quarto/895152624_072_75963738_suite_2.jpg,True,13137
quintoandar,895152624,https://www.quintoandar.com.br/imovel/895152624/alugar/casa-4-quartos-vila-gomes-cardim-sao-paulo,https://www.quintoandar.com.br/alugar/imovel/zona-leste-sao-paulo-sp-brasil/mobiliado,320,True,4,Tatuapé,"Rua Euclides Pacheco, Tatuapé, São Paulo",75963742,Banheiro da Suíte 2,quarto_banheiro,https://www.quintoandar.com.br/img/med/original895152624-361.07706467414823DSCF1439.JPG,data/external/quintoandar/images/quarto_banheiro/895152624_073_75963742_banheiro_da_suite_2.jpg,True,14199
quintoandar,895152624,https://www.quintoandar.com.br/imovel/895152624/alugar/casa-4-quartos-vila-gomes-cardim-sao-paulo,https://www.quintoandar.com.br/alugar/imovel/zona-leste-sao-paulo-sp-brasil/mobiliado,320,True,4,Tatuapé,"Rua Euclides Pacheco, Tatuapé, São Paulo",75963745,Banheiro da Suíte 2,quarto_banheiro,https://www.quintoandar.com.br/img/med/original895152624-222.9879597573352DSCF1440.JPG,data/external/quintoandar/images/quarto_banheiro/895152624_074_75963745_banheiro_da_suite_2.jpg,True,15975
quintoandar,895152624,https://www.quintoandar.com.br/imovel/895152624/alugar/casa-4-quartos-vila-gomes-cardim-sao-paulo,https://www.quintoandar.com.br/alugar/imovel/zona-leste-sao-paulo-sp-brasil/mobiliado,320,True,4,Tatuapé,"Rua Euclides Pacheco, Tatuapé, São Paulo",75963749,Banheiro da Suíte 2,quarto_banheiro,https://www.quintoandar.com.br/img/med/original895152624-761.6149860234958DSCF1441.JPG,data/external/quintoandar/images/quarto_banheiro/895152624_075_75963749_banheiro_da_suite_2.jpg,True,23751
quintoandar,895152624,https://www.quintoandar.com.br/imovel/895152624/alugar/casa-4-quartos-vila-gomes-cardim-sao-paulo,https://www.quintoandar.com.br/alugar/imovel/zona-leste-sao-paulo-sp-brasil/mobiliado,320,True,4,Tatuapé,"Rua Euclides Pacheco, Tatuapé, São Paulo",75963752,Banheiro da Suíte 2,quarto_banheiro,https://www.quintoandar.com.br/img/med/original895152624-807.8533442548227DSCF1442.JPG,data/external/quintoandar/images/quarto_banheiro/895152624_076_75963752_banheiro_da_suite_2.jpg,True,15396
quintoandar,895152624,https://www.quintoandar.com.br/imovel/895152624/alugar/casa-4-quartos-vila-gomes-cardim-sao-paulo,https://www.quintoandar.com.br/alugar/imovel/zona-leste-sao-paulo-sp-brasil/mobiliado,320,True,4,Tatuapé,"Rua Euclides Pacheco, Tatuapé, São Paulo",75963755,Suíte 3,quarto,https://www.quintoandar.com.br/img/med/original895152624-202.55245745821625DSCF1443.JPG,data/external/quintoandar/images/quarto/895152624_077_75963755_suite_3.jpg,True,10299
quintoandar,895152624,https://www.quintoandar.com.br/imovel/895152624/alugar/casa-4-quartos-vila-gomes-cardim-sao-paulo,https://www.quintoandar.com.br/alugar/imovel/zona-leste-sao-paulo-sp-brasil/mobiliado,320,True,4,Tatuapé,"Rua Euclides Pacheco, Tatuapé, São Paulo",75963758,Suíte 3,quarto,https://www.quintoandar.com.br/img/med/original895152624-545.4701859707213DSCF1444.JPG,data/external/quintoandar/images/quarto/895152624_078_75963758_suite_3.jpg,True,15302
quintoandar,895152624,https://www.quintoandar.com.br/imovel/895152624/alugar/casa-4-quartos-vila-gomes-cardim-sao-paulo,https://www.quintoandar.com.br/alugar/imovel/zona-leste-sao-paulo-sp-brasil/mobiliado,320,True,4,Tatuapé,"Rua Euclides Pacheco, Tatuapé, São Paulo",75963762,Suíte 3,quarto,https://www.quintoandar.com.br/img/med/original895152624-925.4517842750413DSCF1445.JPG,data/external/quintoandar/images/quarto/895152624_079_75963762_suite_3.jpg,True,12142
quintoandar,895152624,https://www.quintoandar.com.br/imovel/895152624/alugar/casa-4-quartos-vila-gomes-cardim-sao-paulo,https://www.quintoandar.com.br/alugar/imovel/zona-leste-sao-paulo-sp-brasil/mobiliado,320,True,4,Tatuapé,"Rua Euclides Pacheco, Tatuapé, São Paulo",75963765,Suíte 3,quarto,https://www.quintoandar.com.br/img/med/original895152624-971.742475659012DSCF1446.JPG,data/external/quintoandar/images/quarto/895152624_080_75963765_suite_3.jpg,True,7805
quintoandar,895152624,https://www.quintoandar.com.br/imovel/895152624/alugar/casa-4-quartos-vila-gomes-cardim-sao-paulo,https://www.quintoandar.com.br/alugar/imovel/zona-leste-sao-paulo-sp-brasil/mobiliado,320,True,4,Tatuapé,"Rua Euclides Pacheco, Tatuapé, São Paulo",75963768,Suíte 3,quarto,https://www.quintoandar.com.br/img/med/original895152624-377.9185770265735DSCF1447.JPG,data/external/quintoandar/images/quarto/895152624_081_75963768_suite_3.jpg,True,16310
quintoandar,895152624,https://www.quintoandar.com.br/imovel/895152624/alugar/casa-4-quartos-vila-gomes-cardim-sao-paulo,https://www.quintoandar.com.br/alugar/imovel/zona-leste-sao-paulo-sp-brasil/mobiliado,320,True,4,Tatuapé,"Rua Euclides Pacheco, Tatuapé, São Paulo",75963771,Banheiro da Suíte 3,quarto_banheiro,https://www.quintoandar.com.br/img/med/original895152624-569.7117459728919DSCF1448.JPG,data/external/quintoandar/images/quarto_banheiro/895152624_082_75963771_banheiro_da_suite_3.jpg,True,12958
quintoandar,895152624,https://www.quintoandar.com.br/imovel/895152624/alugar/casa-4-quartos-vila-gomes-cardim-sao-paulo,https://www.quintoandar.com.br/alugar/imovel/zona-leste-sao-paulo-sp-brasil/mobiliado,320,True,4,Tatuapé,"Rua Euclides Pacheco, Tatuapé, São Paulo",75963774,Banheiro da Suíte 3,quarto_banheiro,https://www.quintoandar.com.br/img/med/original895152624-189.6596737113848DSCF1449.JPG,data/external/quintoandar/images/quarto_banheiro/895152624_083_75963774_banheiro_da_suite_3.jpg,True,19927
quintoandar,895152624,https://www.quintoandar.com.br/imovel/895152624/alugar/casa-4-quartos-vila-gomes-cardim-sao-paulo,https://www.quintoandar.com.br/alugar/imovel/zona-leste-sao-paulo-sp-brasil/mobiliado,320,True,4,Tatuapé,"Rua Euclides Pacheco, Tatuapé, São Paulo",75963778,Banheiro da Suíte 3,quarto_banheiro,https://www.quintoandar.com.br/img/med/original895152624-47.14938788966616DSCF1450.JPG,data/external/quintoandar/images/quarto_banheiro/895152624_084_75963778_banheiro_da_suite_3.jpg,True,22614
quintoandar,895152624,https://www.quintoandar.com.br/imovel/895152624/alugar/casa-4-quartos-vila-gomes-cardim-sao-paulo,https://www.quintoandar.com.br/alugar/imovel/zona-leste-sao-paulo-sp-brasil/mobiliado,320,True,4,Tatuapé,"Rua Euclides Pacheco, Tatuapé, São Paulo",75963780,Banheiro da Suíte 3,quarto_banheiro,https://www.quintoandar.com.br/img/med/original895152624-420.14205456189836DSCF1451.JPG,data/external/quintoandar/images/quarto_banheiro/895152624_085_75963780_banheiro_da_suite_3.jpg,True,11609
quintoandar,895152624,https://www.quintoandar.com.br/imovel/895152624/alugar/casa-4-quartos-vila-gomes-cardim-sao-paulo,https://www.quintoandar.com.br/alugar/imovel/zona-leste-sao-paulo-sp-brasil/mobiliado,320,True,4,Tatuapé,"Rua Euclides Pacheco, Tatuapé, São Paulo",75963782,Varanda da Suíte 3,quarto_varanda,https://www.quintoandar.com.br/img/med/original895152624-104.62654007881045DSCF1452.JPG,data/external/quintoandar/images/quarto_varanda/895152624_086_75963782_varanda_da_suite_3.jpg,True,34727
quintoandar,895152624,https://www.quintoandar.com.br/imovel/895152624/alugar/casa-4-quartos-vila-gomes-cardim-sao-paulo,https://www.quintoandar.com.br/alugar/imovel/zona-leste-sao-paulo-sp-brasil/mobiliado,320,True,4,Tatuapé,"Rua Euclides Pacheco, Tatuapé, São Paulo",75963785,Varanda da Suíte 3,quarto_varanda,https://www.quintoandar.com.br/img/med/original895152624-47.549626369626786DSCF1453.JPG,data/external/quintoandar/images/quarto_varanda/895152624_087_75963785_varanda_da_suite_3.jpg,True,34855
quintoandar,895152624,https://www.quintoandar.com.br/imovel/895152624/alugar/casa-4-quartos-vila-gomes-cardim-sao-paulo,https://www.quintoandar.com.br/alugar/imovel/zona-leste-sao-paulo-sp-brasil/mobiliado,320,True,4,Tatuapé,"Rua Euclides Pacheco, Tatuapé, São Paulo",75963787,Varanda da Suíte 3,quarto_varanda,https://www.quintoandar.com.br/img/med/original895152624-540.3998962543179DSCF1454.JPG,data/external/quintoandar/images/quarto_varanda/895152624_088_75963787_varanda_da_suite_3.jpg,True,13649
quintoandar,895152624,https://www.quintoandar.com.br/imovel/895152624/alugar/casa-4-quartos-vila-gomes-cardim-sao-paulo,https://www.quintoandar.com.br/alugar/imovel/zona-leste-sao-paulo-sp-brasil/mobiliado,320,True,4,Tatuapé,"Rua Euclides Pacheco, Tatuapé, São Paulo",75963789,Varanda da Suíte 3,quarto_varanda,https://www.quintoandar.com.br/img/med/original895152624-56.29123498157007DSCF1455.JPG,data/external/quintoandar/images/quarto_varanda/895152624_089_75963789_varanda_da_suite_3.jpg,True,17584
quintoandar,895152624,https://www.quintoandar.com.br/imovel/895152624/alugar/casa-4-quartos-vila-gomes-cardim-sao-paulo,https://www.quintoandar.com.br/alugar/imovel/zona-leste-sao-paulo-sp-brasil/mobiliado,320,True,4,Tatuapé,"Rua Euclides Pacheco, Tatuapé, São Paulo",75963791,Quarto,quarto,https://www.quintoandar.com.br/img/med/original895152624-42.38545451195863DSCF1456.JPG,data/external/quintoandar/images/quarto/895152624_090_75963791_quarto.jpg,True,16593
quintoandar,895152624,https://www.quintoandar.com.br/imovel/895152624/alugar/casa-4-quartos-vila-gomes-cardim-sao-paulo,https://www.quintoandar.com.br/alugar/imovel/zona-leste-sao-paulo-sp-brasil/mobiliado,320,True,4,Tatuapé,"Rua Euclides Pacheco, Tatuapé, São Paulo",75963793,Quarto,quarto,https://www.quintoandar.com.br/img/med/original895152624-993.9895010081103DSCF1457.JPG,data/external/quintoandar/images/quarto/895152624_091_75963793_quarto.jpg,True,20932
quintoandar,895152624,https://www.quintoandar.com.br/imovel/895152624/alugar/casa-4-quartos-vila-gomes-cardim-sao-paulo,https://www.quintoandar.com.br/alugar/imovel/zona-leste-sao-paulo-sp-brasil/mobiliado,320,True,4,Tatuapé,"Rua Euclides Pacheco, Tatuapé, São Paulo",75963796,Quarto,quarto,https://www.quintoandar.com.br/img/med/original895152624-731.2762719448997DSCF1458.JPG,data/external/quintoandar/images/quarto/895152624_092_75963796_quarto.jpg,True,16226
quintoandar,895152624,https://www.quintoandar.com.br/imovel/895152624/alugar/casa-4-quartos-vila-gomes-cardim-sao-paulo,https://www.quintoandar.com.br/alugar/imovel/zona-leste-sao-paulo-sp-brasil/mobiliado,320,True,4,Tatuapé,"Rua Euclides Pacheco, Tatuapé, São Paulo",75963798,Quarto,quarto,https://www.quintoandar.com.br/img/med/original895152624-968.2313533867137DSCF1459.JPG,data/external/quintoandar/images/quarto/895152624_093_75963798_quarto.jpg,True,14736
quintoandar,895152624,https://www.quintoandar.com.br/imovel/895152624/alugar/casa-4-quartos-vila-gomes-cardim-sao-paulo,https://www.quintoandar.com.br/alugar/imovel/zona-leste-sao-paulo-sp-brasil/mobiliado,320,True,4,Tatuapé,"Rua Euclides Pacheco, Tatuapé, São Paulo",75963806,Garagem,garagem,https://www.quintoandar.com.br/img/med/original895152624-279.7472872280783DSCF1464.JPG,data/external/quintoandar/images/garagem/895152624_098_75963806_garagem.jpg,True,14579
quintoandar,895152624,https://www.quintoandar.com.br/imovel/895152624/alugar/casa-4-quartos-vila-gomes-cardim-sao-paulo,https://www.quintoandar.com.br/alugar/imovel/zona-leste-sao-paulo-sp-brasil/mobiliado,320,True,4,Tatuapé,"Rua Euclides Pacheco, Tatuapé, São Paulo",75963808,Garagem,garagem,https://www.quintoandar.com.br/img/med/original895152624-273.8208325571133DSCF1465.JPG,data/external/quintoandar/images/garagem/895152624_099_75963808_garagem.jpg,True,11635
quintoandar,895152624,https://www.quintoandar.com.br/imovel/895152624/alugar/casa-4-quartos-vila-gomes-cardim-sao-paulo,https://www.quintoandar.com.br/alugar/imovel/zona-leste-sao-paulo-sp-brasil/mobiliado,320,True,4,Tatuapé,"Rua Euclides Pacheco, Tatuapé, São Paulo",75963809,Garagem,garagem,https://www.quintoandar.com.br/img/med/original895152624-219.85919310855496DSCF1466.JPG,data/external/quintoandar/images/garagem/895152624_100_75963809_garagem.jpg,True,9010
quintoandar,895152624,https://www.quintoandar.com.br/imovel/895152624/alugar/casa-4-quartos-vila-gomes-cardim-sao-paulo,https://www.quintoandar.com.br/alugar/imovel/zona-leste-sao-paulo-sp-brasil/mobiliado,320,True,4,Tatuapé,"Rua Euclides Pacheco, Tatuapé, São Paulo",75963810,Garagem,garagem,https://www.quintoandar.com.br/img/med/original895152624-939.1043234831917DSCF1467.JPG,data/external/quintoandar/images/garagem/895152624_101_75963810_garagem.jpg,True,8578
quintoandar,895152624,https://www.quintoandar.com.br/imovel/895152624/alugar/casa-4-quartos-vila-gomes-cardim-sao-paulo,https://www.quintoandar.com.br/alugar/imovel/zona-leste-sao-paulo-sp-brasil/mobiliado,320,True,4,Tatuapé,"Rua Euclides Pacheco, Tatuapé, São Paulo",75963811,Banheiro de serviço,banheiro,https://www.quintoandar.com.br/img/med/original895152624-190.3917215070171DSCF1468.JPG,data/external/quintoandar/images/banheiro/895152624_102_75963811_banheiro_de_servico.jpg,True,18843
quintoandar,895152624,https://www.quintoandar.com.br/imovel/895152624/alugar/casa-4-quartos-vila-gomes-cardim-sao-paulo,https://www.quintoandar.com.br/alugar/imovel/zona-leste-sao-paulo-sp-brasil/mobiliado,320,True,4,Tatuapé,"Rua Euclides Pacheco, Tatuapé, São Paulo",75963813,Banheiro de serviço,banheiro,https://www.quintoandar.com.br/img/med/original895152624-260.51740878670995DSCF1469.JPG,data/external/quintoandar/images/banheiro/895152624_103_75963813_banheiro_de_servico.jpg,True,9575
quintoandar,895152624,https://www.quintoandar.com.br/imovel/895152624/alugar/casa-4-quartos-vila-gomes-cardim-sao-paulo,https://www.quintoandar.com.br/alugar/imovel/zona-leste-sao-paulo-sp-brasil/mobiliado,320,True,4,Tatuapé,"Rua Euclides Pacheco, Tatuapé, São Paulo",75963814,Banheiro de serviço,banheiro,https://www.quintoandar.com.br/img/med/original895152624-126.40256465015787DSCF1470.JPG,data/external/quintoandar/images/banheiro/895152624_104_75963814_banheiro_de_servico.jpg,True,13439
quintoandar,895152624,https://www.quintoandar.com.br/imovel/895152624/alugar/casa-4-quartos-vila-gomes-cardim-sao-paulo,https://www.quintoandar.com.br/alugar/imovel/zona-leste-sao-paulo-sp-brasil/mobiliado,320,True,4,Tatuapé,"Rua Euclides Pacheco, Tatuapé, São Paulo",75963815,Banheiro de serviço,banheiro,https://www.quintoandar.com.br/img/med/original895152624-4.5185505506267765DSCF1471.JPG,data/external/quintoandar/images/banheiro/895152624_105_75963815_banheiro_de_servico.jpg,True,20483
quintoandar,895152624,https://www.quintoandar.com.br/imovel/895152624/alugar/casa-4-quartos-vila-gomes-cardim-sao-paulo,https://www.quintoandar.com.br/alugar/imovel/zona-leste-sao-paulo-sp-brasil/mobiliado,320,True,4,Tatuapé,"Rua Euclides Pacheco, Tatuapé, São Paulo",75963817,Fachada,area_externa,https://www.quintoandar.com.br/img/med/original895152624-321.0625052193352DSCF1472.JPG,data/external/quintoandar/images/area_externa/895152624_106_75963817_fachada.jpg,True,17737
quintoandar,895358026,https://www.quintoandar.com.br/imovel/895358026/alugar/casa-3-quartos-alto-da-mooca-sao-paulo,https://www.quintoandar.com.br/alugar/imovel/zona-leste-sao-paulo-sp-brasil/mobiliado,217,True,3,Belém,"Rua Margarida Silveira Leite, Belém, São Paulo",82840873,Sala,sala,https://www.quintoandar.com.br/img/med/original895358026-471.5416717937981Foto2.jpg,data/external/quintoandar/images/sala/895358026_001_82840873_sala.jpg,True,25692
quintoandar,895358026,https://www.quintoandar.com.br/imovel/895358026/alugar/casa-3-quartos-alto-da-mooca-sao-paulo,https://www.quintoandar.com.br/alugar/imovel/zona-leste-sao-paulo-sp-brasil/mobiliado,217,True,3,Belém,"Rua Margarida Silveira Leite, Belém, São Paulo",82840871,Sala,sala,https://www.quintoandar.com.br/img/med/original895358026-380.4031956053645Foto1.jpg,data/external/quintoandar/images/sala/895358026_002_82840871_sala.jpg,True,22470
quintoandar,895358026,https://www.quintoandar.com.br/imovel/895358026/alugar/casa-3-quartos-alto-da-mooca-sao-paulo,https://www.quintoandar.com.br/alugar/imovel/zona-leste-sao-paulo-sp-brasil/mobiliado,217,True,3,Belém,"Rua Margarida Silveira Leite, Belém, São Paulo",82840876,Sala,sala,https://www.quintoandar.com.br/img/med/original895358026-785.5136086140432Foto3.jpg,data/external/quintoandar/images/sala/895358026_003_82840876_sala.jpg,True,26915
quintoandar,895358026,https://www.quintoandar.com.br/imovel/895358026/alugar/casa-3-quartos-alto-da-mooca-sao-paulo,https://www.quintoandar.com.br/alugar/imovel/zona-leste-sao-paulo-sp-brasil/mobiliado,217,True,3,Belém,"Rua Margarida Silveira Leite, Belém, São Paulo",82840877,Sala,sala,https://www.quintoandar.com.br/img/med/original895358026-338.76434266225084Foto4.jpg,data/external/quintoandar/images/sala/895358026_004_82840877_sala.jpg,True,24608
quintoandar,895358026,https://www.quintoandar.com.br/imovel/895358026/alugar/casa-3-quartos-alto-da-mooca-sao-paulo,https://www.quintoandar.com.br/alugar/imovel/zona-leste-sao-paulo-sp-brasil/mobiliado,217,True,3,Belém,"Rua Margarida Silveira Leite, Belém, São Paulo",82840879,Sala,sala,https://www.quintoandar.com.br/img/med/original895358026-665.7256031466237Foto5.jpg,data/external/quintoandar/images/sala/895358026_005_82840879_sala.jpg,True,26215
quintoandar,895358026,https://www.quintoandar.com.br/imovel/895358026/alugar/casa-3-quartos-alto-da-mooca-sao-paulo,https://www.quintoandar.com.br/alugar/imovel/zona-leste-sao-paulo-sp-brasil/mobiliado,217,True,3,Belém,"Rua Margarida Silveira Leite, Belém, São Paulo",82840881,Sala,sala,https://www.quintoandar.com.br/img/med/original895358026-385.96730440261484Foto6.jpg,data/external/quintoandar/images/sala/895358026_006_82840881_sala.jpg,True,25577
quintoandar,895358026,https://www.quintoandar.com.br/imovel/895358026/alugar/casa-3-quartos-alto-da-mooca-sao-paulo,https://www.quintoandar.com.br/alugar/imovel/zona-leste-sao-paulo-sp-brasil/mobiliado,217,True,3,Belém,"Rua Margarida Silveira Leite, Belém, São Paulo",82840883,Sala,sala,https://www.quintoandar.com.br/img/med/original895358026-846.3479058747365Foto7.jpg,data/external/quintoandar/images/sala/895358026_007_82840883_sala.jpg,True,24850
quintoandar,895358026,https://www.quintoandar.com.br/imovel/895358026/alugar/casa-3-quartos-alto-da-mooca-sao-paulo,https://www.quintoandar.com.br/alugar/imovel/zona-leste-sao-paulo-sp-brasil/mobiliado,217,True,3,Belém,"Rua Margarida Silveira Leite, Belém, São Paulo",82840885,Sala,sala,https://www.quintoandar.com.br/img/med/original895358026-280.11031411903485Foto8.jpg,data/external/quintoandar/images/sala/895358026_008_82840885_sala.jpg,True,22532
quintoandar,895358026,https://www.quintoandar.com.br/imovel/895358026/alugar/casa-3-quartos-alto-da-mooca-sao-paulo,https://www.quintoandar.com.br/alugar/imovel/zona-leste-sao-paulo-sp-brasil/mobiliado,217,True,3,Belém,"Rua Margarida Silveira Leite, Belém, São Paulo",82840886,Sala,sala,https://www.quintoandar.com.br/img/med/original895358026-625.5876541141732Foto9.jpg,data/external/quintoandar/images/sala/895358026_009_82840886_sala.jpg,True,23729
quintoandar,895358026,https://www.quintoandar.com.br/imovel/895358026/alugar/casa-3-quartos-alto-da-mooca-sao-paulo,https://www.quintoandar.com.br/alugar/imovel/zona-leste-sao-paulo-sp-brasil/mobiliado,217,True,3,Belém,"Rua Margarida Silveira Leite, Belém, São Paulo",82840889,Sala,sala,https://www.quintoandar.com.br/img/med/original895358026-403.1815215890666Foto10.jpg,data/external/quintoandar/images/sala/895358026_010_82840889_sala.jpg,True,26102
quintoandar,895358026,https://www.quintoandar.com.br/imovel/895358026/alugar/casa-3-quartos-alto-da-mooca-sao-paulo,https://www.quintoandar.com.br/alugar/imovel/zona-leste-sao-paulo-sp-brasil/mobiliado,217,True,3,Belém,"Rua Margarida Silveira Leite, Belém, São Paulo",82840895,Quarto 1 - Suíte,quarto,https://www.quintoandar.com.br/img/med/original895358026-308.3036380066775Foto12.jpg,data/external/quintoandar/images/quarto/895358026_011_82840895_quarto_1_suite.jpg,True,26236
quintoandar,895358026,https://www.quintoandar.com.br/imovel/895358026/alugar/casa-3-quartos-alto-da-mooca-sao-paulo,https://www.quintoandar.com.br/alugar/imovel/zona-leste-sao-paulo-sp-brasil/mobiliado,217,True,3,Belém,"Rua Margarida Silveira Leite, Belém, São Paulo",82840897,Quarto 1 - Suíte,quarto,https://www.quintoandar.com.br/img/med/original895358026-376.40997257280793Foto13.jpg,data/external/quintoandar/images/quarto/895358026_012_82840897_quarto_1_suite.jpg,True,23312
quintoandar,895358026,https://www.quintoandar.com.br/imovel/895358026/alugar/casa-3-quartos-alto-da-mooca-sao-paulo,https://www.quintoandar.com.br/alugar/imovel/zona-leste-sao-paulo-sp-brasil/mobiliado,217,True,3,Belém,"Rua Margarida Silveira Leite, Belém, São Paulo",82840899,Quarto 1 - Suíte,quarto,https://www.quintoandar.com.br/img/med/original895358026-544.2859663566383Foto14.jpg,data/external/quintoandar/images/quarto/895358026_013_82840899_quarto_1_suite.jpg,True,23254
quintoandar,895358026,https://www.quintoandar.com.br/imovel/895358026/alugar/casa-3-quartos-alto-da-mooca-sao-paulo,https://www.quintoandar.com.br/alugar/imovel/zona-leste-sao-paulo-sp-brasil/mobiliado,217,True,3,Belém,"Rua Margarida Silveira Leite, Belém, São Paulo",82840903,Quarto 1 - Suíte,quarto,https://www.quintoandar.com.br/img/med/original895358026-431.3060016249136Foto15.jpg,data/external/quintoandar/images/quarto/895358026_014_82840903_quarto_1_suite.jpg,True,23954
quintoandar,895358026,https://www.quintoandar.com.br/imovel/895358026/alugar/casa-3-quartos-alto-da-mooca-sao-paulo,https://www.quintoandar.com.br/alugar/imovel/zona-leste-sao-paulo-sp-brasil/mobiliado,217,True,3,Belém,"Rua Margarida Silveira Leite, Belém, São Paulo",82840905,Quarto 1 - Suíte,quarto,https://www.quintoandar.com.br/img/med/original895358026-675.5190555222545Foto16.jpg,data/external/quintoandar/images/quarto/895358026_015_82840905_quarto_1_suite.jpg,True,12976
quintoandar,895358026,https://www.quintoandar.com.br/imovel/895358026/alugar/casa-3-quartos-alto-da-mooca-sao-paulo,https://www.quintoandar.com.br/alugar/imovel/zona-leste-sao-paulo-sp-brasil/mobiliado,217,True,3,Belém,"Rua Margarida Silveira Leite, Belém, São Paulo",82840908,Quarto 1 - Suíte,quarto,https://www.quintoandar.com.br/img/med/original895358026-822.5708292241917Foto17.jpg,data/external/quintoandar/images/quarto/895358026_016_82840908_quarto_1_suite.jpg,True,16838
quintoandar,895358026,https://www.quintoandar.com.br/imovel/895358026/alugar/casa-3-quartos-alto-da-mooca-sao-paulo,https://www.quintoandar.com.br/alugar/imovel/zona-leste-sao-paulo-sp-brasil/mobiliado,217,True,3,Belém,"Rua Margarida Silveira Leite, Belém, São Paulo",82840912,Quarto 1 - Suíte,quarto,https://www.quintoandar.com.br/img/med/original895358026-700.528667450008Foto18.jpg,data/external/quintoandar/images/quarto/895358026_017_82840912_quarto_1_suite.jpg,True,13161
quintoandar,895358026,https://www.quintoandar.com.br/imovel/895358026/alugar/casa-3-quartos-alto-da-mooca-sao-paulo,https://www.quintoandar.com.br/alugar/imovel/zona-leste-sao-paulo-sp-brasil/mobiliado,217,True,3,Belém,"Rua Margarida Silveira Leite, Belém, São Paulo",82840916,Quarto 1 - Suíte,quarto,https://www.quintoandar.com.br/img/med/original895358026-685.7777461504342Foto19.jpg,data/external/quintoandar/images/quarto/895358026_018_82840916_quarto_1_suite.jpg,True,17484
quintoandar,895358026,https://www.quintoandar.com.br/imovel/895358026/alugar/casa-3-quartos-alto-da-mooca-sao-paulo,https://www.quintoandar.com.br/alugar/imovel/zona-leste-sao-paulo-sp-brasil/mobiliado,217,True,3,Belém,"Rua Margarida Silveira Leite, Belém, São Paulo",82840919,Banheiro da Suíte,quarto_banheiro,https://www.quintoandar.com.br/img/med/original895358026-173.5994729567203Foto20.jpg,data/external/quintoandar/images/quarto_banheiro/895358026_019_82840919_banheiro_da_suite.jpg,True,13007
quintoandar,895358026,https://www.quintoandar.com.br/imovel/895358026/alugar/casa-3-quartos-alto-da-mooca-sao-paulo,https://www.quintoandar.com.br/alugar/imovel/zona-leste-sao-paulo-sp-brasil/mobiliado,217,True,3,Belém,"Rua Margarida Silveira Leite, Belém, São Paulo",82840921,Banheiro da Suíte,quarto_banheiro,https://www.quintoandar.com.br/img/med/original895358026-683.3131001892615Foto21.jpg,data/external/quintoandar/images/quarto_banheiro/895358026_020_82840921_banheiro_da_suite.jpg,True,13041
quintoandar,895358026,https://www.quintoandar.com.br/imovel/895358026/alugar/casa-3-quartos-alto-da-mooca-sao-paulo,https://www.quintoandar.com.br/alugar/imovel/zona-leste-sao-paulo-sp-brasil/mobiliado,217,True,3,Belém,"Rua Margarida Silveira Leite, Belém, São Paulo",82840926,Banheiro da Suíte,quarto_banheiro,https://www.quintoandar.com.br/img/med/original895358026-72.17798417769039Foto22.jpg,data/external/quintoandar/images/quarto_banheiro/895358026_021_82840926_banheiro_da_suite.jpg,True,12131
quintoandar,895358026,https://www.quintoandar.com.br/imovel/895358026/alugar/casa-3-quartos-alto-da-mooca-sao-paulo,https://www.quintoandar.com.br/alugar/imovel/zona-leste-sao-paulo-sp-brasil/mobiliado,217,True,3,Belém,"Rua Margarida Silveira Leite, Belém, São Paulo",82840929,Banheiro da Suíte,quarto_banheiro,https://www.quintoandar.com.br/img/med/original895358026-386.2761544525717Foto23.jpg,data/external/quintoandar/images/quarto_banheiro/895358026_022_82840929_banheiro_da_suite.jpg,True,12773
quintoandar,895358026,https://www.quintoandar.com.br/imovel/895358026/alugar/casa-3-quartos-alto-da-mooca-sao-paulo,https://www.quintoandar.com.br/alugar/imovel/zona-leste-sao-paulo-sp-brasil/mobiliado,217,True,3,Belém,"Rua Margarida Silveira Leite, Belém, São Paulo",82840932,Varanda da Suíte,quarto_varanda,https://www.quintoandar.com.br/img/med/original895358026-290.0419737584999Foto24.jpg,data/external/quintoandar/images/quarto_varanda/895358026_023_82840932_varanda_da_suite.jpg,True,15189
quintoandar,895358026,https://www.quintoandar.com.br/imovel/895358026/alugar/casa-3-quartos-alto-da-mooca-sao-paulo,https://www.quintoandar.com.br/alugar/imovel/zona-leste-sao-paulo-sp-brasil/mobiliado,217,True,3,Belém,"Rua Margarida Silveira Leite, Belém, São Paulo",82840935,Varanda da Suíte,quarto_varanda,https://www.quintoandar.com.br/img/med/original895358026-264.407052512952Foto25.jpg,data/external/quintoandar/images/quarto_varanda/895358026_024_82840935_varanda_da_suite.jpg,True,16355
quintoandar,895358026,https://www.quintoandar.com.br/imovel/895358026/alugar/casa-3-quartos-alto-da-mooca-sao-paulo,https://www.quintoandar.com.br/alugar/imovel/zona-leste-sao-paulo-sp-brasil/mobiliado,217,True,3,Belém,"Rua Margarida Silveira Leite, Belém, São Paulo",82840940,Varanda da Suíte,quarto_varanda,https://www.quintoandar.com.br/img/med/original895358026-750.8663583717714Foto26.jpg,data/external/quintoandar/images/quarto_varanda/895358026_025_82840940_varanda_da_suite.jpg,True,17830
quintoandar,895358026,https://www.quintoandar.com.br/imovel/895358026/alugar/casa-3-quartos-alto-da-mooca-sao-paulo,https://www.quintoandar.com.br/alugar/imovel/zona-leste-sao-paulo-sp-brasil/mobiliado,217,True,3,Belém,"Rua Margarida Silveira Leite, Belém, São Paulo",82840943,Varanda da Suíte,quarto_varanda,https://www.quintoandar.com.br/img/med/original895358026-739.2119642577036Foto27.jpg,data/external/quintoandar/images/quarto_varanda/895358026_026_82840943_varanda_da_suite.jpg,True,16306
quintoandar,895358026,https://www.quintoandar.com.br/imovel/895358026/alugar/casa-3-quartos-alto-da-mooca-sao-paulo,https://www.quintoandar.com.br/alugar/imovel/zona-leste-sao-paulo-sp-brasil/mobiliado,217,True,3,Belém,"Rua Margarida Silveira Leite, Belém, São Paulo",82840945,Quarto 2,quarto,https://www.quintoandar.com.br/img/med/original895358026-453.56801086136113Foto28.jpg,data/external/quintoandar/images/quarto/895358026_027_82840945_quarto_2.jpg,True,25247
quintoandar,895358026,https://www.quintoandar.com.br/imovel/895358026/alugar/casa-3-quartos-alto-da-mooca-sao-paulo,https://www.quintoandar.com.br/alugar/imovel/zona-leste-sao-paulo-sp-brasil/mobiliado,217,True,3,Belém,"Rua Margarida Silveira Leite, Belém, São Paulo",82840949,Quarto 2,quarto,https://www.quintoandar.com.br/img/med/original895358026-859.8589905096292Foto29.jpg,data/external/quintoandar/images/quarto/895358026_028_82840949_quarto_2.jpg,True,21775
quintoandar,895358026,https://www.quintoandar.com.br/imovel/895358026/alugar/casa-3-quartos-alto-da-mooca-sao-paulo,https://www.quintoandar.com.br/alugar/imovel/zona-leste-sao-paulo-sp-brasil/mobiliado,217,True,3,Belém,"Rua Margarida Silveira Leite, Belém, São Paulo",82840951,Quarto 2,quarto,https://www.quintoandar.com.br/img/med/original895358026-44.75780403775165Foto30.jpg,data/external/quintoandar/images/quarto/895358026_029_82840951_quarto_2.jpg,True,18390
quintoandar,895358026,https://www.quintoandar.com.br/imovel/895358026/alugar/casa-3-quartos-alto-da-mooca-sao-paulo,https://www.quintoandar.com.br/alugar/imovel/zona-leste-sao-paulo-sp-brasil/mobiliado,217,True,3,Belém,"Rua Margarida Silveira Leite, Belém, São Paulo",82840954,Quarto 2,quarto,https://www.quintoandar.com.br/img/med/original895358026-767.8457856467608Foto31.jpg,data/external/quintoandar/images/quarto/895358026_030_82840954_quarto_2.jpg,True,19942
quintoandar,895358026,https://www.quintoandar.com.br/imovel/895358026/alugar/casa-3-quartos-alto-da-mooca-sao-paulo,https://www.quintoandar.com.br/alugar/imovel/zona-leste-sao-paulo-sp-brasil/mobiliado,217,True,3,Belém,"Rua Margarida Silveira Leite, Belém, São Paulo",82840957,Vista do Quarto 2,quarto,https://www.quintoandar.com.br/img/med/original895358026-846.7989896647315Foto32.jpg,data/external/quintoandar/images/quarto/895358026_031_82840957_vista_do_quarto_2.jpg,True,39084
quintoandar,895358026,https://www.quintoandar.com.br/imovel/895358026/alugar/casa-3-quartos-alto-da-mooca-sao-paulo,https://www.quintoandar.com.br/alugar/imovel/zona-leste-sao-paulo-sp-brasil/mobiliado,217,True,3,Belém,"Rua Margarida Silveira Leite, Belém, São Paulo",82840959,Quarto 3,quarto,https://www.quintoandar.com.br/img/med/original895358026-610.7347393557039Foto33.jpg,data/external/quintoandar/images/quarto/895358026_032_82840959_quarto_3.jpg,True,23878
quintoandar,895358026,https://www.quintoandar.com.br/imovel/895358026/alugar/casa-3-quartos-alto-da-mooca-sao-paulo,https://www.quintoandar.com.br/alugar/imovel/zona-leste-sao-paulo-sp-brasil/mobiliado,217,True,3,Belém,"Rua Margarida Silveira Leite, Belém, São Paulo",82840961,Quarto 3,quarto,https://www.quintoandar.com.br/img/med/original895358026-814.3798879233365Foto34.jpg,data/external/quintoandar/images/quarto/895358026_033_82840961_quarto_3.jpg,True,25281
quintoandar,895358026,https://www.quintoandar.com.br/imovel/895358026/alugar/casa-3-quartos-alto-da-mooca-sao-paulo,https://www.quintoandar.com.br/alugar/imovel/zona-leste-sao-paulo-sp-brasil/mobiliado,217,True,3,Belém,"Rua Margarida Silveira Leite, Belém, São Paulo",82840966,Quarto 3,quarto,https://www.quintoandar.com.br/img/med/original895358026-371.18254936843664Foto35.jpg,data/external/quintoandar/images/quarto/895358026_034_82840966_quarto_3.jpg,True,19997
quintoandar,895358026,https://www.quintoandar.com.br/imovel/895358026/alugar/casa-3-quartos-alto-da-mooca-sao-paulo,https://www.quintoandar.com.br/alugar/imovel/zona-leste-sao-paulo-sp-brasil/mobiliado,217,True,3,Belém,"Rua Margarida Silveira Leite, Belém, São Paulo",82840968,Quarto 3,quarto,https://www.quintoandar.com.br/img/med/original895358026-894.6254425528315Foto36.jpg,data/external/quintoandar/images/quarto/895358026_035_82840968_quarto_3.jpg,True,24617
quintoandar,895358026,https://www.quintoandar.com.br/imovel/895358026/alugar/casa-3-quartos-alto-da-mooca-sao-paulo,https://www.quintoandar.com.br/alugar/imovel/zona-leste-sao-paulo-sp-brasil/mobiliado,217,True,3,Belém,"Rua Margarida Silveira Leite, Belém, São Paulo",82840972,vista do Quarto 3,quarto,https://www.quintoandar.com.br/img/med/original895358026-852.4511328254591Foto37.jpg,data/external/quintoandar/images/quarto/895358026_036_82840972_vista_do_quarto_3.jpg,True,40018
quintoandar,895358026,https://www.quintoandar.com.br/imovel/895358026/alugar/casa-3-quartos-alto-da-mooca-sao-paulo,https://www.quintoandar.com.br/alugar/imovel/zona-leste-sao-paulo-sp-brasil/mobiliado,217,True,3,Belém,"Rua Margarida Silveira Leite, Belém, São Paulo",82840978,Banheiro,banheiro,https://www.quintoandar.com.br/img/med/original895358026-116.62245303196894Foto38.jpg,data/external/quintoandar/images/banheiro/895358026_037_82840978_banheiro.jpg,True,13296
quintoandar,895358026,https://www.quintoandar.com.br/imovel/895358026/alugar/casa-3-quartos-alto-da-mooca-sao-paulo,https://www.quintoandar.com.br/alugar/imovel/zona-leste-sao-paulo-sp-brasil/mobiliado,217,True,3,Belém,"Rua Margarida Silveira Leite, Belém, São Paulo",82840981,Banheiro,banheiro,https://www.quintoandar.com.br/img/med/original895358026-356.76196885969466Foto39.jpg,data/external/quintoandar/images/banheiro/895358026_038_82840981_banheiro.jpg,True,13064
quintoandar,895358026,https://www.quintoandar.com.br/imovel/895358026/alugar/casa-3-quartos-alto-da-mooca-sao-paulo,https://www.quintoandar.com.br/alugar/imovel/zona-leste-sao-paulo-sp-brasil/mobiliado,217,True,3,Belém,"Rua Margarida Silveira Leite, Belém, São Paulo",82840987,Banheiro,banheiro,https://www.quintoandar.com.br/img/med/original895358026-866.6355880012462Foto40.jpg,data/external/quintoandar/images/banheiro/895358026_039_82840987_banheiro.jpg,True,12629
quintoandar,895358026,https://www.quintoandar.com.br/imovel/895358026/alugar/casa-3-quartos-alto-da-mooca-sao-paulo,https://www.quintoandar.com.br/alugar/imovel/zona-leste-sao-paulo-sp-brasil/mobiliado,217,True,3,Belém,"Rua Margarida Silveira Leite, Belém, São Paulo",82840990,Banheiro,banheiro,https://www.quintoandar.com.br/img/med/original895358026-920.7615559220898Foto41.jpg,data/external/quintoandar/images/banheiro/895358026_040_82840990_banheiro.jpg,True,12650
quintoandar,895358026,https://www.quintoandar.com.br/imovel/895358026/alugar/casa-3-quartos-alto-da-mooca-sao-paulo,https://www.quintoandar.com.br/alugar/imovel/zona-leste-sao-paulo-sp-brasil/mobiliado,217,True,3,Belém,"Rua Margarida Silveira Leite, Belém, São Paulo",82841020,Lavabo,banheiro,https://www.quintoandar.com.br/img/med/original895358026-607.7007348918013Foto46.jpg,data/external/quintoandar/images/banheiro/895358026_045_82841020_lavabo.jpg,True,13380
quintoandar,895358026,https://www.quintoandar.com.br/imovel/895358026/alugar/casa-3-quartos-alto-da-mooca-sao-paulo,https://www.quintoandar.com.br/alugar/imovel/zona-leste-sao-paulo-sp-brasil/mobiliado,217,True,3,Belém,"Rua Margarida Silveira Leite, Belém, São Paulo",82841025,Lavabo,banheiro,https://www.quintoandar.com.br/img/med/original895358026-705.5170436253849Foto47.jpg,data/external/quintoandar/images/banheiro/895358026_046_82841025_lavabo.jpg,True,14066
quintoandar,895358026,https://www.quintoandar.com.br/imovel/895358026/alugar/casa-3-quartos-alto-da-mooca-sao-paulo,https://www.quintoandar.com.br/alugar/imovel/zona-leste-sao-paulo-sp-brasil/mobiliado,217,True,3,Belém,"Rua Margarida Silveira Leite, Belém, São Paulo",82841032,Lavabo,banheiro,https://www.quintoandar.com.br/img/med/original895358026-963.6214043794097Foto48.jpg,data/external/quintoandar/images/banheiro/895358026_047_82841032_lavabo.jpg,True,13392
quintoandar,895358026,https://www.quintoandar.com.br/imovel/895358026/alugar/casa-3-quartos-alto-da-mooca-sao-paulo,https://www.quintoandar.com.br/alugar/imovel/zona-leste-sao-paulo-sp-brasil/mobiliado,217,True,3,Belém,"Rua Margarida Silveira Leite, Belém, São Paulo",82841040,Lavabo,banheiro,https://www.quintoandar.com.br/img/med/original895358026-887.1266341657566Foto49.jpg,data/external/quintoandar/images/banheiro/895358026_048_82841040_lavabo.jpg,True,12069
quintoandar,895358026,https://www.quintoandar.com.br/imovel/895358026/alugar/casa-3-quartos-alto-da-mooca-sao-paulo,https://www.quintoandar.com.br/alugar/imovel/zona-leste-sao-paulo-sp-brasil/mobiliado,217,True,3,Belém,"Rua Margarida Silveira Leite, Belém, São Paulo",82841047,Cozinha,cozinha,https://www.quintoandar.com.br/img/med/original895358026-824.2715549699781Foto50.jpg,data/external/quintoandar/images/cozinha/895358026_049_82841047_cozinha.jpg,True,23574
quintoandar,895358026,https://www.quintoandar.com.br/imovel/895358026/alugar/casa-3-quartos-alto-da-mooca-sao-paulo,https://www.quintoandar.com.br/alugar/imovel/zona-leste-sao-paulo-sp-brasil/mobiliado,217,True,3,Belém,"Rua Margarida Silveira Leite, Belém, São Paulo",82841052,Cozinha,cozinha,https://www.quintoandar.com.br/img/med/original895358026-262.49077377795504Foto51.jpg,data/external/quintoandar/images/cozinha/895358026_050_82841052_cozinha.jpg,True,22829
quintoandar,895358026,https://www.quintoandar.com.br/imovel/895358026/alugar/casa-3-quartos-alto-da-mooca-sao-paulo,https://www.quintoandar.com.br/alugar/imovel/zona-leste-sao-paulo-sp-brasil/mobiliado,217,True,3,Belém,"Rua Margarida Silveira Leite, Belém, São Paulo",82841061,Cozinha,cozinha,https://www.quintoandar.com.br/img/med/original895358026-212.5997777280926Foto52.jpg,data/external/quintoandar/images/cozinha/895358026_051_82841061_cozinha.jpg,True,23019
quintoandar,895358026,https://www.quintoandar.com.br/imovel/895358026/alugar/casa-3-quartos-alto-da-mooca-sao-paulo,https://www.quintoandar.com.br/alugar/imovel/zona-leste-sao-paulo-sp-brasil/mobiliado,217,True,3,Belém,"Rua Margarida Silveira Leite, Belém, São Paulo",82841067,Cozinha,cozinha,https://www.quintoandar.com.br/img/med/original895358026-678.4742387517225Foto53.jpg,data/external/quintoandar/images/cozinha/895358026_052_82841067_cozinha.jpg,True,21249
quintoandar,895358026,https://www.quintoandar.com.br/imovel/895358026/alugar/casa-3-quartos-alto-da-mooca-sao-paulo,https://www.quintoandar.com.br/alugar/imovel/zona-leste-sao-paulo-sp-brasil/mobiliado,217,True,3,Belém,"Rua Margarida Silveira Leite, Belém, São Paulo",82841072,Cozinha,cozinha,https://www.quintoandar.com.br/img/med/original895358026-956.5871784005359Foto54.jpg,data/external/quintoandar/images/cozinha/895358026_053_82841072_cozinha.jpg,True,25773
quintoandar,895358026,https://www.quintoandar.com.br/imovel/895358026/alugar/casa-3-quartos-alto-da-mooca-sao-paulo,https://www.quintoandar.com.br/alugar/imovel/zona-leste-sao-paulo-sp-brasil/mobiliado,217,True,3,Belém,"Rua Margarida Silveira Leite, Belém, São Paulo",82841079,Cozinha,cozinha,https://www.quintoandar.com.br/img/med/original895358026-154.37140068036703Foto55.jpg,data/external/quintoandar/images/cozinha/895358026_054_82841079_cozinha.jpg,True,22508
quintoandar,895358026,https://www.quintoandar.com.br/imovel/895358026/alugar/casa-3-quartos-alto-da-mooca-sao-paulo,https://www.quintoandar.com.br/alugar/imovel/zona-leste-sao-paulo-sp-brasil/mobiliado,217,True,3,Belém,"Rua Margarida Silveira Leite, Belém, São Paulo",82841088,Cozinha,cozinha,https://www.quintoandar.com.br/img/med/original895358026-607.9979284915091Foto56.jpg,data/external/quintoandar/images/cozinha/895358026_055_82841088_cozinha.jpg,True,21111
quintoandar,895358026,https://www.quintoandar.com.br/imovel/895358026/alugar/casa-3-quartos-alto-da-mooca-sao-paulo,https://www.quintoandar.com.br/alugar/imovel/zona-leste-sao-paulo-sp-brasil/mobiliado,217,True,3,Belém,"Rua Margarida Silveira Leite, Belém, São Paulo",82841165,Área externa,area_externa,https://www.quintoandar.com.br/img/med/original895358026-382.6288206661398Foto65.jpg,data/external/quintoandar/images/area_externa/895358026_064_82841165_area_externa.jpg,True,15195
quintoandar,895358026,https://www.quintoandar.com.br/imovel/895358026/alugar/casa-3-quartos-alto-da-mooca-sao-paulo,https://www.quintoandar.com.br/alugar/imovel/zona-leste-sao-paulo-sp-brasil/mobiliado,217,True,3,Belém,"Rua Margarida Silveira Leite, Belém, São Paulo",82841176,Área externa,area_externa,https://www.quintoandar.com.br/img/med/original895358026-836.9669434297728Foto66.jpg,data/external/quintoandar/images/area_externa/895358026_065_82841176_area_externa.jpg,True,15813
quintoandar,895358026,https://www.quintoandar.com.br/imovel/895358026/alugar/casa-3-quartos-alto-da-mooca-sao-paulo,https://www.quintoandar.com.br/alugar/imovel/zona-leste-sao-paulo-sp-brasil/mobiliado,217,True,3,Belém,"Rua Margarida Silveira Leite, Belém, São Paulo",82841190,Área externa,area_externa,https://www.quintoandar.com.br/img/med/original895358026-466.61395414096216Foto67.jpg,data/external/quintoandar/images/area_externa/895358026_066_82841190_area_externa.jpg,True,14251
quintoandar,895358026,https://www.quintoandar.com.br/imovel/895358026/alugar/casa-3-quartos-alto-da-mooca-sao-paulo,https://www.quintoandar.com.br/alugar/imovel/zona-leste-sao-paulo-sp-brasil/mobiliado,217,True,3,Belém,"Rua Margarida Silveira Leite, Belém, São Paulo",82841205,Área externa,area_externa,https://www.quintoandar.com.br/img/med/original895358026-491.2475798861677Foto68.jpg,data/external/quintoandar/images/area_externa/895358026_067_82841205_area_externa.jpg,True,15510
quintoandar,895358026,https://www.quintoandar.com.br/imovel/895358026/alugar/casa-3-quartos-alto-da-mooca-sao-paulo,https://www.quintoandar.com.br/alugar/imovel/zona-leste-sao-paulo-sp-brasil/mobiliado,217,True,3,Belém,"Rua Margarida Silveira Leite, Belém, São Paulo",82841212,Banheiro de serviço,banheiro,https://www.quintoandar.com.br/img/med/original895358026-779.8068567163326Foto69.jpg,data/external/quintoandar/images/banheiro/895358026_068_82841212_banheiro_de_servico.jpg,True,10074
quintoandar,895358026,https://www.quintoandar.com.br/imovel/895358026/alugar/casa-3-quartos-alto-da-mooca-sao-paulo,https://www.quintoandar.com.br/alugar/imovel/zona-leste-sao-paulo-sp-brasil/mobiliado,217,True,3,Belém,"Rua Margarida Silveira Leite, Belém, São Paulo",82841217,Banheiro de serviço,banheiro,https://www.quintoandar.com.br/img/med/original895358026-834.9261798188419Foto70.jpg,data/external/quintoandar/images/banheiro/895358026_069_82841217_banheiro_de_servico.jpg,True,8493
quintoandar,895358026,https://www.quintoandar.com.br/imovel/895358026/alugar/casa-3-quartos-alto-da-mooca-sao-paulo,https://www.quintoandar.com.br/alugar/imovel/zona-leste-sao-paulo-sp-brasil/mobiliado,217,True,3,Belém,"Rua Margarida Silveira Leite, Belém, São Paulo",82841226,Banheiro de serviço,banheiro,https://www.quintoandar.com.br/img/med/original895358026-508.35209999999677Foto71.jpg,data/external/quintoandar/images/banheiro/895358026_070_82841226_banheiro_de_servico.jpg,True,11248
quintoandar,895358026,https://www.quintoandar.com.br/imovel/895358026/alugar/casa-3-quartos-alto-da-mooca-sao-paulo,https://www.quintoandar.com.br/alugar/imovel/zona-leste-sao-paulo-sp-brasil/mobiliado,217,True,3,Belém,"Rua Margarida Silveira Leite, Belém, São Paulo",82841233,Banheiro de serviço,banheiro,https://www.quintoandar.com.br/img/med/original895358026-992.3418642096632Foto72.jpg,data/external/quintoandar/images/banheiro/895358026_071_82841233_banheiro_de_servico.jpg,True,11331
quintoandar,895358026,https://www.quintoandar.com.br/imovel/895358026/alugar/casa-3-quartos-alto-da-mooca-sao-paulo,https://www.quintoandar.com.br/alugar/imovel/zona-leste-sao-paulo-sp-brasil/mobiliado,217,True,3,Belém,"Rua Margarida Silveira Leite, Belém, São Paulo",82841238,Área externa,area_externa,https://www.quintoandar.com.br/img/med/original895358026-315.96563485362503Foto73.jpg,data/external/quintoandar/images/area_externa/895358026_072_82841238_area_externa.jpg,True,37831
quintoandar,895358026,https://www.quintoandar.com.br/imovel/895358026/alugar/casa-3-quartos-alto-da-mooca-sao-paulo,https://www.quintoandar.com.br/alugar/imovel/zona-leste-sao-paulo-sp-brasil/mobiliado,217,True,3,Belém,"Rua Margarida Silveira Leite, Belém, São Paulo",82841247,Área externa,area_externa,https://www.quintoandar.com.br/img/med/original895358026-741.8224557385352Foto74.jpg,data/external/quintoandar/images/area_externa/895358026_073_82841247_area_externa.jpg,True,39844
quintoandar,895358026,https://www.quintoandar.com.br/imovel/895358026/alugar/casa-3-quartos-alto-da-mooca-sao-paulo,https://www.quintoandar.com.br/alugar/imovel/zona-leste-sao-paulo-sp-brasil/mobiliado,217,True,3,Belém,"Rua Margarida Silveira Leite, Belém, São Paulo",82841253,Área externa,area_externa,https://www.quintoandar.com.br/img/med/original895358026-590.62799346303Foto75.jpg,data/external/quintoandar/images/area_externa/895358026_074_82841253_area_externa.jpg,True,29719
quintoandar,895358026,https://www.quintoandar.com.br/imovel/895358026/alugar/casa-3-quartos-alto-da-mooca-sao-paulo,https://www.quintoandar.com.br/alugar/imovel/zona-leste-sao-paulo-sp-brasil/mobiliado,217,True,3,Belém,"Rua Margarida Silveira Leite, Belém, São Paulo",82841259,Área externa,area_externa,https://www.quintoandar.com.br/img/med/original895358026-918.7422579193909Foto76.jpg,data/external/quintoandar/images/area_externa/895358026_075_82841259_area_externa.jpg,True,23611
quintoandar,895358026,https://www.quintoandar.com.br/imovel/895358026/alugar/casa-3-quartos-alto-da-mooca-sao-paulo,https://www.quintoandar.com.br/alugar/imovel/zona-leste-sao-paulo-sp-brasil/mobiliado,217,True,3,Belém,"Rua Margarida Silveira Leite, Belém, São Paulo",82841265,Área externa,area_externa,https://www.quintoandar.com.br/img/med/original895358026-804.046584111401Foto77.jpg,data/external/quintoandar/images/area_externa/895358026_076_82841265_area_externa.jpg,True,36467
quintoandar,895358026,https://www.quintoandar.com.br/imovel/895358026/alugar/casa-3-quartos-alto-da-mooca-sao-paulo,https://www.quintoandar.com.br/alugar/imovel/zona-leste-sao-paulo-sp-brasil/mobiliado,217,True,3,Belém,"Rua Margarida Silveira Leite, Belém, São Paulo",82841271,Área externa,area_externa,https://www.quintoandar.com.br/img/med/original895358026-709.0722908141092Foto78.jpg,data/external/quintoandar/images/area_externa/895358026_077_82841271_area_externa.jpg,True,30646
quintoandar,895358026,https://www.quintoandar.com.br/imovel/895358026/alugar/casa-3-quartos-alto-da-mooca-sao-paulo,https://www.quintoandar.com.br/alugar/imovel/zona-leste-sao-paulo-sp-brasil/mobiliado,217,True,3,Belém,"Rua Margarida Silveira Leite, Belém, São Paulo",82841279,Área externa,area_externa,https://www.quintoandar.com.br/img/med/original895358026-28.091234811107093Foto79.jpg,data/external/quintoandar/images/area_externa/895358026_078_82841279_area_externa.jpg,True,32553
quintoandar,895358026,https://www.quintoandar.com.br/imovel/895358026/alugar/casa-3-quartos-alto-da-mooca-sao-paulo,https://www.quintoandar.com.br/alugar/imovel/zona-leste-sao-paulo-sp-brasil/mobiliado,217,True,3,Belém,"Rua Margarida Silveira Leite, Belém, São Paulo",82841284,Área externa,area_externa,https://www.quintoandar.com.br/img/med/original895358026-682.998705879747Foto80.jpg,data/external/quintoandar/images/area_externa/895358026_079_82841284_area_externa.jpg,True,37104
quintoandar,895358026,https://www.quintoandar.com.br/imovel/895358026/alugar/casa-3-quartos-alto-da-mooca-sao-paulo,https://www.quintoandar.com.br/alugar/imovel/zona-leste-sao-paulo-sp-brasil/mobiliado,217,True,3,Belém,"Rua Margarida Silveira Leite, Belém, São Paulo",82841292,Garagem,garagem,https://www.quintoandar.com.br/img/med/original895358026-399.2215379396089Foto81.jpg,data/external/quintoandar/images/garagem/895358026_080_82841292_garagem.jpg,True,22634
quintoandar,895358026,https://www.quintoandar.com.br/imovel/895358026/alugar/casa-3-quartos-alto-da-mooca-sao-paulo,https://www.quintoandar.com.br/alugar/imovel/zona-leste-sao-paulo-sp-brasil/mobiliado,217,True,3,Belém,"Rua Margarida Silveira Leite, Belém, São Paulo",82841298,Garagem,garagem,https://www.quintoandar.com.br/img/med/original895358026-630.874124752158Foto82.jpg,data/external/quintoandar/images/garagem/895358026_081_82841298_garagem.jpg,True,24156
quintoandar,895358026,https://www.quintoandar.com.br/imovel/895358026/alugar/casa-3-quartos-alto-da-mooca-sao-paulo,https://www.quintoandar.com.br/alugar/imovel/zona-leste-sao-paulo-sp-brasil/mobiliado,217,True,3,Belém,"Rua Margarida Silveira Leite, Belém, São Paulo",82841304,Garagem,garagem,https://www.quintoandar.com.br/img/med/original895358026-183.479289606277Foto83.jpg,data/external/quintoandar/images/garagem/895358026_082_82841304_garagem.jpg,True,21884
quintoandar,895358026,https://www.quintoandar.com.br/imovel/895358026/alugar/casa-3-quartos-alto-da-mooca-sao-paulo,https://www.quintoandar.com.br/alugar/imovel/zona-leste-sao-paulo-sp-brasil/mobiliado,217,True,3,Belém,"Rua Margarida Silveira Leite, Belém, São Paulo",82841310,Garagem,garagem,https://www.quintoandar.com.br/img/med/original895358026-557.2844862960537Foto84.jpg,data/external/quintoandar/images/garagem/895358026_083_82841310_garagem.jpg,True,24602
quintoandar,895358026,https://www.quintoandar.com.br/imovel/895358026/alugar/casa-3-quartos-alto-da-mooca-sao-paulo,https://www.quintoandar.com.br/alugar/imovel/zona-leste-sao-paulo-sp-brasil/mobiliado,217,True,3,Belém,"Rua Margarida Silveira Leite, Belém, São Paulo",82841316,Fachada - Plaquinha,area_externa,https://www.quintoandar.com.br/img/med/original895358026-806.937011191295Foto85.jpg,data/external/quintoandar/images/area_externa/895358026_084_82841316_fachada_plaquinha.jpg,True,36987
quintoandar,893411891,https://www.quintoandar.com.br/imovel/893411891/alugar/apartamento-4-quartos-recreio-dos-bandeirantes-rio-de-janeiro,https://www.quintoandar.com.br/alugar/imovel/rio-de-janeiro-rj-brasil/mobiliado,400,True,4,Recreio,"Rua Frederico Quartarolli, Recreio, Rio de Janeiro",19490499,Sala de Estar,sala,https://www.quintoandar.com.br/img/med/893411891-377.9834561506734IMG6679.jpg,data/external/quintoandar/images/sala/893411891_001_19490499_sala_de_estar.jpg,True,20193
quintoandar,893411891,https://www.quintoandar.com.br/imovel/893411891/alugar/apartamento-4-quartos-recreio-dos-bandeirantes-rio-de-janeiro,https://www.quintoandar.com.br/alugar/imovel/rio-de-janeiro-rj-brasil/mobiliado,400,True,4,Recreio,"Rua Frederico Quartarolli, Recreio, Rio de Janeiro",19490510,Sala de Estar,sala,https://www.quintoandar.com.br/img/med/893411891-804.7339706512594IMG6687.jpg,data/external/quintoandar/images/sala/893411891_002_19490510_sala_de_estar.jpg,True,22118
quintoandar,893411891,https://www.quintoandar.com.br/imovel/893411891/alugar/apartamento-4-quartos-recreio-dos-bandeirantes-rio-de-janeiro,https://www.quintoandar.com.br/alugar/imovel/rio-de-janeiro-rj-brasil/mobiliado,400,True,4,Recreio,"Rua Frederico Quartarolli, Recreio, Rio de Janeiro",19490514,Sala de Estar,sala,https://www.quintoandar.com.br/img/med/893411891-848.2563906150743IMG6689.jpg,data/external/quintoandar/images/sala/893411891_003_19490514_sala_de_estar.jpg,True,21564
quintoandar,893411891,https://www.quintoandar.com.br/imovel/893411891/alugar/apartamento-4-quartos-recreio-dos-bandeirantes-rio-de-janeiro,https://www.quintoandar.com.br/alugar/imovel/rio-de-janeiro-rj-brasil/mobiliado,400,True,4,Recreio,"Rua Frederico Quartarolli, Recreio, Rio de Janeiro",19490493,Sala de Jantar,sala,https://www.quintoandar.com.br/img/med/893411891-947.0364663206774IMG6673.jpg,data/external/quintoandar/images/sala/893411891_004_19490493_sala_de_jantar.jpg,True,21001
quintoandar,893411891,https://www.quintoandar.com.br/imovel/893411891/alugar/apartamento-4-quartos-recreio-dos-bandeirantes-rio-de-janeiro,https://www.quintoandar.com.br/alugar/imovel/rio-de-janeiro-rj-brasil/mobiliado,400,True,4,Recreio,"Rua Frederico Quartarolli, Recreio, Rio de Janeiro",19490496,Sala de Jantar,sala,https://www.quintoandar.com.br/img/med/893411891-323.83480661136923IMG6674.jpg,data/external/quintoandar/images/sala/893411891_005_19490496_sala_de_jantar.jpg,True,25574
quintoandar,893411891,https://www.quintoandar.com.br/imovel/893411891/alugar/apartamento-4-quartos-recreio-dos-bandeirantes-rio-de-janeiro,https://www.quintoandar.com.br/alugar/imovel/rio-de-janeiro-rj-brasil/mobiliado,400,True,4,Recreio,"Rua Frederico Quartarolli, Recreio, Rio de Janeiro",19490498,Sala de Jantar,sala,https://www.quintoandar.com.br/img/med/893411891-919.5719612694762IMG6678.jpg,data/external/quintoandar/images/sala/893411891_006_19490498_sala_de_jantar.jpg,True,26865
quintoandar,893411891,https://www.quintoandar.com.br/imovel/893411891/alugar/apartamento-4-quartos-recreio-dos-bandeirantes-rio-de-janeiro,https://www.quintoandar.com.br/alugar/imovel/rio-de-janeiro-rj-brasil/mobiliado,400,True,4,Recreio,"Rua Frederico Quartarolli, Recreio, Rio de Janeiro",19490475,Varanda da Sala,sala_varanda,https://www.quintoandar.com.br/img/med/893411891-130.033755580908IMG6657.jpg,data/external/quintoandar/images/sala_varanda/893411891_007_19490475_varanda_da_sala.jpg,True,30944
quintoandar,893411891,https://www.quintoandar.com.br/imovel/893411891/alugar/apartamento-4-quartos-recreio-dos-bandeirantes-rio-de-janeiro,https://www.quintoandar.com.br/alugar/imovel/rio-de-janeiro-rj-brasil/mobiliado,400,True,4,Recreio,"Rua Frederico Quartarolli, Recreio, Rio de Janeiro",19490503,Vista da Varanda,varanda,https://www.quintoandar.com.br/img/med/893411891-462.156287821041IMG6684.jpg,data/external/quintoandar/images/varanda/893411891_008_19490503_vista_da_varanda.jpg,True,24778
quintoandar,893411891,https://www.quintoandar.com.br/imovel/893411891/alugar/apartamento-4-quartos-recreio-dos-bandeirantes-rio-de-janeiro,https://www.quintoandar.com.br/alugar/imovel/rio-de-janeiro-rj-brasil/mobiliado,400,True,4,Recreio,"Rua Frederico Quartarolli, Recreio, Rio de Janeiro",19490506,Vista da Varanda,varanda,https://www.quintoandar.com.br/img/med/893411891-814.3403960947674IMG6685.jpg,data/external/quintoandar/images/varanda/893411891_009_19490506_vista_da_varanda.jpg,True,31263
quintoandar,893411891,https://www.quintoandar.com.br/imovel/893411891/alugar/apartamento-4-quartos-recreio-dos-bandeirantes-rio-de-janeiro,https://www.quintoandar.com.br/alugar/imovel/rio-de-janeiro-rj-brasil/mobiliado,400,True,4,Recreio,"Rua Frederico Quartarolli, Recreio, Rio de Janeiro",19490469,Suíte 1,quarto,https://www.quintoandar.com.br/img/med/893411891-998.2120914682413IMG6649.jpg,data/external/quintoandar/images/quarto/893411891_010_19490469_suite_1.jpg,True,19647
quintoandar,893411891,https://www.quintoandar.com.br/imovel/893411891/alugar/apartamento-4-quartos-recreio-dos-bandeirantes-rio-de-janeiro,https://www.quintoandar.com.br/alugar/imovel/rio-de-janeiro-rj-brasil/mobiliado,400,True,4,Recreio,"Rua Frederico Quartarolli, Recreio, Rio de Janeiro",19490471,Suíte 1,quarto,https://www.quintoandar.com.br/img/med/893411891-951.0683597577796IMG6651.jpg,data/external/quintoandar/images/quarto/893411891_011_19490471_suite_1.jpg,True,21008
quintoandar,893411891,https://www.quintoandar.com.br/imovel/893411891/alugar/apartamento-4-quartos-recreio-dos-bandeirantes-rio-de-janeiro,https://www.quintoandar.com.br/alugar/imovel/rio-de-janeiro-rj-brasil/mobiliado,400,True,4,Recreio,"Rua Frederico Quartarolli, Recreio, Rio de Janeiro",19490473,Suíte 1,quarto,https://www.quintoandar.com.br/img/med/893411891-224.16105689885268IMG6655.jpg,data/external/quintoandar/images/quarto/893411891_012_19490473_suite_1.jpg,True,21133
quintoandar,893411891,https://www.quintoandar.com.br/imovel/893411891/alugar/apartamento-4-quartos-recreio-dos-bandeirantes-rio-de-janeiro,https://www.quintoandar.com.br/alugar/imovel/rio-de-janeiro-rj-brasil/mobiliado,400,True,4,Recreio,"Rua Frederico Quartarolli, Recreio, Rio de Janeiro",19490477,Quarto 1,quarto,https://www.quintoandar.com.br/img/med/893411891-697.2494763521098IMG6659.jpg,data/external/quintoandar/images/quarto/893411891_013_19490477_quarto_1.jpg,True,15275
quintoandar,893411891,https://www.quintoandar.com.br/imovel/893411891/alugar/apartamento-4-quartos-recreio-dos-bandeirantes-rio-de-janeiro,https://www.quintoandar.com.br/alugar/imovel/rio-de-janeiro-rj-brasil/mobiliado,400,True,4,Recreio,"Rua Frederico Quartarolli, Recreio, Rio de Janeiro",19490479,Quarto 1,quarto,https://www.quintoandar.com.br/img/med/893411891-132.27167061653088IMG6660.jpg,data/external/quintoandar/images/quarto/893411891_014_19490479_quarto_1.jpg,True,18703
quintoandar,893411891,https://www.quintoandar.com.br/imovel/893411891/alugar/apartamento-4-quartos-recreio-dos-bandeirantes-rio-de-janeiro,https://www.quintoandar.com.br/alugar/imovel/rio-de-janeiro-rj-brasil/mobiliado,400,True,4,Recreio,"Rua Frederico Quartarolli, Recreio, Rio de Janeiro",19490489,Quarto 2,quarto,https://www.quintoandar.com.br/img/med/893411891-35.784842468303935IMG6666.jpg,data/external/quintoandar/images/quarto/893411891_015_19490489_quarto_2.jpg,True,18041
quintoandar,893411891,https://www.quintoandar.com.br/imovel/893411891/alugar/apartamento-4-quartos-recreio-dos-bandeirantes-rio-de-janeiro,https://www.quintoandar.com.br/alugar/imovel/rio-de-janeiro-rj-brasil/mobiliado,400,True,4,Recreio,"Rua Frederico Quartarolli, Recreio, Rio de Janeiro",19490491,Quarto 2,quarto,https://www.quintoandar.com.br/img/med/893411891-96.2371111567093IMG6669.jpg,data/external/quintoandar/images/quarto/893411891_016_19490491_quarto_2.jpg,True,17117
quintoandar,893411891,https://www.quintoandar.com.br/imovel/893411891/alugar/apartamento-4-quartos-recreio-dos-bandeirantes-rio-de-janeiro,https://www.quintoandar.com.br/alugar/imovel/rio-de-janeiro-rj-brasil/mobiliado,400,True,4,Recreio,"Rua Frederico Quartarolli, Recreio, Rio de Janeiro",19490527,Suíte 2,quarto,https://www.quintoandar.com.br/img/med/893411891-968.042967685337IMG6695.jpg,data/external/quintoandar/images/quarto/893411891_017_19490527_suite_2.jpg,True,17515
quintoandar,893411891,https://www.quintoandar.com.br/imovel/893411891/alugar/apartamento-4-quartos-recreio-dos-bandeirantes-rio-de-janeiro,https://www.quintoandar.com.br/alugar/imovel/rio-de-janeiro-rj-brasil/mobiliado,400,True,4,Recreio,"Rua Frederico Quartarolli, Recreio, Rio de Janeiro",19490531,Suíte 2,quarto,https://www.quintoandar.com.br/img/med/893411891-689.1393988571596IMG6697.jpg,data/external/quintoandar/images/quarto/893411891_018_19490531_suite_2.jpg,True,17754
quintoandar,893411891,https://www.quintoandar.com.br/imovel/893411891/alugar/apartamento-4-quartos-recreio-dos-bandeirantes-rio-de-janeiro,https://www.quintoandar.com.br/alugar/imovel/rio-de-janeiro-rj-brasil/mobiliado,400,True,4,Recreio,"Rua Frederico Quartarolli, Recreio, Rio de Janeiro",19490517,Banheiro da Suíte 2,quarto_banheiro,https://www.quintoandar.com.br/img/med/893411891-374.95284389037107IMG6690.jpg,data/external/quintoandar/images/quarto_banheiro/893411891_019_19490517_banheiro_da_suite_2.jpg,True,13854
quintoandar,893411891,https://www.quintoandar.com.br/imovel/893411891/alugar/apartamento-4-quartos-recreio-dos-bandeirantes-rio-de-janeiro,https://www.quintoandar.com.br/alugar/imovel/rio-de-janeiro-rj-brasil/mobiliado,400,True,4,Recreio,"Rua Frederico Quartarolli, Recreio, Rio de Janeiro",19490520,Banheiro da Suíte 2,quarto_banheiro,https://www.quintoandar.com.br/img/med/893411891-460.308728313545IMG6692.jpg,data/external/quintoandar/images/quarto_banheiro/893411891_020_19490520_banheiro_da_suite_2.jpg,True,11351
quintoandar,893411891,https://www.quintoandar.com.br/imovel/893411891/alugar/apartamento-4-quartos-recreio-dos-bandeirantes-rio-de-janeiro,https://www.quintoandar.com.br/alugar/imovel/rio-de-janeiro-rj-brasil/mobiliado,400,True,4,Recreio,"Rua Frederico Quartarolli, Recreio, Rio de Janeiro",19490523,Banheiro da Suíte 2,quarto_banheiro,https://www.quintoandar.com.br/img/med/893411891-757.0852638170968IMG6693.jpg,data/external/quintoandar/images/quarto_banheiro/893411891_021_19490523_banheiro_da_suite_2.jpg,True,14886
quintoandar,893411891,https://www.quintoandar.com.br/imovel/893411891/alugar/apartamento-4-quartos-recreio-dos-bandeirantes-rio-de-janeiro,https://www.quintoandar.com.br/alugar/imovel/rio-de-janeiro-rj-brasil/mobiliado,400,True,4,Recreio,"Rua Frederico Quartarolli, Recreio, Rio de Janeiro",19490480,Banheiro Social,banheiro,https://www.quintoandar.com.br/img/med/893411891-155.44803150271247IMG6662.jpg,data/external/quintoandar/images/banheiro/893411891_022_19490480_banheiro_social.jpg,True,13088
quintoandar,893411891,https://www.quintoandar.com.br/imovel/893411891/alugar/apartamento-4-quartos-recreio-dos-bandeirantes-rio-de-janeiro,https://www.quintoandar.com.br/alugar/imovel/rio-de-janeiro-rj-brasil/mobiliado,400,True,4,Recreio,"Rua Frederico Quartarolli, Recreio, Rio de Janeiro",19490482,Banheiro Social,banheiro,https://www.quintoandar.com.br/img/med/893411891-278.4589030584035IMG6663.jpg,data/external/quintoandar/images/banheiro/893411891_023_19490482_banheiro_social.jpg,True,11239
quintoandar,893411891,https://www.quintoandar.com.br/imovel/893411891/alugar/apartamento-4-quartos-recreio-dos-bandeirantes-rio-de-janeiro,https://www.quintoandar.com.br/alugar/imovel/rio-de-janeiro-rj-brasil/mobiliado,400,True,4,Recreio,"Rua Frederico Quartarolli, Recreio, Rio de Janeiro",19490484,Banheiro Social,banheiro,https://www.quintoandar.com.br/img/med/893411891-917.1556095598119IMG6664.jpg,data/external/quintoandar/images/banheiro/893411891_024_19490484_banheiro_social.jpg,True,7825
quintoandar,893411891,https://www.quintoandar.com.br/imovel/893411891/alugar/apartamento-4-quartos-recreio-dos-bandeirantes-rio-de-janeiro,https://www.quintoandar.com.br/alugar/imovel/rio-de-janeiro-rj-brasil/mobiliado,400,True,4,Recreio,"Rua Frederico Quartarolli, Recreio, Rio de Janeiro",19490487,Banheiro Social,banheiro,https://www.quintoandar.com.br/img/med/893411891-436.82201655448495IMG6665.jpg,data/external/quintoandar/images/banheiro/893411891_025_19490487_banheiro_social.jpg,True,12386
quintoandar,893411891,https://www.quintoandar.com.br/imovel/893411891/alugar/apartamento-4-quartos-recreio-dos-bandeirantes-rio-de-janeiro,https://www.quintoandar.com.br/alugar/imovel/rio-de-janeiro-rj-brasil/mobiliado,400,True,4,Recreio,"Rua Frederico Quartarolli, Recreio, Rio de Janeiro",19490546,Cozinha,cozinha,https://www.quintoandar.com.br/img/med/893411891-95.21990419951997IMG6706.jpg,data/external/quintoandar/images/cozinha/893411891_026_19490546_cozinha.jpg,True,23269
quintoandar,893411891,https://www.quintoandar.com.br/imovel/893411891/alugar/apartamento-4-quartos-recreio-dos-bandeirantes-rio-de-janeiro,https://www.quintoandar.com.br/alugar/imovel/rio-de-janeiro-rj-brasil/mobiliado,400,True,4,Recreio,"Rua Frederico Quartarolli, Recreio, Rio de Janeiro",19490534,Cozinha,cozinha,https://www.quintoandar.com.br/img/med/893411891-847.3228912037858IMG6698.jpg,data/external/quintoandar/images/cozinha/893411891_027_19490534_cozinha.jpg,True,28227
quintoandar,893411891,https://www.quintoandar.com.br/imovel/893411891/alugar/apartamento-4-quartos-recreio-dos-bandeirantes-rio-de-janeiro,https://www.quintoandar.com.br/alugar/imovel/rio-de-janeiro-rj-brasil/mobiliado,400,True,4,Recreio,"Rua Frederico Quartarolli, Recreio, Rio de Janeiro",19490539,Cozinha,cozinha,https://www.quintoandar.com.br/img/med/893411891-809.1210078065099IMG6703.jpg,data/external/quintoandar/images/cozinha/893411891_028_19490539_cozinha.jpg,True,22165
quintoandar,893411891,https://www.quintoandar.com.br/imovel/893411891/alugar/apartamento-4-quartos-recreio-dos-bandeirantes-rio-de-janeiro,https://www.quintoandar.com.br/alugar/imovel/rio-de-janeiro-rj-brasil/mobiliado,400,True,4,Recreio,"Rua Frederico Quartarolli, Recreio, Rio de Janeiro",19490537,Cozinha,cozinha,https://www.quintoandar.com.br/img/med/893411891-599.1830304936395IMG6701.jpg,data/external/quintoandar/images/cozinha/893411891_029_19490537_cozinha.jpg,True,20757
quintoandar,893411891,https://www.quintoandar.com.br/imovel/893411891/alugar/apartamento-4-quartos-recreio-dos-bandeirantes-rio-de-janeiro,https://www.quintoandar.com.br/alugar/imovel/rio-de-janeiro-rj-brasil/mobiliado,400,True,4,Recreio,"Rua Frederico Quartarolli, Recreio, Rio de Janeiro",19490542,Cozinha,cozinha,https://www.quintoandar.com.br/img/med/893411891-571.6995705757757IMG6705.jpg,data/external/quintoandar/images/cozinha/893411891_030_19490542_cozinha.jpg,True,22056
quintoandar,893411891,https://www.quintoandar.com.br/imovel/893411891/alugar/apartamento-4-quartos-recreio-dos-bandeirantes-rio-de-janeiro,https://www.quintoandar.com.br/alugar/imovel/rio-de-janeiro-rj-brasil/mobiliado,400,True,4,Recreio,"Rua Frederico Quartarolli, Recreio, Rio de Janeiro",19490550,Cozinha,cozinha,https://www.quintoandar.com.br/img/med/893411891-72.24052643609113IMG6708.jpg,data/external/quintoandar/images/cozinha/893411891_031_19490550_cozinha.jpg,True,21596
quintoandar,893411891,https://www.quintoandar.com.br/imovel/893411891/alugar/apartamento-4-quartos-recreio-dos-bandeirantes-rio-de-janeiro,https://www.quintoandar.com.br/alugar/imovel/rio-de-janeiro-rj-brasil/mobiliado,400,True,4,Recreio,"Rua Frederico Quartarolli, Recreio, Rio de Janeiro",19490561,Banheiro da Cobertura,banheiro,https://www.quintoandar.com.br/img/med/893411891-627.5685874467163IMG6713.jpg,data/external/quintoandar/images/banheiro/893411891_034_19490561_banheiro_da_cobertura.jpg,True,13534
quintoandar,893411891,https://www.quintoandar.com.br/imovel/893411891/alugar/apartamento-4-quartos-recreio-dos-bandeirantes-rio-de-janeiro,https://www.quintoandar.com.br/alugar/imovel/rio-de-janeiro-rj-brasil/mobiliado,400,True,4,Recreio,"Rua Frederico Quartarolli, Recreio, Rio de Janeiro",19490563,Banheiro da Cobertura,banheiro,https://www.quintoandar.com.br/img/med/893411891-313.991239500329IMG6715.jpg,data/external/quintoandar/images/banheiro/893411891_035_19490563_banheiro_da_cobertura.jpg,True,15125
quintoandar,893411891,https://www.quintoandar.com.br/imovel/893411891/alugar/apartamento-4-quartos-recreio-dos-bandeirantes-rio-de-janeiro,https://www.quintoandar.com.br/alugar/imovel/rio-de-janeiro-rj-brasil/mobiliado,400,True,4,Recreio,"Rua Frederico Quartarolli, Recreio, Rio de Janeiro",19490572,Cobertura - Churrasqueira,churrasqueira,https://www.quintoandar.com.br/img/med/893411891-573.7232649247387IMG6718.jpg,data/external/quintoandar/images/churrasqueira/893411891_037_19490572_cobertura_churrasqueira.jpg,True,21719
quintoandar,893411891,https://www.quintoandar.com.br/imovel/893411891/alugar/apartamento-4-quartos-recreio-dos-bandeirantes-rio-de-janeiro,https://www.quintoandar.com.br/alugar/imovel/rio-de-janeiro-rj-brasil/mobiliado,400,True,4,Recreio,"Rua Frederico Quartarolli, Recreio, Rio de Janeiro",19490577,Cobertura - Churrasqueira e forno à lenha,churrasqueira,https://www.quintoandar.com.br/img/med/893411891-728.2013281399308IMG6719.jpg,data/external/quintoandar/images/churrasqueira/893411891_038_19490577_cobertura_churrasqueira_e_forno_a_lenha.jpg,True,26761
quintoandar,893411891,https://www.quintoandar.com.br/imovel/893411891/alugar/apartamento-4-quartos-recreio-dos-bandeirantes-rio-de-janeiro,https://www.quintoandar.com.br/alugar/imovel/rio-de-janeiro-rj-brasil/mobiliado,400,True,4,Recreio,"Rua Frederico Quartarolli, Recreio, Rio de Janeiro",19490599,Área comum - Academia,academia,https://www.quintoandar.com.br/img/med/893411891-737.2287913839291IMG6729.jpg,data/external/quintoandar/images/academia/893411891_045_19490599_area_comum_academia.jpg,True,26486
quintoandar,893411891,https://www.quintoandar.com.br/imovel/893411891/alugar/apartamento-4-quartos-recreio-dos-bandeirantes-rio-de-janeiro,https://www.quintoandar.com.br/alugar/imovel/rio-de-janeiro-rj-brasil/mobiliado,400,True,4,Recreio,"Rua Frederico Quartarolli, Recreio, Rio de Janeiro",19490602,Área comum - Academia,academia,https://www.quintoandar.com.br/img/med/893411891-186.6357270554445IMG6730.jpg,data/external/quintoandar/images/academia/893411891_046_19490602_area_comum_academia.jpg,True,23603
quintoandar,893411891,https://www.quintoandar.com.br/imovel/893411891/alugar/apartamento-4-quartos-recreio-dos-bandeirantes-rio-de-janeiro,https://www.quintoandar.com.br/alugar/imovel/rio-de-janeiro-rj-brasil/mobiliado,400,True,4,Recreio,"Rua Frederico Quartarolli, Recreio, Rio de Janeiro",19490606,Fachada,area_externa,https://www.quintoandar.com.br/img/med/893411891-770.3866926015437IMG6734.jpg,data/external/quintoandar/images/area_externa/893411891_047_19490606_fachada.jpg,True,34711
quintoandar,893456847,https://www.quintoandar.com.br/imovel/893456847/alugar/casa-5-quartos-tijuca-rio-de-janeiro,https://www.quintoandar.com.br/alugar/imovel/rio-de-janeiro-rj-brasil/mobiliado,350,True,5,Tijuca,"Rua Professor Gabizo, Tijuca, Rio de Janeiro",19036738,Sala,sala,https://www.quintoandar.com.br/img/med/893456847-291.172568938698699A7874.jpg,data/external/quintoandar/images/sala/893456847_001_19036738_sala.jpg,True,23062
quintoandar,893456847,https://www.quintoandar.com.br/imovel/893456847/alugar/casa-5-quartos-tijuca-rio-de-janeiro,https://www.quintoandar.com.br/alugar/imovel/rio-de-janeiro-rj-brasil/mobiliado,350,True,5,Tijuca,"Rua Professor Gabizo, Tijuca, Rio de Janeiro",19036739,Sala,sala,https://www.quintoandar.com.br/img/med/893456847-762.618957247244599A7875.jpg,data/external/quintoandar/images/sala/893456847_002_19036739_sala.jpg,True,21881
quintoandar,893456847,https://www.quintoandar.com.br/imovel/893456847/alugar/casa-5-quartos-tijuca-rio-de-janeiro,https://www.quintoandar.com.br/alugar/imovel/rio-de-janeiro-rj-brasil/mobiliado,350,True,5,Tijuca,"Rua Professor Gabizo, Tijuca, Rio de Janeiro",19036742,Sala,sala,https://www.quintoandar.com.br/img/med/893456847-264.255775764702599A7876.jpg,data/external/quintoandar/images/sala/893456847_003_19036742_sala.jpg,True,23524
quintoandar,893456847,https://www.quintoandar.com.br/imovel/893456847/alugar/casa-5-quartos-tijuca-rio-de-janeiro,https://www.quintoandar.com.br/alugar/imovel/rio-de-janeiro-rj-brasil/mobiliado,350,True,5,Tijuca,"Rua Professor Gabizo, Tijuca, Rio de Janeiro",19036745,Sala,sala,https://www.quintoandar.com.br/img/med/893456847-217.8591766736761699A7877.jpg,data/external/quintoandar/images/sala/893456847_004_19036745_sala.jpg,True,23666
quintoandar,893456847,https://www.quintoandar.com.br/imovel/893456847/alugar/casa-5-quartos-tijuca-rio-de-janeiro,https://www.quintoandar.com.br/alugar/imovel/rio-de-janeiro-rj-brasil/mobiliado,350,True,5,Tijuca,"Rua Professor Gabizo, Tijuca, Rio de Janeiro",19036749,Sala,sala,https://www.quintoandar.com.br/img/med/893456847-704.275917599589799A7878.jpg,data/external/quintoandar/images/sala/893456847_005_19036749_sala.jpg,True,23741
quintoandar,893456847,https://www.quintoandar.com.br/imovel/893456847/alugar/casa-5-quartos-tijuca-rio-de-janeiro,https://www.quintoandar.com.br/alugar/imovel/rio-de-janeiro-rj-brasil/mobiliado,350,True,5,Tijuca,"Rua Professor Gabizo, Tijuca, Rio de Janeiro",19036752,Sala,sala,https://www.quintoandar.com.br/img/med/893456847-455.855947943681399A7879.jpg,data/external/quintoandar/images/sala/893456847_006_19036752_sala.jpg,True,20445
quintoandar,893456847,https://www.quintoandar.com.br/imovel/893456847/alugar/casa-5-quartos-tijuca-rio-de-janeiro,https://www.quintoandar.com.br/alugar/imovel/rio-de-janeiro-rj-brasil/mobiliado,350,True,5,Tijuca,"Rua Professor Gabizo, Tijuca, Rio de Janeiro",19036755,Sala,sala,https://www.quintoandar.com.br/img/med/893456847-868.516296208327399A7880.jpg,data/external/quintoandar/images/sala/893456847_007_19036755_sala.jpg,True,20437
quintoandar,893456847,https://www.quintoandar.com.br/imovel/893456847/alugar/casa-5-quartos-tijuca-rio-de-janeiro,https://www.quintoandar.com.br/alugar/imovel/rio-de-janeiro-rj-brasil/mobiliado,350,True,5,Tijuca,"Rua Professor Gabizo, Tijuca, Rio de Janeiro",19036759,Sala,sala,https://www.quintoandar.com.br/img/med/893456847-124.0754540844711899A7881.jpg,data/external/quintoandar/images/sala/893456847_008_19036759_sala.jpg,True,18668
quintoandar,893456847,https://www.quintoandar.com.br/imovel/893456847/alugar/casa-5-quartos-tijuca-rio-de-janeiro,https://www.quintoandar.com.br/alugar/imovel/rio-de-janeiro-rj-brasil/mobiliado,350,True,5,Tijuca,"Rua Professor Gabizo, Tijuca, Rio de Janeiro",19036763,Sala,sala,https://www.quintoandar.com.br/img/med/893456847-718.207590158042899A7882.jpg,data/external/quintoandar/images/sala/893456847_009_19036763_sala.jpg,True,21768
quintoandar,893456847,https://www.quintoandar.com.br/imovel/893456847/alugar/casa-5-quartos-tijuca-rio-de-janeiro,https://www.quintoandar.com.br/alugar/imovel/rio-de-janeiro-rj-brasil/mobiliado,350,True,5,Tijuca,"Rua Professor Gabizo, Tijuca, Rio de Janeiro",19036766,Vista da Sala,sala,https://www.quintoandar.com.br/img/med/893456847-955.694374269349299A7883.jpg,data/external/quintoandar/images/sala/893456847_010_19036766_vista_da_sala.jpg,True,31620
quintoandar,893456847,https://www.quintoandar.com.br/imovel/893456847/alugar/casa-5-quartos-tijuca-rio-de-janeiro,https://www.quintoandar.com.br/alugar/imovel/rio-de-janeiro-rj-brasil/mobiliado,350,True,5,Tijuca,"Rua Professor Gabizo, Tijuca, Rio de Janeiro",19036768,Vista da Sala,sala,https://www.quintoandar.com.br/img/med/893456847-556.673715991060799A7884.jpg,data/external/quintoandar/images/sala/893456847_011_19036768_vista_da_sala.jpg,True,20213
quintoandar,893456847,https://www.quintoandar.com.br/imovel/893456847/alugar/casa-5-quartos-tijuca-rio-de-janeiro,https://www.quintoandar.com.br/alugar/imovel/rio-de-janeiro-rj-brasil/mobiliado,350,True,5,Tijuca,"Rua Professor Gabizo, Tijuca, Rio de Janeiro",19036885,Lavabo,banheiro,https://www.quintoandar.com.br/img/med/893456847-185.1557050913741399A7933.jpg,data/external/quintoandar/images/banheiro/893456847_012_19036885_lavabo.jpg,True,9415
quintoandar,893456847,https://www.quintoandar.com.br/imovel/893456847/alugar/casa-5-quartos-tijuca-rio-de-janeiro,https://www.quintoandar.com.br/alugar/imovel/rio-de-janeiro-rj-brasil/mobiliado,350,True,5,Tijuca,"Rua Professor Gabizo, Tijuca, Rio de Janeiro",19036880,Lavabo,banheiro,https://www.quintoandar.com.br/img/med/893456847-463.614697230383299A7931.jpg,data/external/quintoandar/images/banheiro/893456847_013_19036880_lavabo.jpg,True,14186
quintoandar,893456847,https://www.quintoandar.com.br/imovel/893456847/alugar/casa-5-quartos-tijuca-rio-de-janeiro,https://www.quintoandar.com.br/alugar/imovel/rio-de-janeiro-rj-brasil/mobiliado,350,True,5,Tijuca,"Rua Professor Gabizo, Tijuca, Rio de Janeiro",19036883,Lavabo,banheiro,https://www.quintoandar.com.br/img/med/893456847-949.307156817996499A7932.jpg,data/external/quintoandar/images/banheiro/893456847_014_19036883_lavabo.jpg,True,13120
quintoandar,893456847,https://www.quintoandar.com.br/imovel/893456847/alugar/casa-5-quartos-tijuca-rio-de-janeiro,https://www.quintoandar.com.br/alugar/imovel/rio-de-janeiro-rj-brasil/mobiliado,350,True,5,Tijuca,"Rua Professor Gabizo, Tijuca, Rio de Janeiro",19036887,Lavabo,banheiro,https://www.quintoandar.com.br/img/med/893456847-893.974504639670799A7934.jpg,data/external/quintoandar/images/banheiro/893456847_015_19036887_lavabo.jpg,True,17976
quintoandar,893456847,https://www.quintoandar.com.br/imovel/893456847/alugar/casa-5-quartos-tijuca-rio-de-janeiro,https://www.quintoandar.com.br/alugar/imovel/rio-de-janeiro-rj-brasil/mobiliado,350,True,5,Tijuca,"Rua Professor Gabizo, Tijuca, Rio de Janeiro",19036770,Quarto 1,quarto,https://www.quintoandar.com.br/img/med/893456847-716.222173968214699A7885.jpg,data/external/quintoandar/images/quarto/893456847_016_19036770_quarto_1.jpg,True,12205
quintoandar,893456847,https://www.quintoandar.com.br/imovel/893456847/alugar/casa-5-quartos-tijuca-rio-de-janeiro,https://www.quintoandar.com.br/alugar/imovel/rio-de-janeiro-rj-brasil/mobiliado,350,True,5,Tijuca,"Rua Professor Gabizo, Tijuca, Rio de Janeiro",19036773,Quarto 1,quarto,https://www.quintoandar.com.br/img/med/893456847-523.757657116016699A7886.jpg,data/external/quintoandar/images/quarto/893456847_017_19036773_quarto_1.jpg,True,14983
quintoandar,893456847,https://www.quintoandar.com.br/imovel/893456847/alugar/casa-5-quartos-tijuca-rio-de-janeiro,https://www.quintoandar.com.br/alugar/imovel/rio-de-janeiro-rj-brasil/mobiliado,350,True,5,Tijuca,"Rua Professor Gabizo, Tijuca, Rio de Janeiro",19036775,Quarto 1,quarto,https://www.quintoandar.com.br/img/med/893456847-41.42134755071780599A7887.jpg,data/external/quintoandar/images/quarto/893456847_018_19036775_quarto_1.jpg,True,12516
quintoandar,893456847,https://www.quintoandar.com.br/imovel/893456847/alugar/casa-5-quartos-tijuca-rio-de-janeiro,https://www.quintoandar.com.br/alugar/imovel/rio-de-janeiro-rj-brasil/mobiliado,350,True,5,Tijuca,"Rua Professor Gabizo, Tijuca, Rio de Janeiro",19036779,Quarto 1,quarto,https://www.quintoandar.com.br/img/med/893456847-80.2131927683965599A7888.jpg,data/external/quintoandar/images/quarto/893456847_019_19036779_quarto_1.jpg,True,12277
quintoandar,893456847,https://www.quintoandar.com.br/imovel/893456847/alugar/casa-5-quartos-tijuca-rio-de-janeiro,https://www.quintoandar.com.br/alugar/imovel/rio-de-janeiro-rj-brasil/mobiliado,350,True,5,Tijuca,"Rua Professor Gabizo, Tijuca, Rio de Janeiro",19036782,Vista do Quarto 1,quarto,https://www.quintoandar.com.br/img/med/893456847-466.855089525674199A7889.jpg,data/external/quintoandar/images/quarto/893456847_020_19036782_vista_do_quarto_1.jpg,True,19496
quintoandar,893456847,https://www.quintoandar.com.br/imovel/893456847/alugar/casa-5-quartos-tijuca-rio-de-janeiro,https://www.quintoandar.com.br/alugar/imovel/rio-de-janeiro-rj-brasil/mobiliado,350,True,5,Tijuca,"Rua Professor Gabizo, Tijuca, Rio de Janeiro",19036783,Quarto 2,quarto,https://www.quintoandar.com.br/img/med/893456847-846.222573808221599A7890.jpg,data/external/quintoandar/images/quarto/893456847_021_19036783_quarto_2.jpg,True,18533
quintoandar,893456847,https://www.quintoandar.com.br/imovel/893456847/alugar/casa-5-quartos-tijuca-rio-de-janeiro,https://www.quintoandar.com.br/alugar/imovel/rio-de-janeiro-rj-brasil/mobiliado,350,True,5,Tijuca,"Rua Professor Gabizo, Tijuca, Rio de Janeiro",19036786,Quarto 2,quarto,https://www.quintoandar.com.br/img/med/893456847-263.133941639935299A7891.jpg,data/external/quintoandar/images/quarto/893456847_022_19036786_quarto_2.jpg,True,19148
quintoandar,893456847,https://www.quintoandar.com.br/imovel/893456847/alugar/casa-5-quartos-tijuca-rio-de-janeiro,https://www.quintoandar.com.br/alugar/imovel/rio-de-janeiro-rj-brasil/mobiliado,350,True,5,Tijuca,"Rua Professor Gabizo, Tijuca, Rio de Janeiro",19036788,Quarto 2,quarto,https://www.quintoandar.com.br/img/med/893456847-266.2301919361039599A7892.jpg,data/external/quintoandar/images/quarto/893456847_023_19036788_quarto_2.jpg,True,10284
quintoandar,893456847,https://www.quintoandar.com.br/imovel/893456847/alugar/casa-5-quartos-tijuca-rio-de-janeiro,https://www.quintoandar.com.br/alugar/imovel/rio-de-janeiro-rj-brasil/mobiliado,350,True,5,Tijuca,"Rua Professor Gabizo, Tijuca, Rio de Janeiro",19036792,Quarto 2,quarto,https://www.quintoandar.com.br/img/med/893456847-390.318909655122999A7893.jpg,data/external/quintoandar/images/quarto/893456847_024_19036792_quarto_2.jpg,True,15504
quintoandar,893456847,https://www.quintoandar.com.br/imovel/893456847/alugar/casa-5-quartos-tijuca-rio-de-janeiro,https://www.quintoandar.com.br/alugar/imovel/rio-de-janeiro-rj-brasil/mobiliado,350,True,5,Tijuca,"Rua Professor Gabizo, Tijuca, Rio de Janeiro",19036794,Quarto 2,quarto,https://www.quintoandar.com.br/img/med/893456847-443.0952859360245499A7894.jpg,data/external/quintoandar/images/quarto/893456847_025_19036794_quarto_2.jpg,True,20355
quintoandar,893456847,https://www.quintoandar.com.br/imovel/893456847/alugar/casa-5-quartos-tijuca-rio-de-janeiro,https://www.quintoandar.com.br/alugar/imovel/rio-de-janeiro-rj-brasil/mobiliado,350,True,5,Tijuca,"Rua Professor Gabizo, Tijuca, Rio de Janeiro",19036798,Varanda do Quarto 2,quarto_varanda,https://www.quintoandar.com.br/img/med/893456847-321.324974708816999A7896.jpg,data/external/quintoandar/images/quarto_varanda/893456847_026_19036798_varanda_do_quarto_2.jpg,True,33510
quintoandar,893456847,https://www.quintoandar.com.br/imovel/893456847/alugar/casa-5-quartos-tijuca-rio-de-janeiro,https://www.quintoandar.com.br/alugar/imovel/rio-de-janeiro-rj-brasil/mobiliado,350,True,5,Tijuca,"Rua Professor Gabizo, Tijuca, Rio de Janeiro",19036801,Varanda do Quarto 2,quarto_varanda,https://www.quintoandar.com.br/img/med/893456847-98.5131326956194599A7897.jpg,data/external/quintoandar/images/quarto_varanda/893456847_027_19036801_varanda_do_quarto_2.jpg,True,29741
quintoandar,893456847,https://www.quintoandar.com.br/imovel/893456847/alugar/casa-5-quartos-tijuca-rio-de-janeiro,https://www.quintoandar.com.br/alugar/imovel/rio-de-janeiro-rj-brasil/mobiliado,350,True,5,Tijuca,"Rua Professor Gabizo, Tijuca, Rio de Janeiro",19036803,Vista do Quarto 2,quarto,https://www.quintoandar.com.br/img/med/893456847-888.60572048339699A7898.jpg,data/external/quintoandar/images/quarto/893456847_028_19036803_vista_do_quarto_2.jpg,True,33433
quintoandar,893456847,https://www.quintoandar.com.br/imovel/893456847/alugar/casa-5-quartos-tijuca-rio-de-janeiro,https://www.quintoandar.com.br/alugar/imovel/rio-de-janeiro-rj-brasil/mobiliado,350,True,5,Tijuca,"Rua Professor Gabizo, Tijuca, Rio de Janeiro",19036797,Vista do Quarto 2,quarto,https://www.quintoandar.com.br/img/med/893456847-94.4431302301572799A7895.jpg,data/external/quintoandar/images/quarto/893456847_029_19036797_vista_do_quarto_2.jpg,True,39028
quintoandar,893456847,https://www.quintoandar.com.br/imovel/893456847/alugar/casa-5-quartos-tijuca-rio-de-janeiro,https://www.quintoandar.com.br/alugar/imovel/rio-de-janeiro-rj-brasil/mobiliado,350,True,5,Tijuca,"Rua Professor Gabizo, Tijuca, Rio de Janeiro",19036805,Vista do Quarto 2,quarto,https://www.quintoandar.com.br/img/med/893456847-991.863523281324299A7899.jpg,data/external/quintoandar/images/quarto/893456847_030_19036805_vista_do_quarto_2.jpg,True,39304
quintoandar,893456847,https://www.quintoandar.com.br/imovel/893456847/alugar/casa-5-quartos-tijuca-rio-de-janeiro,https://www.quintoandar.com.br/alugar/imovel/rio-de-janeiro-rj-brasil/mobiliado,350,True,5,Tijuca,"Rua Professor Gabizo, Tijuca, Rio de Janeiro",19036807,Quarto 3,quarto,https://www.quintoandar.com.br/img/med/893456847-762.957430090506399A7900.jpg,data/external/quintoandar/images/quarto/893456847_031_19036807_quarto_3.jpg,True,18417
quintoandar,893456847,https://www.quintoandar.com.br/imovel/893456847/alugar/casa-5-quartos-tijuca-rio-de-janeiro,https://www.quintoandar.com.br/alugar/imovel/rio-de-janeiro-rj-brasil/mobiliado,350,True,5,Tijuca,"Rua Professor Gabizo, Tijuca, Rio de Janeiro",19036810,Quarto 3,quarto,https://www.quintoandar.com.br/img/med/893456847-42.66579097590816699A7901.jpg,data/external/quintoandar/images/quarto/893456847_032_19036810_quarto_3.jpg,True,20271
quintoandar,893456847,https://www.quintoandar.com.br/imovel/893456847/alugar/casa-5-quartos-tijuca-rio-de-janeiro,https://www.quintoandar.com.br/alugar/imovel/rio-de-janeiro-rj-brasil/mobiliado,350,True,5,Tijuca,"Rua Professor Gabizo, Tijuca, Rio de Janeiro",19036813,Quarto 3,quarto,https://www.quintoandar.com.br/img/med/893456847-502.6661373593276599A7902.jpg,data/external/quintoandar/images/quarto/893456847_033_19036813_quarto_3.jpg,True,15559
quintoandar,893456847,https://www.quintoandar.com.br/imovel/893456847/alugar/casa-5-quartos-tijuca-rio-de-janeiro,https://www.quintoandar.com.br/alugar/imovel/rio-de-janeiro-rj-brasil/mobiliado,350,True,5,Tijuca,"Rua Professor Gabizo, Tijuca, Rio de Janeiro",19036814,Quarto 3,quarto,https://www.quintoandar.com.br/img/med/893456847-249.2882667737986899A7903.jpg,data/external/quintoandar/images/quarto/893456847_034_19036814_quarto_3.jpg,True,16141
quintoandar,893456847,https://www.quintoandar.com.br/imovel/893456847/alugar/casa-5-quartos-tijuca-rio-de-janeiro,https://www.quintoandar.com.br/alugar/imovel/rio-de-janeiro-rj-brasil/mobiliado,350,True,5,Tijuca,"Rua Professor Gabizo, Tijuca, Rio de Janeiro",19036816,Varanda do Quarto 3,quarto_varanda,https://www.quintoandar.com.br/img/med/893456847-33.7780083922164599A7904.jpg,data/external/quintoandar/images/quarto_varanda/893456847_035_19036816_varanda_do_quarto_3.jpg,True,36504
quintoandar,893456847,https://www.quintoandar.com.br/imovel/893456847/alugar/casa-5-quartos-tijuca-rio-de-janeiro,https://www.quintoandar.com.br/alugar/imovel/rio-de-janeiro-rj-brasil/mobiliado,350,True,5,Tijuca,"Rua Professor Gabizo, Tijuca, Rio de Janeiro",19036818,Varanda do Quarto 3,quarto_varanda,https://www.quintoandar.com.br/img/med/893456847-683.304541318577599A7905.jpg,data/external/quintoandar/images/quarto_varanda/893456847_036_19036818_varanda_do_quarto_3.jpg,True,30647
quintoandar,893456847,https://www.quintoandar.com.br/imovel/893456847/alugar/casa-5-quartos-tijuca-rio-de-janeiro,https://www.quintoandar.com.br/alugar/imovel/rio-de-janeiro-rj-brasil/mobiliado,350,True,5,Tijuca,"Rua Professor Gabizo, Tijuca, Rio de Janeiro",19036820,Vista do Quarto 3,quarto,https://www.quintoandar.com.br/img/med/893456847-856.803971662689299A7906.jpg,data/external/quintoandar/images/quarto/893456847_037_19036820_vista_do_quarto_3.jpg,True,32884
quintoandar,893456847,https://www.quintoandar.com.br/imovel/893456847/alugar/casa-5-quartos-tijuca-rio-de-janeiro,https://www.quintoandar.com.br/alugar/imovel/rio-de-janeiro-rj-brasil/mobiliado,350,True,5,Tijuca,"Rua Professor Gabizo, Tijuca, Rio de Janeiro",19036822,Vista do Quarto 3,quarto,https://www.quintoandar.com.br/img/med/893456847-531.84525510521899A7907.jpg,data/external/quintoandar/images/quarto/893456847_038_19036822_vista_do_quarto_3.jpg,True,37759
quintoandar,893456847,https://www.quintoandar.com.br/imovel/893456847/alugar/casa-5-quartos-tijuca-rio-de-janeiro,https://www.quintoandar.com.br/alugar/imovel/rio-de-janeiro-rj-brasil/mobiliado,350,True,5,Tijuca,"Rua Professor Gabizo, Tijuca, Rio de Janeiro",19036824,Quarto 4,quarto,https://www.quintoandar.com.br/img/med/893456847-176.334097831950199A7908.jpg,data/external/quintoandar/images/quarto/893456847_039_19036824_quarto_4.jpg,True,19443
quintoandar,893456847,https://www.quintoandar.com.br/imovel/893456847/alugar/casa-5-quartos-tijuca-rio-de-janeiro,https://www.quintoandar.com.br/alugar/imovel/rio-de-janeiro-rj-brasil/mobiliado,350,True,5,Tijuca,"Rua Professor Gabizo, Tijuca, Rio de Janeiro",19036825,Quarto 4,quarto,https://www.quintoandar.com.br/img/med/893456847-980.20953832075599A7909.jpg,data/external/quintoandar/images/quarto/893456847_040_19036825_quarto_4.jpg,True,17566
quintoandar,893456847,https://www.quintoandar.com.br/imovel/893456847/alugar/casa-5-quartos-tijuca-rio-de-janeiro,https://www.quintoandar.com.br/alugar/imovel/rio-de-janeiro-rj-brasil/mobiliado,350,True,5,Tijuca,"Rua Professor Gabizo, Tijuca, Rio de Janeiro",19036827,Quarto 4,quarto,https://www.quintoandar.com.br/img/med/893456847-284.6808196961534399A7910.jpg,data/external/quintoandar/images/quarto/893456847_041_19036827_quarto_4.jpg,True,10975
quintoandar,893456847,https://www.quintoandar.com.br/imovel/893456847/alugar/casa-5-quartos-tijuca-rio-de-janeiro,https://www.quintoandar.com.br/alugar/imovel/rio-de-janeiro-rj-brasil/mobiliado,350,True,5,Tijuca,"Rua Professor Gabizo, Tijuca, Rio de Janeiro",19036828,Quarto 4,quarto,https://www.quintoandar.com.br/img/med/893456847-378.1729968429815599A7911.jpg,data/external/quintoandar/images/quarto/893456847_042_19036828_quarto_4.jpg,True,17518
quintoandar,893456847,https://www.quintoandar.com.br/imovel/893456847/alugar/casa-5-quartos-tijuca-rio-de-janeiro,https://www.quintoandar.com.br/alugar/imovel/rio-de-janeiro-rj-brasil/mobiliado,350,True,5,Tijuca,"Rua Professor Gabizo, Tijuca, Rio de Janeiro",19036831,Vista do Quarto 4,quarto,https://www.quintoandar.com.br/img/med/893456847-384.538712925545899A7912.jpg,data/external/quintoandar/images/quarto/893456847_043_19036831_vista_do_quarto_4.jpg,True,35151
quintoandar,893456847,https://www.quintoandar.com.br/imovel/893456847/alugar/casa-5-quartos-tijuca-rio-de-janeiro,https://www.quintoandar.com.br/alugar/imovel/rio-de-janeiro-rj-brasil/mobiliado,350,True,5,Tijuca,"Rua Professor Gabizo, Tijuca, Rio de Janeiro",19036833,Vista do Quarto 4,quarto,https://www.quintoandar.com.br/img/med/893456847-993.801481392025399A7913.jpg,data/external/quintoandar/images/quarto/893456847_044_19036833_vista_do_quarto_4.jpg,True,32633
quintoandar,893456847,https://www.quintoandar.com.br/imovel/893456847/alugar/casa-5-quartos-tijuca-rio-de-janeiro,https://www.quintoandar.com.br/alugar/imovel/rio-de-janeiro-rj-brasil/mobiliado,350,True,5,Tijuca,"Rua Professor Gabizo, Tijuca, Rio de Janeiro",19036835,Suíte,quarto,https://www.quintoandar.com.br/img/med/893456847-875.671712037051799A7914.jpg,data/external/quintoandar/images/quarto/893456847_045_19036835_suite.jpg,True,22685
quintoandar,893456847,https://www.quintoandar.com.br/imovel/893456847/alugar/casa-5-quartos-tijuca-rio-de-janeiro,https://www.quintoandar.com.br/alugar/imovel/rio-de-janeiro-rj-brasil/mobiliado,350,True,5,Tijuca,"Rua Professor Gabizo, Tijuca, Rio de Janeiro",19036836,Suíte,quarto,https://www.quintoandar.com.br/img/med/893456847-133.8637818407264699A7915.jpg,data/external/quintoandar/images/quarto/893456847_046_19036836_suite.jpg,True,23012
quintoandar,893456847,https://www.quintoandar.com.br/imovel/893456847/alugar/casa-5-quartos-tijuca-rio-de-janeiro,https://www.quintoandar.com.br/alugar/imovel/rio-de-janeiro-rj-brasil/mobiliado,350,True,5,Tijuca,"Rua Professor Gabizo, Tijuca, Rio de Janeiro",19036838,Suíte,quarto,https://www.quintoandar.com.br/img/med/893456847-905.387776223031699A7916.jpg,data/external/quintoandar/images/quarto/893456847_047_19036838_suite.jpg,True,18989
quintoandar,893456847,https://www.quintoandar.com.br/imovel/893456847/alugar/casa-5-quartos-tijuca-rio-de-janeiro,https://www.quintoandar.com.br/alugar/imovel/rio-de-janeiro-rj-brasil/mobiliado,350,True,5,Tijuca,"Rua Professor Gabizo, Tijuca, Rio de Janeiro",19036840,Suíte,quarto,https://www.quintoandar.com.br/img/med/893456847-819.196706343206299A7917.jpg,data/external/quintoandar/images/quarto/893456847_048_19036840_suite.jpg,True,23871
quintoandar,893456847,https://www.quintoandar.com.br/imovel/893456847/alugar/casa-5-quartos-tijuca-rio-de-janeiro,https://www.quintoandar.com.br/alugar/imovel/rio-de-janeiro-rj-brasil/mobiliado,350,True,5,Tijuca,"Rua Professor Gabizo, Tijuca, Rio de Janeiro",19036845,Vista da Suíte,quarto,https://www.quintoandar.com.br/img/med/893456847-745.390085935865799A7918.jpg,data/external/quintoandar/images/quarto/893456847_049_19036845_vista_da_suite.jpg,True,33257
quintoandar,893456847,https://www.quintoandar.com.br/imovel/893456847/alugar/casa-5-quartos-tijuca-rio-de-janeiro,https://www.quintoandar.com.br/alugar/imovel/rio-de-janeiro-rj-brasil/mobiliado,350,True,5,Tijuca,"Rua Professor Gabizo, Tijuca, Rio de Janeiro",19036847,Banheiro da Suíte,quarto_banheiro,https://www.quintoandar.com.br/img/med/893456847-997.768283483317199A7919.jpg,data/external/quintoandar/images/quarto_banheiro/893456847_050_19036847_banheiro_da_suite.jpg,True,22625
quintoandar,893456847,https://www.quintoandar.com.br/imovel/893456847/alugar/casa-5-quartos-tijuca-rio-de-janeiro,https://www.quintoandar.com.br/alugar/imovel/rio-de-janeiro-rj-brasil/mobiliado,350,True,5,Tijuca,"Rua Professor Gabizo, Tijuca, Rio de Janeiro",19036849,Banheiro da Suíte,quarto_banheiro,https://www.quintoandar.com.br/img/med/893456847-858.965873241700899A7920.jpg,data/external/quintoandar/images/quarto_banheiro/893456847_051_19036849_banheiro_da_suite.jpg,True,18864
quintoandar,893456847,https://www.quintoandar.com.br/imovel/893456847/alugar/casa-5-quartos-tijuca-rio-de-janeiro,https://www.quintoandar.com.br/alugar/imovel/rio-de-janeiro-rj-brasil/mobiliado,350,True,5,Tijuca,"Rua Professor Gabizo, Tijuca, Rio de Janeiro",19036851,Banheiro da Suíte,quarto_banheiro,https://www.quintoandar.com.br/img/med/893456847-988.634208232316499A7921.jpg,data/external/quintoandar/images/quarto_banheiro/893456847_052_19036851_banheiro_da_suite.jpg,True,15666
quintoandar,893456847,https://www.quintoandar.com.br/imovel/893456847/alugar/casa-5-quartos-tijuca-rio-de-janeiro,https://www.quintoandar.com.br/alugar/imovel/rio-de-janeiro-rj-brasil/mobiliado,350,True,5,Tijuca,"Rua Professor Gabizo, Tijuca, Rio de Janeiro",19036853,Banheiro da Suíte,quarto_banheiro,https://www.quintoandar.com.br/img/med/893456847-928.971168712560499A7922.jpg,data/external/quintoandar/images/quarto_banheiro/893456847_053_19036853_banheiro_da_suite.jpg,True,18455
quintoandar,893456847,https://www.quintoandar.com.br/imovel/893456847/alugar/casa-5-quartos-tijuca-rio-de-janeiro,https://www.quintoandar.com.br/alugar/imovel/rio-de-janeiro-rj-brasil/mobiliado,350,True,5,Tijuca,"Rua Professor Gabizo, Tijuca, Rio de Janeiro",19036858,Banheiro da Suíte,quarto_banheiro,https://www.quintoandar.com.br/img/med/893456847-612.763746429163399A7923.jpg,data/external/quintoandar/images/quarto_banheiro/893456847_054_19036858_banheiro_da_suite.jpg,True,13116
quintoandar,893456847,https://www.quintoandar.com.br/imovel/893456847/alugar/casa-5-quartos-tijuca-rio-de-janeiro,https://www.quintoandar.com.br/alugar/imovel/rio-de-janeiro-rj-brasil/mobiliado,350,True,5,Tijuca,"Rua Professor Gabizo, Tijuca, Rio de Janeiro",19036862,Banheiro da Suíte,quarto_banheiro,https://www.quintoandar.com.br/img/med/893456847-573.903570626612599A7924.jpg,data/external/quintoandar/images/quarto_banheiro/893456847_055_19036862_banheiro_da_suite.jpg,True,6726
quintoandar,893456847,https://www.quintoandar.com.br/imovel/893456847/alugar/casa-5-quartos-tijuca-rio-de-janeiro,https://www.quintoandar.com.br/alugar/imovel/rio-de-janeiro-rj-brasil/mobiliado,350,True,5,Tijuca,"Rua Professor Gabizo, Tijuca, Rio de Janeiro",19036864,Banheiro da Suíte,quarto_banheiro,https://www.quintoandar.com.br/img/med/893456847-934.21531039112299A7925.jpg,data/external/quintoandar/images/quarto_banheiro/893456847_056_19036864_banheiro_da_suite.jpg,True,15235
quintoandar,893456847,https://www.quintoandar.com.br/imovel/893456847/alugar/casa-5-quartos-tijuca-rio-de-janeiro,https://www.quintoandar.com.br/alugar/imovel/rio-de-janeiro-rj-brasil/mobiliado,350,True,5,Tijuca,"Rua Professor Gabizo, Tijuca, Rio de Janeiro",19036867,Banheiro 1,banheiro,https://www.quintoandar.com.br/img/med/893456847-483.395643339856599A7926.jpg,data/external/quintoandar/images/banheiro/893456847_057_19036867_banheiro_1.jpg,True,24438
quintoandar,893456847,https://www.quintoandar.com.br/imovel/893456847/alugar/casa-5-quartos-tijuca-rio-de-janeiro,https://www.quintoandar.com.br/alugar/imovel/rio-de-janeiro-rj-brasil/mobiliado,350,True,5,Tijuca,"Rua Professor Gabizo, Tijuca, Rio de Janeiro",19036869,Banheiro 1,banheiro,https://www.quintoandar.com.br/img/med/893456847-462.0245051631568599A7927.jpg,data/external/quintoandar/images/banheiro/893456847_058_19036869_banheiro_1.jpg,True,20360
quintoandar,893456847,https://www.quintoandar.com.br/imovel/893456847/alugar/casa-5-quartos-tijuca-rio-de-janeiro,https://www.quintoandar.com.br/alugar/imovel/rio-de-janeiro-rj-brasil/mobiliado,350,True,5,Tijuca,"Rua Professor Gabizo, Tijuca, Rio de Janeiro",19036873,Banheiro 1,banheiro,https://www.quintoandar.com.br/img/med/893456847-569.793181168256699A7928.jpg,data/external/quintoandar/images/banheiro/893456847_059_19036873_banheiro_1.jpg,True,8876
quintoandar,893456847,https://www.quintoandar.com.br/imovel/893456847/alugar/casa-5-quartos-tijuca-rio-de-janeiro,https://www.quintoandar.com.br/alugar/imovel/rio-de-janeiro-rj-brasil/mobiliado,350,True,5,Tijuca,"Rua Professor Gabizo, Tijuca, Rio de Janeiro",19036874,Banheiro 1,banheiro,https://www.quintoandar.com.br/img/med/893456847-986.253553702484299A7929.jpg,data/external/quintoandar/images/banheiro/893456847_060_19036874_banheiro_1.jpg,True,13641
quintoandar,893456847,https://www.quintoandar.com.br/imovel/893456847/alugar/casa-5-quartos-tijuca-rio-de-janeiro,https://www.quintoandar.com.br/alugar/imovel/rio-de-janeiro-rj-brasil/mobiliado,350,True,5,Tijuca,"Rua Professor Gabizo, Tijuca, Rio de Janeiro",19036877,Banheiro 1,banheiro,https://www.quintoandar.com.br/img/med/893456847-375.6411622257130699A7930.jpg,data/external/quintoandar/images/banheiro/893456847_061_19036877_banheiro_1.jpg,True,16831
quintoandar,893456847,https://www.quintoandar.com.br/imovel/893456847/alugar/casa-5-quartos-tijuca-rio-de-janeiro,https://www.quintoandar.com.br/alugar/imovel/rio-de-janeiro-rj-brasil/mobiliado,350,True,5,Tijuca,"Rua Professor Gabizo, Tijuca, Rio de Janeiro",19036890,Banheiro 2,banheiro,https://www.quintoandar.com.br/img/med/893456847-603.034757372119499A7935.jpg,data/external/quintoandar/images/banheiro/893456847_062_19036890_banheiro_2.jpg,True,11095
quintoandar,893456847,https://www.quintoandar.com.br/imovel/893456847/alugar/casa-5-quartos-tijuca-rio-de-janeiro,https://www.quintoandar.com.br/alugar/imovel/rio-de-janeiro-rj-brasil/mobiliado,350,True,5,Tijuca,"Rua Professor Gabizo, Tijuca, Rio de Janeiro",19036892,Banheiro 2,banheiro,https://www.quintoandar.com.br/img/med/893456847-720.80953486296899A7936.jpg,data/external/quintoandar/images/banheiro/893456847_063_19036892_banheiro_2.jpg,True,11324
quintoandar,893456847,https://www.quintoandar.com.br/imovel/893456847/alugar/casa-5-quartos-tijuca-rio-de-janeiro,https://www.quintoandar.com.br/alugar/imovel/rio-de-janeiro-rj-brasil/mobiliado,350,True,5,Tijuca,"Rua Professor Gabizo, Tijuca, Rio de Janeiro",19036899,Banheiro 2,banheiro,https://www.quintoandar.com.br/img/med/893456847-690.575439252000399A7937.jpg,data/external/quintoandar/images/banheiro/893456847_064_19036899_banheiro_2.jpg,True,13728
quintoandar,893456847,https://www.quintoandar.com.br/imovel/893456847/alugar/casa-5-quartos-tijuca-rio-de-janeiro,https://www.quintoandar.com.br/alugar/imovel/rio-de-janeiro-rj-brasil/mobiliado,350,True,5,Tijuca,"Rua Professor Gabizo, Tijuca, Rio de Janeiro",19036903,Banheiro 2,banheiro,https://www.quintoandar.com.br/img/med/893456847-849.034832852988199A7939.jpg,data/external/quintoandar/images/banheiro/893456847_065_19036903_banheiro_2.jpg,True,8464
quintoandar,893456847,https://www.quintoandar.com.br/imovel/893456847/alugar/casa-5-quartos-tijuca-rio-de-janeiro,https://www.quintoandar.com.br/alugar/imovel/rio-de-janeiro-rj-brasil/mobiliado,350,True,5,Tijuca,"Rua Professor Gabizo, Tijuca, Rio de Janeiro",19036906,Banheiro 2,banheiro,https://www.quintoandar.com.br/img/med/893456847-999.19689751472199A7940.jpg,data/external/quintoandar/images/banheiro/893456847_066_19036906_banheiro_2.jpg,True,13085
quintoandar,893456847,https://www.quintoandar.com.br/imovel/893456847/alugar/casa-5-quartos-tijuca-rio-de-janeiro,https://www.quintoandar.com.br/alugar/imovel/rio-de-janeiro-rj-brasil/mobiliado,350,True,5,Tijuca,"Rua Professor Gabizo, Tijuca, Rio de Janeiro",19036911,Banheiro 3,banheiro,https://www.quintoandar.com.br/img/med/893456847-86.0160901843525299A7941.jpg,data/external/quintoandar/images/banheiro/893456847_067_19036911_banheiro_3.jpg,True,20583
quintoandar,893456847,https://www.quintoandar.com.br/imovel/893456847/alugar/casa-5-quartos-tijuca-rio-de-janeiro,https://www.quintoandar.com.br/alugar/imovel/rio-de-janeiro-rj-brasil/mobiliado,350,True,5,Tijuca,"Rua Professor Gabizo, Tijuca, Rio de Janeiro",19036918,Banheiro 3,banheiro,https://www.quintoandar.com.br/img/med/893456847-780.364913105978899A7942.jpg,data/external/quintoandar/images/banheiro/893456847_068_19036918_banheiro_3.jpg,True,14910
quintoandar,893456847,https://www.quintoandar.com.br/imovel/893456847/alugar/casa-5-quartos-tijuca-rio-de-janeiro,https://www.quintoandar.com.br/alugar/imovel/rio-de-janeiro-rj-brasil/mobiliado,350,True,5,Tijuca,"Rua Professor Gabizo, Tijuca, Rio de Janeiro",19036923,Banheiro 3,banheiro,https://www.quintoandar.com.br/img/med/893456847-940.651736325443599A7943.jpg,data/external/quintoandar/images/banheiro/893456847_069_19036923_banheiro_3.jpg,True,17295
quintoandar,893456847,https://www.quintoandar.com.br/imovel/893456847/alugar/casa-5-quartos-tijuca-rio-de-janeiro,https://www.quintoandar.com.br/alugar/imovel/rio-de-janeiro-rj-brasil/mobiliado,350,True,5,Tijuca,"Rua Professor Gabizo, Tijuca, Rio de Janeiro",19036926,Banheiro 3,banheiro,https://www.quintoandar.com.br/img/med/893456847-179.863637226443499A7944.jpg,data/external/quintoandar/images/banheiro/893456847_070_19036926_banheiro_3.jpg,True,14722
quintoandar,893456847,https://www.quintoandar.com.br/imovel/893456847/alugar/casa-5-quartos-tijuca-rio-de-janeiro,https://www.quintoandar.com.br/alugar/imovel/rio-de-janeiro-rj-brasil/mobiliado,350,True,5,Tijuca,"Rua Professor Gabizo, Tijuca, Rio de Janeiro",19036931,Banheiro 3,banheiro,https://www.quintoandar.com.br/img/med/893456847-464.032323270932699A7945.jpg,data/external/quintoandar/images/banheiro/893456847_071_19036931_banheiro_3.jpg,True,15243
quintoandar,893456847,https://www.quintoandar.com.br/imovel/893456847/alugar/casa-5-quartos-tijuca-rio-de-janeiro,https://www.quintoandar.com.br/alugar/imovel/rio-de-janeiro-rj-brasil/mobiliado,350,True,5,Tijuca,"Rua Professor Gabizo, Tijuca, Rio de Janeiro",19036935,Banheiro 3,banheiro,https://www.quintoandar.com.br/img/med/893456847-188.5906223214339899A7946.jpg,data/external/quintoandar/images/banheiro/893456847_072_19036935_banheiro_3.jpg,True,13464
quintoandar,893456847,https://www.quintoandar.com.br/imovel/893456847/alugar/casa-5-quartos-tijuca-rio-de-janeiro,https://www.quintoandar.com.br/alugar/imovel/rio-de-janeiro-rj-brasil/mobiliado,350,True,5,Tijuca,"Rua Professor Gabizo, Tijuca, Rio de Janeiro",19036938,Banheiro 4,banheiro,https://www.quintoandar.com.br/img/med/893456847-490.418092180222199A7947.jpg,data/external/quintoandar/images/banheiro/893456847_073_19036938_banheiro_4.jpg,True,10360
quintoandar,893456847,https://www.quintoandar.com.br/imovel/893456847/alugar/casa-5-quartos-tijuca-rio-de-janeiro,https://www.quintoandar.com.br/alugar/imovel/rio-de-janeiro-rj-brasil/mobiliado,350,True,5,Tijuca,"Rua Professor Gabizo, Tijuca, Rio de Janeiro",19036941,Banheiro 4,banheiro,https://www.quintoandar.com.br/img/med/893456847-611.98331212434799A7948.jpg,data/external/quintoandar/images/banheiro/893456847_074_19036941_banheiro_4.jpg,True,8905
quintoandar,893456847,https://www.quintoandar.com.br/imovel/893456847/alugar/casa-5-quartos-tijuca-rio-de-janeiro,https://www.quintoandar.com.br/alugar/imovel/rio-de-janeiro-rj-brasil/mobiliado,350,True,5,Tijuca,"Rua Professor Gabizo, Tijuca, Rio de Janeiro",19036946,Banheiro 4,banheiro,https://www.quintoandar.com.br/img/med/893456847-948.704397290368599A7949.jpg,data/external/quintoandar/images/banheiro/893456847_075_19036946_banheiro_4.jpg,True,12979
quintoandar,893456847,https://www.quintoandar.com.br/imovel/893456847/alugar/casa-5-quartos-tijuca-rio-de-janeiro,https://www.quintoandar.com.br/alugar/imovel/rio-de-janeiro-rj-brasil/mobiliado,350,True,5,Tijuca,"Rua Professor Gabizo, Tijuca, Rio de Janeiro",19036954,Banheiro 4,banheiro,https://www.quintoandar.com.br/img/med/893456847-572.359127062075299A7950.jpg,data/external/quintoandar/images/banheiro/893456847_076_19036954_banheiro_4.jpg,True,11260
quintoandar,893456847,https://www.quintoandar.com.br/imovel/893456847/alugar/casa-5-quartos-tijuca-rio-de-janeiro,https://www.quintoandar.com.br/alugar/imovel/rio-de-janeiro-rj-brasil/mobiliado,350,True,5,Tijuca,"Rua Professor Gabizo, Tijuca, Rio de Janeiro",19036958,Banheiro 4,banheiro,https://www.quintoandar.com.br/img/med/893456847-180.181001950596799A7951.jpg,data/external/quintoandar/images/banheiro/893456847_077_19036958_banheiro_4.jpg,True,5052
quintoandar,893456847,https://www.quintoandar.com.br/imovel/893456847/alugar/casa-5-quartos-tijuca-rio-de-janeiro,https://www.quintoandar.com.br/alugar/imovel/rio-de-janeiro-rj-brasil/mobiliado,350,True,5,Tijuca,"Rua Professor Gabizo, Tijuca, Rio de Janeiro",19036966,Cozinha,cozinha,https://www.quintoandar.com.br/img/med/893456847-527.330328511895599A7952.jpg,data/external/quintoandar/images/cozinha/893456847_078_19036966_cozinha.jpg,True,25361
quintoandar,893456847,https://www.quintoandar.com.br/imovel/893456847/alugar/casa-5-quartos-tijuca-rio-de-janeiro,https://www.quintoandar.com.br/alugar/imovel/rio-de-janeiro-rj-brasil/mobiliado,350,True,5,Tijuca,"Rua Professor Gabizo, Tijuca, Rio de Janeiro",19036977,Cozinha,cozinha,https://www.quintoandar.com.br/img/med/893456847-475.848081837121699A7953.jpg,data/external/quintoandar/images/cozinha/893456847_079_19036977_cozinha.jpg,True,24648
quintoandar,893456847,https://www.quintoandar.com.br/imovel/893456847/alugar/casa-5-quartos-tijuca-rio-de-janeiro,https://www.quintoandar.com.br/alugar/imovel/rio-de-janeiro-rj-brasil/mobiliado,350,True,5,Tijuca,"Rua Professor Gabizo, Tijuca, Rio de Janeiro",19036985,Cozinha,cozinha,https://www.quintoandar.com.br/img/med/893456847-607.022715131527499A7954.jpg,data/external/quintoandar/images/cozinha/893456847_080_19036985_cozinha.jpg,True,23315
quintoandar,893456847,https://www.quintoandar.com.br/imovel/893456847/alugar/casa-5-quartos-tijuca-rio-de-janeiro,https://www.quintoandar.com.br/alugar/imovel/rio-de-janeiro-rj-brasil/mobiliado,350,True,5,Tijuca,"Rua Professor Gabizo, Tijuca, Rio de Janeiro",19036994,Cozinha,cozinha,https://www.quintoandar.com.br/img/med/893456847-506.971194915368999A7955.jpg,data/external/quintoandar/images/cozinha/893456847_081_19036994_cozinha.jpg,True,24111
quintoandar,893456847,https://www.quintoandar.com.br/imovel/893456847/alugar/casa-5-quartos-tijuca-rio-de-janeiro,https://www.quintoandar.com.br/alugar/imovel/rio-de-janeiro-rj-brasil/mobiliado,350,True,5,Tijuca,"Rua Professor Gabizo, Tijuca, Rio de Janeiro",19037003,Cozinha,cozinha,https://www.quintoandar.com.br/img/med/893456847-213.5166817673034299A7956.jpg,data/external/quintoandar/images/cozinha/893456847_082_19037003_cozinha.jpg,True,16705
quintoandar,893456847,https://www.quintoandar.com.br/imovel/893456847/alugar/casa-5-quartos-tijuca-rio-de-janeiro,https://www.quintoandar.com.br/alugar/imovel/rio-de-janeiro-rj-brasil/mobiliado,350,True,5,Tijuca,"Rua Professor Gabizo, Tijuca, Rio de Janeiro",19037054,Área de Serviço,area_servico,https://www.quintoandar.com.br/img/med/893456847-395.196063100449599A7966.jpg,data/external/quintoandar/images/area_servico/893456847_083_19037054_area_de_servico.jpg,True,18726
quintoandar,893456847,https://www.quintoandar.com.br/imovel/893456847/alugar/casa-5-quartos-tijuca-rio-de-janeiro,https://www.quintoandar.com.br/alugar/imovel/rio-de-janeiro-rj-brasil/mobiliado,350,True,5,Tijuca,"Rua Professor Gabizo, Tijuca, Rio de Janeiro",19037056,Área de Serviço,area_servico,https://www.quintoandar.com.br/img/med/893456847-758.435852330945699A7967.jpg,data/external/quintoandar/images/area_servico/893456847_084_19037056_area_de_servico.jpg,True,18663
quintoandar,893456847,https://www.quintoandar.com.br/imovel/893456847/alugar/casa-5-quartos-tijuca-rio-de-janeiro,https://www.quintoandar.com.br/alugar/imovel/rio-de-janeiro-rj-brasil/mobiliado,350,True,5,Tijuca,"Rua Professor Gabizo, Tijuca, Rio de Janeiro",19037058,Área de Serviço,area_servico,https://www.quintoandar.com.br/img/med/893456847-883.62728659492399A7968.jpg,data/external/quintoandar/images/area_servico/893456847_085_19037058_area_de_servico.jpg,True,12314
quintoandar,893456847,https://www.quintoandar.com.br/imovel/893456847/alugar/casa-5-quartos-tijuca-rio-de-janeiro,https://www.quintoandar.com.br/alugar/imovel/rio-de-janeiro-rj-brasil/mobiliado,350,True,5,Tijuca,"Rua Professor Gabizo, Tijuca, Rio de Janeiro",19037062,Área de Serviço,area_servico,https://www.quintoandar.com.br/img/med/893456847-140.2632804893251399A7969.jpg,data/external/quintoandar/images/area_servico/893456847_086_19037062_area_de_servico.jpg,True,20388
quintoandar,893456847,https://www.quintoandar.com.br/imovel/893456847/alugar/casa-5-quartos-tijuca-rio-de-janeiro,https://www.quintoandar.com.br/alugar/imovel/rio-de-janeiro-rj-brasil/mobiliado,350,True,5,Tijuca,"Rua Professor Gabizo, Tijuca, Rio de Janeiro",19037064,Área de Serviço,area_servico,https://www.quintoandar.com.br/img/med/893456847-587.1278472237999A7970.jpg,data/external/quintoandar/images/area_servico/893456847_087_19037064_area_de_servico.jpg,True,18995
quintoandar,893456847,https://www.quintoandar.com.br/imovel/893456847/alugar/casa-5-quartos-tijuca-rio-de-janeiro,https://www.quintoandar.com.br/alugar/imovel/rio-de-janeiro-rj-brasil/mobiliado,350,True,5,Tijuca,"Rua Professor Gabizo, Tijuca, Rio de Janeiro",19037065,Área de Serviço,area_servico,https://www.quintoandar.com.br/img/med/893456847-663.8867974823399A7971.jpg,data/external/quintoandar/images/area_servico/893456847_088_19037065_area_de_servico.jpg,True,22857
quintoandar,893456847,https://www.quintoandar.com.br/imovel/893456847/alugar/casa-5-quartos-tijuca-rio-de-janeiro,https://www.quintoandar.com.br/alugar/imovel/rio-de-janeiro-rj-brasil/mobiliado,350,True,5,Tijuca,"Rua Professor Gabizo, Tijuca, Rio de Janeiro",19037037,Garagem,garagem,https://www.quintoandar.com.br/img/med/893456847-246.486757845829499A7962.jpg,data/external/quintoandar/images/garagem/893456847_093_19037037_garagem.jpg,True,27269
quintoandar,893456847,https://www.quintoandar.com.br/imovel/893456847/alugar/casa-5-quartos-tijuca-rio-de-janeiro,https://www.quintoandar.com.br/alugar/imovel/rio-de-janeiro-rj-brasil/mobiliado,350,True,5,Tijuca,"Rua Professor Gabizo, Tijuca, Rio de Janeiro",19037030,Piscina,piscina,https://www.quintoandar.com.br/img/med/893456847-120.9383327596180899A7961.jpg,data/external/quintoandar/images/piscina/893456847_094_19037030_piscina.jpg,True,23884
quintoandar,893456847,https://www.quintoandar.com.br/imovel/893456847/alugar/casa-5-quartos-tijuca-rio-de-janeiro,https://www.quintoandar.com.br/alugar/imovel/rio-de-janeiro-rj-brasil/mobiliado,350,True,5,Tijuca,"Rua Professor Gabizo, Tijuca, Rio de Janeiro",19037050,Piscina,piscina,https://www.quintoandar.com.br/img/med/893456847-634.510060609414299A7965.jpg,data/external/quintoandar/images/piscina/893456847_095_19037050_piscina.jpg,True,23177
quintoandar,893456847,https://www.quintoandar.com.br/imovel/893456847/alugar/casa-5-quartos-tijuca-rio-de-janeiro,https://www.quintoandar.com.br/alugar/imovel/rio-de-janeiro-rj-brasil/mobiliado,350,True,5,Tijuca,"Rua Professor Gabizo, Tijuca, Rio de Janeiro",19037042,Churrasqueira,churrasqueira,https://www.quintoandar.com.br/img/med/893456847-8.11011840616360299A7963.jpg,data/external/quintoandar/images/churrasqueira/893456847_096_19037042_churrasqueira.jpg,True,26495
quintoandar,893456847,https://www.quintoandar.com.br/imovel/893456847/alugar/casa-5-quartos-tijuca-rio-de-janeiro,https://www.quintoandar.com.br/alugar/imovel/rio-de-janeiro-rj-brasil/mobiliado,350,True,5,Tijuca,"Rua Professor Gabizo, Tijuca, Rio de Janeiro",19037046,Churrasqueira,churrasqueira,https://www.quintoandar.com.br/img/med/893456847-211.5280469329776799A7964.jpg,data/external/quintoandar/images/churrasqueira/893456847_097_19037046_churrasqueira.jpg,True,28914
quintoandar,893456847,https://www.quintoandar.com.br/imovel/893456847/alugar/casa-5-quartos-tijuca-rio-de-janeiro,https://www.quintoandar.com.br/alugar/imovel/rio-de-janeiro-rj-brasil/mobiliado,350,True,5,Tijuca,"Rua Professor Gabizo, Tijuca, Rio de Janeiro",19036734,Hall,corredor,https://www.quintoandar.com.br/img/med/893456847-739.152938327469999A7872.jpg,data/external/quintoandar/images/corredor/893456847_098_19036734_hall.jpg,True,21062
quintoandar,893456847,https://www.quintoandar.com.br/imovel/893456847/alugar/casa-5-quartos-tijuca-rio-de-janeiro,https://www.quintoandar.com.br/alugar/imovel/rio-de-janeiro-rj-brasil/mobiliado,350,True,5,Tijuca,"Rua Professor Gabizo, Tijuca, Rio de Janeiro",19036736,Hall,corredor,https://www.quintoandar.com.br/img/med/893456847-207.2978962152233299A7873.jpg,data/external/quintoandar/images/corredor/893456847_099_19036736_hall.jpg,True,22966
quintoandar,893456847,https://www.quintoandar.com.br/imovel/893456847/alugar/casa-5-quartos-tijuca-rio-de-janeiro,https://www.quintoandar.com.br/alugar/imovel/rio-de-janeiro-rj-brasil/mobiliado,350,True,5,Tijuca,"Rua Professor Gabizo, Tijuca, Rio de Janeiro",19037068,Fachada,area_externa,https://www.quintoandar.com.br/img/med/893456847-537.065398787146899A7972.jpg,data/external/quintoandar/images/area_externa/893456847_100_19037068_fachada.jpg,True,29521
quintoandar,893456847,https://www.quintoandar.com.br/imovel/893456847/alugar/casa-5-quartos-tijuca-rio-de-janeiro,https://www.quintoandar.com.br/alugar/imovel/rio-de-janeiro-rj-brasil/mobiliado,350,True,5,Tijuca,"Rua Professor Gabizo, Tijuca, Rio de Janeiro",19037071,Fachada,area_externa,https://www.quintoandar.com.br/img/med/893456847-213.4795944168449599A7973.jpg,data/external/quintoandar/images/area_externa/893456847_101_19037071_fachada.jpg,True,30154
