{
  "num_samples": 512.0,
  "top1": 0.00390625,
  "top5": 0.0078125,
  "avg_latency_ms_per_image": 82.30718733983622,
  "total_eval_seconds": 42.141279917996144,
  "model_size_mb": 97.79505062103271,
  "mode": "smoke"
}